180,0.0006878905772964572,0.07859629972193716,0.07859930994243469,1.5620443497149923
181,0.03947036604677123,-0.010448557173162953,0.04082991725275679,-0.258783182426455
182,-0.05685079754096023,0.13405657602220344,0.14561311326882637,1.9718880039852211
183,-0.007611379133095397,-0.13542663323460147,0.13564035565261168,-1.6269402321527813
184,0.050337247394168116,-0.03089226084858865,0.05906073361852973,-0.5504363908482809
185,-0.09522827161561054,0.05081375292229495,0.10793730217558958,2.6514281695397184
186,0,0,0,0
188,-0.020769390452585412,0.04970136761124877,0.053866441521604476,1.9666239809652046
189,-0.15672296120624196,-0.10713922674739251,0.1898444112353124,-2.5419435770945404
190,0.047191094491608965,0.17995603377221414,0.1860407844810977,1.3143342449966682
191,0.023368001578376152,0.07169648609738033,0.07540855134849656,1.2557239349908398
192,0.13800427922700464,-0.13731995755603066,0.1946842362086749,-0.7829126566008758
193,-0.10952106769894954,-0.03957265392136833,0.11645110222019488,-2.7948649574861713
194,0.06106559069979767,-0.014318017976052033,0.06272170283305264,-0.2303091562385022
195,-0.1287966656708477,0.03806040828129653,0.1343025530899063,2.854262300720361
196,0.010780968424910498,-0.07689097181969373,0.07764309903369296,-1.4314933405899164
197,-0.08030668888437731,0.11662792043404124,0.14160238735396105,2.173811061543189
198,-0.06928559318612315,-0.02454654651438659,0.07350528123159518,-2.8011094195834447
199,0.19742961666008796,0.03820624544744078,0.20109244323380074,0.1911554668451238
200,-0.11569102123701214,-0.05344784244005041,0.12744051261808093,-2.708814496446047
201,0.07496392828983289,-0.02230138873244414,0.0782108846902961,-0.2891569851580745
202,-0.021304955754828825,0.13924142266540684,0.1408619001916476,1.7226261050704395
203,-0.11943605171023819,-0.07975883287969054,0.14361908602432022,-2.552809101854495
204,0.07276414897415862,0.08788632217510894,0.11409919807518629,0.8792525111439349
205,-0.008547750406762589,-0.17651606299102696,0.1767229032436614,-1.619183302308212
206,0.16649416851208798,0.05642318903602472,0.1757950067821226,0.3267430838198616
207,-0.08311166171023388,0.07731732048455342,0.11351438833534495,2.392296593149494
208,-0.011988646864836028,0.03480648366740979,0.036813298669630345,1.9025068290688414
209,0.08048495547171797,-0.18187044437354416,0.19888360061582464,-1.154163388515395
210,-0.1893273007958669,0.03345624769423239,0.19226062346831838,2.966687154170321
211,0.05922499581578222,0.008404244395933347,0.05981832038135139,0.14096252894649813
212,-0.036503681122553644,0.057204219127470424,0.06785898187772,2.138781187182447
213,-0.09225932774370449,-0.04018879253635532,0.10063261201643575,-2.730772344404338
214,0.09059613342515149,0.017248053014554898,0.09222339575390155,0.18813252766617494
215,0.10852075465686539,-0.02901793848326406,0.11233340974578342,-0.26128251672615965
216,-0.013480499368995424,0.08191848801601509,0.08302025380633025,1.7338944934593397
217,-0.04732009932990877,-0.06183556645908084,0.077864170707122,-2.223990615399779
218,-0.015795297982549528,-0.006746607135028171,0.017175801180496535,-2.737921322145388
219,0.08689025427941033,0.14531050326024797,0.1693075859094539,1.0318762211452532
220,-0.059837322320618114,0.0422385973667474,0.07324345875238104,2.526924264097863
221,-0.03992133222106986,-0.12377110027176741,0.13004998280964492,-1.8828031084814947
222,0.09324487149319793,0.0779149543959079,0.12151274080646607,0.6960715844083204
223,-0.029032029007794335,-0.07455150194749649,0.08000490704286196,-1.9421510061410636
224,-0.06727828865592755,0.031200419605170282,0.07416086776736774,2.7073618568906777
225,-0.09901643945681826,0.009995801614991251,0.09951970323826341,3.0409825754964928
226,0.02942634946356293,0.01927708282249796,0.035178345113111506,0.5799492841948919
227,0.03987653705229377,-0.04268123700393289,0.058410839742883754,-0.8193576751313995
228,-0.04149201314146467,0.034949586495997664,0.054249983878087,2.44157367781536
229,0.058673228993029625,-0.05346642416935765,0.07938013803166484,-0.7390000538596223
230,0.061570233800580354,0.1337434257516179,0.1472351779366489,1.1393598182974036
231,0.03811958767460055,-0.05309810169234197,0.0653644503366459,-0.9481519636168482
232,-0.09583042359378169,-0.078006098556898,0.12356545430755358,-2.458372392882654
233,-0.0655910429501887,0.07620230581272835,0.10054340518636751,2.281497616223884
234,-0.09945779241377295,-0.126944796041073,0.16126634402047682,-2.2353781397912362
235,0.13481189161797147,0.0031821325569012515,0.1348494423022408,0.02359985999954289
236,0.008462855072309594,0.05696230062022778,0.057587529968944826,1.4233057875336528
237,0.2500131758673092,0.0642320866195405,0.2581324254307433,0.2514760530778618
238,-0.25885318086676534,-0.07947518007324561,0.2707790122821877,-2.843700669343424
239,0.003604304237683209,0.16273833213006128,0.16277824103212296,1.548652096683961
240,-0.1237925077541604,-0.06495156000102043,0.13979731800943113,-2.6583958645088783
241,0.122116593833141,-0.16421143131026383,0.20464079911487304,-0.9313686287216938
242,0.12857972720615862,0.18228240202569168,0.22306864489808076,0.9564637371821999
243,-0.021849258566987828,0.07699254147132706,0.08003275293366528,1.8473105597961148
244,-0.16675154971420625,-0.11742831284635713,0.20394971926931235,-2.528045952814914
245,0.012481725058819393,-0.0014216626445886504,0.012562427516964177,-0.1134107873953732
246,0.06626912760845016,0.07176307804689941,0.09768078953791491,0.8251791116483046
247,0.048083106220019545,-0.10034891473941343,0.11127394031462959,-1.1239599266043767
248,-0.07601021735729319,0.08369528637825852,0.11305951576334324,2.3081113288338986
249,0.16440861833223153,0.047978993216247545,0.17126639358601004,0.2839425350269248
250,-0.009705865437922512,-0.13899225578450114,0.13933072522585693,-1.6405134146664104
251,0.007768277734214735,-0.0927606750913128,0.09308538543913322,-1.4872459065975911
252,0.08905331140323369,0.0729936255312964,0.11514582771461777,0.6866155800115307
253,-0.010499615043215726,-0.03597790297055781,0.03747867951535372,-1.854745660515654
254,-0.03551576059726358,0.07274814667357532,0.08095469161970892,2.024960732981446
255,-0.0012595221307947213,0.08643291255668828,0.08644208910611823,1.585367546848794
256,0.048818426981995344,-0.021300076672446266,0.05326285834658614,-0.41141305778030174
257,0.1321819411858769,0.14264026748401193,0.19446930730471862,0.8234346897721957
258,-0.026235545036627173,-0.04086748230156445,0.04856392625228706,-2.141503183813373
259,0.02478831122431302,-0.04170278526748916,0.0485137369455262,-1.0345015358215814
260,0.11034870046233891,0.24005324940344508,0.2642014349750576,1.1399182143551119
261,-0.013128274297685039,-0.08421680973435741,0.08523392885387963,-1.725438334800915
262,-0.13929951516564643,-0.11070307456384398,0.17793123852565113,-2.470084084841852
263,0.09317222346902554,-0.042352309820444134,0.10234637938534476,-0.42663904903221533
264,-0.03834774032884525,-0.05261199639488723,0.06510431132409106,-2.2006419159203685
265,-0.16383253200245917,0.016990420766546777,0.16471118037389298,3.038256031125342
266,0.1860642957645382,0.18686754877899148,0.26370324788485694,0.787552046966393
267,0.11779623786839011,-0.004335453715100357,0.11787599337805015,-0.036788082563511695
268,-0.2360411788428678,-0.1555118661415804,0.2826647813583566,-2.559032545611044
269,0.014906669358765612,0.07011687792038401,0.07168392679446067,1.3613176972572159
270,0.03870616077426803,-0.11717103538541096,0.12339861593702221,-1.2517431033584487
271,-0.10112815957677412,-0.06689907928233652,0.12125341837742076,-2.55715623626334
272,0.0850138020329041,0.15795527271626497,0.17938008449925383,1.0770465680981463
273,0.10139433978429224,0.0382065164388905,0.1083538187545216,0.3603575699895203
274,-0.05591427719633657,0.015991991042312748,0.05815625651541006,2.863020469118931
275,-0.00211786257688118,-0.12589390967258396,0.12591172238732692,-1.587617337687466
276,-0.08715552081912392,-0.11690425684832917,0.1458173174849711,-2.2114298884822805
277,-0.0820268845846499,0.20050593048864584,0.21663572640675213,1.9591224412986608
278,0.10849034423188186,-0.04701547764489078,0.11823962926924901,-0.4089310716794251
279,0.09263992996073966,0.09057369887790401,0.12955983772587853,0.7741209265266291
280,-0.08266983436544706,-0.06759979294588447,0.1067896695394124,-2.4561469721957327
281,0.10447907906194587,0.101143520246751,0.1454162633598363,0.769177834047527
282,-0.2257801154992194,-0.10726636862187888,0.24996546639919212,-2.6980691043766583
283,0.13582118906896312,0.03706252057168058,0.14078716500886462,0.26639169293219034
284,-0.017564769817624892,-0.15460926025872368,0.1556038061761212,-1.6839188016623388
285,0.013973835043145755,0.1751022867358074,0.17565898464331953,1.4911612557209537
286,0.06130102309145968,0.0917494683870359,0.11034391864241261,0.9817779336209921
287,-0.052881595405210646,0.09703678436176233,0.11051063592193992,2.069765234595103
288,-0.060843302833347934,-0.2020590395028421,0.2110207642495913,-1.8632770821671836
289,0.12810582230792988,0.06929247129482974,0.14564528240672853,0.49583000472241134
290,0.0003106876553715665,-0.18111324123486838,0.18111350771662182,-1.5690808953416295
291,0.11678717297098729,0.19786464545336457,0.22976000890263945,1.037585913751068
292,-0.0726166232488481,-0.0846336056941368,0.11151690986059366,-2.279923241877479
293,-0.12665219102734682,0.002155257227570928,0.1266705278497905,3.124577162547737
294,0.002099623390108718,-0.006479902950218275,0.006811575487692926,-1.2574503280891096
295,-0.04171876055198709,-0.029737646933767792,0.05123263244409234,-2.5223194666582023
296,-0.021135019153518897,-0.12361902392910906,0.12541272707267492,-1.7401281016487036
297,0.10576333828112183,0.0029191538522468363,0.10580361611769278,0.027593804840497182
298,0.007211830389053375,0.07407550047952327,0.07442573660268553,1.4737443573302094
299,-0.06269837283213064,0.10927273341218324,0.12598260285915244,2.0917123235390047
300,0.04197044062357236,-0.047957358656788074,0.06372931927670826,-0.8518747865251748
301,0.0388056647710755,-0.029451695446084614,0.04871634205247774,-0.649206771218851
302,0.001629109074713142,0.07601308033713394,0.076030535830789,1.5493676502568714
303,-0.017208470914397367,-0.04187441670615044,0.04527248883916137,-1.9607102377194838
304,-0.08743786695180233,-0.2285667898064503,0.2447205712225826,-1.9361683216158212
305,0.17898285261566116,0.16231651490903687,0.24162266562277446,0.7366049018687283
306,-0.08200096394881484,-0.10723822955816331,0.1349970220682818,-2.223615060566314
307,-0.08209608276354174,0.02179269241514703,0.08493932097573834,2.882123229064921
308,-0.07806543075770378,0.06242767010985517,0.09995711817940105,2.4670444694711735
309,0.04328035034330924,-0.2065307160228258,0.21101688412717287,-1.3642266360045394
310,0.09184139544902337,0.09243678865766469,0.13030503372995864,0.7886291000368874
311,0.0891257447518683,0.11724871766722345,0.14727749377343252,0.9208354949763983
312,-0.1172557694061993,-0.1889708565173578,0.2223935702126831,-2.126150668283184
313,-0.050230577581828584,-0.07050273898221349,0.08656643187863425,-2.189837695207651
314,0.13715610046790516,0.07538237926911506,0.1565065461884416,0.5025438208163102
315,0.08470331950229593,0.023136963863521487,0.08780644299554517,0.26664823853190195
316,-0.09701310834037713,-0.07884582340966517,0.1250128275778524,-2.4591353392233772
317,0.07929217384236154,0.41148188182199874,0.419052010972887,1.3804306513643945
318,-0.15351637499287563,-0.087736403177189,0.17681898606604288,-2.622383881683254
319,0.06969042920479751,-0.23900458246197331,0.248957720026054,-1.287076411119358
320,0.05483153998210355,-0.037998653380952874,0.06671128416973264,-0.6060173930977184
321,-0.15125519644243468,0.07043757375845416,0.16685198904363466,2.7057702931945324
322,0.043670826035906884,0.0895250522772244,0.09960861424544669,1.116951704242867
323,0.21141427345327202,0.03146731377194101,0.2137432732410465,0.14775719329214104
324,-0.19048351121028873,-0.022511553430149434,0.19180911886779176,-3.0239571780320387
325,0.012442056612826491,-0.12238451431818476,0.12301534098499566,-1.4694807673636467
326,0.012315458655734801,-0.015943026893182832,0.020145734745048747,-0.9130708446721452
327,-0.0024622976499131255,-0.009343266779637815,0.009662274257764126,-1.8284746758379573
328,-0.009244519961214337,0.08547542891943749,0.08597389195723956,1.6785316796565033
329,0.04609653772473621,0.23725602260958567,0.2416925961934462,1.378896867330033
330,0.020269782210448284,-0.08335203317983542,0.08578126547254587,-1.3322440560233855
331,-0.18366404103772993,-0.126514339267203,0.22302098109937077,-2.5383989056470093
332,0.052488083281161835,-0.01686068482990777,0.05512967966044844,-0.3108172197769891
333,-0.022201126746210775,-0.15015663502879306,0.1517890149911102,-1.7175859763617929
334,-0.05607025185679504,0.22848652269658487,0.23526573103038492,1.8114395073788747
335,0.024265499749276387,0.09309236525871256,0.09620292587828962,1.3158097178274242
336,-0.05300357863171712,-0.07170273014997974,0.08916647833535557,-2.2073578304506647
337,0.043103968171692486,0.021763054820326033,0.04828646422403276,0.4675573565490907
338,0.02358220976401526,0.14372905082882426,0.14565081760672943,1.408171235426917
339,-0.06280539215066483,-0.28282778629488803,0.2897172310782803,-1.7893128825692375
340,0.01513457251166983,0.14459951755031852,0.14538939356395936,1.4665105897237252
341,0.12132683122348453,0.042478660890992614,0.1285481878745237,0.33677959584336725
342,0.036942400766236005,0.02011039078996646,0.042061488229713916,0.49851165186119184
343,-0.11570675916084383,-0.081171313304651,0.1413394361779731,-2.5298431847086302
344,0.08754635362930685,0.13430400351785465,0.1603182129226482,0.9931201683354428
345,-0.1316551853815895,-0.08494168406491553,0.15667858031538523,-2.568611199945156
346,0.0243195918826018,0.054218904823528646,0.05942333034759302,1.149153449678759
347,0.11889790146227597,0.023430176856606977,0.12118450461863912,0.19456831131067923
348,0.09452093079892165,0.09796448731430019,0.13612952337332346,0.8032862156394635
349,-0.1625140270680845,-0.17369919522872124,0.23787017344970243,-2.3229386760068427
350,0.03432385561308138,-0.03034774268326146,0.045816073054301666,-0.7239938610142913
351,-0.17025210182112005,-0.06394369116907228,0.18186416308562478,-2.7823114933115436
352,0.1467067924886578,-0.05122647731656116,0.15539316246403592,-0.33594047216615164
353,0.008729778326312498,0.17278719813515409,0.17300758616032869,1.5203159562040307
354,0.15186342664850372,0.014589670738530458,0.15256263908861895,0.09577705583833945
355,-0.19309541087318394,-0.22618829532302698,0.29740037431284544,-2.2774305833637274
356,0.17867245619873984,0.09269342306811268,0.20128566090055874,0.47856609767138
357,-0.11927111210110297,-0.018302109244814346,0.12066716779904545,-2.989330693905232
358,-0.1697555314470378,-0.025389908700788055,0.1716437820624464,-2.993125725756163
359,0.11930837085697021,0.09130602087782336,0.15023740148540193,0.6532178447389545
360,0.0004957833609182671,0.010301721036114486,0.010313644236974976,1.5227071655020483
361,-0.0012555861630403342,0.1023383890304217,0.10234609111223913,1.5830646767321668
362,0.04569679300959706,-0.02759095718641902,0.05338031294236449,-0.543196643065173
363,0.04599519795607421,-0.20667616917296527,0.21173237149531626,-1.3518177396648432
364,0.0731844147505285,-0.0014594275129979906,0.07319896509543744,-0.01993913738377814
365,-0.11635822628869619,0.044839497383691196,0.12469890677417135,2.7737726318298765
366,0.08564817251095747,0.041672994034058775,0.09524834846982612,0.4528380962997508
367,0.08988214435197506,0.07085595299781744,0.11445246152240762,0.6675787215221253
368,0.01424153756056512,-0.03310549714967692,0.03603880316570258,-1.1645408917976587
369,-0.28383158354449733,-0.26230969135019677,0.3864799373752957,-2.3955812989046708
370,0.06963224751893904,-0.030871186034516995,0.0761687601429651,-0.4173067895414908
371,0.1008826915830241,0.24767527446465465,0.2674329056832341,1.1839969654568008
372,0.04427243564083483,0.05182054346693121,0.06815729808890585,0.8637872496576086
373,-0.17277985324784595,0.008579577618888834,0.17299273638065188,3.091977283338566
374,0.05969779422639476,-0.015558183247947,0.06169184469177162,-0.25494469896966826
375,0.003794948408710752,-0.303855477160198,0.3038791743994254,-1.5583076557112898
376,0.06670373309572142,0.0842558553682693,0.1074636551246232,0.9011487651579374
377,0.07418304003277854,0.033609825026417184,0.08144165866932722,0.42540081881757175
378,-0.12283098648867963,0.050828664450477845,0.1329323300465371,2.749238264265668
379,-0.019089176316697376,-0.0824104728696966,0.08459245055592703,-1.7984173175711935
380,0.1925939916243351,-0.11313020548851682,0.22336268489537034,-0.5311051852856292
381,-0.19989022042631177,0.10949440792603582,0.2279147331550829,2.6404610616024127
382,0.011848527843710599,-0.07958102421611102,0.08045823156985514,-1.4229957056579894
383,-0.0643641579400196,-0.035504335533232734,0.07350716066468736,-2.6375091673041324
384,0.022266043842023464,-0.1255910703060863,0.1275495732999653,-1.3953295518860995
385,0.15967034624469534,0.30674758371662847,0.3458159909343275,1.0908624309403598
386,-0.0031129107725860194,-0.05387834837381433,0.053968200238364294,-1.6285088218541541
387,-0.06646185298785667,-0.21006501881714712,0.22032814171872792,-1.8772184989089975
388,-0.15056756547124905,0.07509344997242806,0.1682546225240199,2.678956837461204
389,0.06867829640106038,0.09561527581331575,0.1177242089181675,0.947908652078914
390,-0.06585407408744004,-0.08095919598633827,0.10436067501060144,-2.2536686172891494
391,0.023980127115748928,0.12169587240737201,0.12403601032554555,1.3762392602208398
392,0.12708646133847878,-0.03299065224894093,0.13129871207040536,-0.25398602879792476
393,-0.10099881877221151,-0.2261457158646749,0.24767447627345113,-1.9908271125551766
394,-0.11600626562312755,0.01650469898100937,0.11717447995309113,3.000266926640225
395,0.09673178322242393,0.016408861229535887,0.09811365150803521,0.16803302836737857
396,0.060411267631081955,0.08365552089230732,0.10318801981120423,0.9453632056598746
397,0.14624224856595447,0.06948487273939463,0.16191029246232705,0.44355882422856113
398,-0.10877369406460957,-0.02052999779402853,0.1106941612276099,-2.9550466356141336
399,0.003210371486886743,-0.0418606680905782,0.04198359224832205,-1.4942543203911989
400,0.11598450549183781,-0.05318736582535166,0.12759820295609942,-0.4299603440883289
401,-0.03340420968623903,0.1516789486558423,0.1553136976898814,1.7875657190312726
402,0.01168523628962248,0.09301858327978607,0.09374967510622534,1.4458283576546207
403,0.0020666280481123067,-0.03489971005387815,0.034960845432197546,-1.5116492011912892
404,-0.0687494879785504,-0.11024416459400754,0.12992408523573862,-2.1283962801594374
405,0.09776487562959346,0.018518384121136933,0.09950327360106226,0.18719973927990394
406,-0.2530276422363045,-0.07639902914900176,0.26431004405919445,-2.848357491031811
407,0.17138548816109278,0.1711613295729535,0.2422172295552017,0.784743775312265
408,-0.07937040551928476,-0.01643276162434404,0.08105366695528476,-2.9374381707451134
409,0.018378383493995898,0.011690622153082586,0.02178154324602658,0.5665466773863239
410,0.050998002133724185,-0.02866042761297649,0.05849971224365126,-0.5120028574786856
411,-0.0879752589189593,-0.024099989479566375,0.09121653180631863,-2.8742116855764217
412,0.08902998484143154,-0.08382984450781805,0.12228565341474233,-0.7553242444349189
413,-0.011475855842775218,-0.01592936058801797,0.019632620713171695,-2.1950970015338886
414,-0.03156026923358013,0.14714354746843128,0.15049011314930477,1.78208139375624
415,0.07105946048983469,0.07314607775185777,0.10197938818990435,0.7998668979433082
416,0.05145157922737553,0.009682115319151308,0.05235464031052306,0.18600397013665587
417,-0.125969901285373,-0.21088605402741223,0.24564475124272298,-2.1092549434020027
418,0.006630421623015081,0.03798555299141526,0.03855988494488233,1.397986214500693
419,-0.09770111277578053,0.038102012333695257,0.10486787297119576,2.7697492097831677
420,0.011201981779322523,-0.016107145040791693,0.019619493294919067,-0.9631193811130616
421,0.09889301094239045,0.08079820501944823,0.1277034750804243,0.685037038044996
422,0.13344244807558425,0.05185061831031135,0.14316205351826508,0.3706070102877878
423,-0.07955261684281822,-0.13459793653680663,0.15634968297539484,-2.1046007294436926
424,-0.1528303156522952,-0.005792079295588337,0.15294003257795707,-3.1037120238666245
425,0.05270240079272526,0.001680957823054996,0.052729201288469536,0.0318844706822642
426,-0.04104736769875217,0.0032255760671660028,0.04117390843679571,3.063172006384528
427,-0.04968200771781994,0.07778609417385951,0.09229831167306399,2.1391869942098602
428,0.01900004138855138,0.053455052919559876,0.056731333982197284,1.2292838021880284
429,0.009535598669060619,-0.03178797786051746,0.03318739487272448,-1.2793624679558886
430,-0.05000370670416032,-0.023726273572151513,0.05534714754868821,-2.698560272407087
431,-0.13782086293207385,-0.04179345025187331,0.14401834169055447,-2.8471617081995344
432,0.1712393422217815,0.0024983754283880444,0.17125756685276586,0.014588926497471245
433,-0.09888831185185154,0.0026520623829355827,0.09892386797831969,3.1147803157211316
434,0.03629407073748325,0.03839447989093969,0.05283366026306724,0.8135129907485893
435,-0.08622133943447352,-0.009485474988423448,0.0867415333599234,-3.0320202046366327
436,0.0560556780470165,0.16125090231292916,0.17071640969175925,1.2362342755328881
437,-0.04492647199271005,-0.09584341973379651,0.10585059750412586,-2.0091317659986423
438,0.04291134026573218,-0.14069996009072838,0.1470981369458295,-1.2747726767585243
439,0.07575912740378499,-0.07703054632844442,0.10804235490140682,-0.7937193381751173
440,-0.10886643018073983,0.2841184179047218,0.30426168837528667,1.9367128090721841
441,0.07784217966928964,-0.04283218951758272,0.08884819297282354,-0.5030304961447687
442,-0.02352714999079808,0.024462200933555778,0.03394003625812983,2.336712404652304
443,0.021610739689606362,-0.2217417390099854,0.22279233130676737,-1.4736440920950356
444,-0.08192119301980938,-0.007008472841903313,0.08222043880547318,-3.0562490587990427
445,0.03751611863316384,0.11251869761446187,0.1186082479010306,1.2489666988650512
446,0.05393779234742624,-0.025543980024337998,0.059680653136488473,-0.4422909285569813
447,0.07686216113296496,0.057186387127956095,0.09580226869327434,0.6396579024808902
448,5.715000838790729e-05,0.05237881000601874,0.05237884118391765,1.5697052369877256
449,0.03607619914168936,0.03128648609344964,0.04775286752213364,0.7144142697987869
450,-0.14688352552019524,-0.167119164613041,0.22249401171762476,-2.291839323432252
451,0.06799238380494899,0.016675462549699205,0.07000739465746393,0.24050768660893945
452,-0.039675057079762155,0.07063060501519658,0.08101106417703138,2.0825977342361077
453,-0.03287065370801656,0.051695647845065196,0.06126107966166885,2.1371595407863744
454,-0.09771364978905694,0.0725227059737108,0.12168607248509493,2.503104671090663
455,0.0895541613409705,-0.140393282760499,0.1665239371914861,-1.0029880797650839
456,-0.09395015916680904,-0.028249240391232888,0.09810531071328615,-2.849509130521722
457,0.17831377410874438,0.02751206624969882,0.1804237119289816,0.15308306973690583
458,-0.09834951279151483,0.04977626966962134,0.11022841597587803,2.673064161929979
459,-0.06721501542091346,0.017682207254779314,0.06950193343666494,2.884351794398743
460,0.08372347489159893,0.003491170716927172,0.08379623214022767,0.041674683909166725
461,-0.044562434241242954,-0.14800017044808556,0.15456345298345103,-1.8632594059489442
462,0.06693013343982557,0.005321031329572179,0.06714131467794733,0.07933441836719883
463,-0.06236223303164934,0.19657738086965537,0.20623218657199774,1.8779937549904273
464,-0.08346942889949105,-0.09843759541632835,0.12906241029887805,-2.2740947409919228
465,0.06052758174058681,-0.1120571128972756,0.12735927411160988,-1.0755474039106394
466,0.0668728290302738,0.21794000391804502,0.22796890263873648,1.2730756804167522
467,-0.032636926417183076,-0.13153109701374888,0.13551973453191546,-1.8140150428670474
468,-0.11816058379486094,-0.04128248560385828,0.12516456040099816,-2.805473742659523
469,0.13159924137835333,0.15443915258867946,0.20290345532707796,0.8650782169584227
470,0.016010213585104793,-0.12121247842134153,0.12226525207140768,-1.43947263072601
471,-0.0706449638590243,-0.12491637611600481,0.14350892634466342,-2.085490627764765
472,0.06642324985028836,0.1620741609251013,0.175157305757566,1.181842545423751
473,0.020395034669149936,0.0038349405410826876,0.020752450653102814,0.18586284510627274
474,-0.18064096668246066,-0.03432478200619471,0.183873188648445,-2.9538146871271223
475,0.009930877283863992,0.11306337524575838,0.11349867464243948,1.4831865575321557
476,0.06519148119843976,-0.06089186136165381,0.089206210551359,-0.751309962477274
477,-0.10040004903737554,0.011546289731029447,0.10106179621033998,3.027092834158694
478,0.07642703743488255,-0.06423626062991161,0.09983681300395596,-0.6989478106142145
479,0.004215708091521719,0.09200337067744613,0.09209990450985536,1.5250071197431299
480,-0.026457858880064578,-0.18047251539456965,0.18240160939355934,-1.7163626341816307
481,0.05894477401346876,0.018382213986569695,0.06174457202497188,0.3022970132319002
482,-0.12074636545406747,0.034123865887295324,0.12547558724095031,2.866167370189522
483,-0.09298047650787566,-0.00037412193432828644,0.09298122917478217,-3.1375690141183004
484,0.2132001994074244,0.14832377930912344,0.2597195959797933,0.6078354907945239
485,-0.053656829385658966,-0.16781695868525048,0.17618622807157427,-1.8802581875962265
486,0.008234766736620713,0.13503694168304037,0.135287793249485,1.5098901654146135
487,-0.00014966353347745098,-0.01796046315928379,0.01796108671737997,-1.5791290779152085
488,-0.05469029309927009,0.007569651340702421,0.055211663448078326,3.0040570628430476
489,0.0576087575215638,0.017975280533448768,0.060347987981659475,0.30245061385754146
490,-0.0887137012601329,-0.0005465928229000383,0.08871538510870677,-3.13543141920604
491,0.07380319936697788,-0.007370293211806711,0.07417030038249736,-0.09953413821602411
492,-0.008996891380263605,-0.17680183835858543,0.1770306021609926,-1.621639337087735
493,-0.04367817593578138,-0.046743528051422345,0.06397452983626514,-2.3223068448374904
494,-0.03862495604494143,0.1263057466585451,0.1320796307855463,1.8675704607709465
495,-0.011722306341482636,-0.06887096329944598,0.06986144896691736,-1.7393874693447549
496,-0.09146957830881774,0.044218988712373175,0.10159725743708797,2.691290024638548
497,0.1563407431701762,0.15855962527280099,0.2226737136297279,0.7924443456294629
498,-0.07081513869354694,-0.06209239266991062,0.09418199984955013,-2.421730689019238
499,0.020055362846335356,-0.14227359770825387,0.1436801802050242,-1.4307556799608496
500,-0.0012173288427561602,0.045582558924081695,0.04559881103251252,1.5974960029626795
501,-0.0723697362236635,0.06671995733785252,0.09843236981932058,2.3967918523236116
502,0.014816626814024403,0.014057729574858513,0.020424303928063707,0.7591214714764383
503,0.10092135433592375,0.10422257150815994,0.14507744198451594,0.801488974973027
504,-0.03617444144242654,-0.04020831879410025,0.05408603437043191,-2.3034321471211623
505,-0.10019305838477521,-0.11624952483663265,0.1534685667269941,-2.282146633451007
506,0.15214768105528265,-0.06819969157015748,0.1667336642096149,-0.42139490020135656
507,-0.18790820139122388,-0.021923403612504444,0.18918278932302887,-3.025446930875686
508,0.029537497803971746,0.06646479015739715,0.07273260690492589,1.1526022630148558
509,0.17255169621711275,0.18808628586339182,0.25524603581111366,0.8284468522540211
510,-0.13492213215431548,-0.08750429869809295,0.1608135070064441,-2.566234571736304
511,0.024887194438235838,0.08638035433955338,0.08989403797156603,1.2902815572334576
512,-0.077893825593776,-0.18586181971625138,0.20152435111884104,-1.9676550769070036
513,-0.0460576215955939,0.024535305158963183,0.052185110005502175,2.652121600141445
514,0.09145782528031532,-0.13535760381483897,0.1633591586520315,-0.9765826997626746
515,0.08847776143488773,-0.016366056213428237,0.08997867560989103,-0.18290630708225705
516,-0.1253492775431937,0.11595530113044106,0.17075735193792352,2.395104796501641
517,0.032180338371063044,0.10679217547453845,0.11153538864531169,1.2781141976735935
518,-0.027877577273670795,-0.15373525423558476,0.1562424004856856,-1.7501820350205073
519,0.09903493216006609,-0.05214822736610358,0.11192566910845665,-0.48467225695234817
520,-0.07605190294202657,-0.014673926965599549,0.07745460653631377,-2.950988685918081
521,-0.034253408998722534,0.00996823868268848,0.03567438591579136,2.858399686769834
522,-0.02072633698548998,0.012531090939944534,0.024220018269630803,2.5977995149530644
523,0.11795728737575928,0.11896672395550922,0.16753209559291554,0.7896587297544128
524,-0.21103379577112946,-0.1338305399337969,0.24989172930799927,-2.576428916886115
525,-0.0168650799167267,-0.07775200761676615,0.07956007547152805,-1.7843960523362277
526,0.0050885291573763425,-0.017999427696167913,0.018704879747676696,-1.295280994826756
527,0.07915539318526044,0.12129132605082305,0.14483494759718815,0.9925916131277016
528,0.04089154069737333,0.12155880075226833,0.12825232996298588,1.2462945230850897
529,-0.03285389322695664,0.06340223013148716,0.07140883058708024,2.048883493970991
530,-0.06595694380524719,-0.16828651978323705,0.18075030062736375,-1.9443286092995578
531,-0.005602794806691236,-0.11570076037327226,0.11583633825617613,-1.6191834029133105
532,0.03892274059398915,0.11489881267277724,0.12131247622961508,1.244172725334845
533,0.021477587604294968,0.13496167945112347,0.13665994910568335,1.4129812574002403
534,0.13722035612335048,0.06200865962932767,0.15058054324395612,0.4244254648714489
535,-0.15048085235747521,-0.08903652754912628,0.17484847772925727,-2.6073131784837886
536,-0.009681401237969567,-0.03793552198948191,0.039151415792344275,-1.820669424166624
537,0.06972300731177938,-0.2901123075015448,0.2983730026535064,-1.33493831099546
538,-0.11684714050517186,0.08579480194111966,0.14496207188210067,2.508249153968145
539,0.09996956960878833,0.27723577848070136,0.2947093342898506,1.224714959850857
540,0.03461357622336436,-0.18644659987131718,0.18963236607326742,-1.3872373624195453
541,0.044450886658523814,0.5264752344781414,0.5283484208773059,1.4865649919313353
542,-0.12875888022699655,-0.33276555974703115,0.3568077451388422,-1.9399899075373257
543,-0.05490223987413856,-0.4082843835996073,0.4119592137997507,-1.704465079102564
544,-0.07354305634083858,0.06335136837810751,0.09706686876236627,2.430506651282782
545,0.08858147689943507,0.2881934802554156,0.30149985093099757,1.272593607924298
546,0.02232317666431527,-0.11848935400746541,0.12057384139809384,-1.3845808585199018
547,0.15054216067767356,0.3986391443424395,0.42611748326438664,1.2097129843139964
548,-0.1084648467008833,-0.12729616836526247,0.16723916243010595,-2.2764890876538177
549,-0.13677039436100813,-0.22570097298404335,0.2639073132363132,-2.1156016726559868
550,0.04282179867237801,-0.051955549308217996,0.06732819279808679,-0.8814720820459964
551,0.2854018338140918,0.2998849079315278,0.4139869137419048,0.8101383771073023
552,-0.15449986959163198,-0.32529848613228296,0.36012402694597645,-2.0142022455616244
553,0.16751638194966745,0.17151309332894016,0.2397466984230828,0.7971863014239086
554,-0.04679295017319873,-0.04423148393033216,0.0643894739580212,-2.3843274905403207
555,-0.19834354577517388,-0.133494501436644,0.23908355038456042,-2.549185987724225
556,-0.08296734572508058,-0.13647921255926576,0.1597189904722112,-2.1170131442315134
557,0.18493714077612822,0.31420095630011247,0.3645874202140752,1.0388049967219368
558,-0.1334081274366099,-0.18468007680797882,0.22782550172433222,-2.196381256458827
559,-0.008802516073785682,0.36872159608486754,0.36882665265487724,1.5946648619864392
560,0.1284363714197525,-0.27168920492169946,0.3005177624940959,-1.1291995284847256
561,-0.08670213903639024,-0.16796649536070163,0.1890238198673441,-2.0473096024087427
562,-0.13562438340449035,0.02501508442924205,0.13791202928987126,2.9591986793274483
563,0.16158127571839032,0.22244624264413915,0.27493788303774674,0.942581902593187
564,-0.057888135592179424,-0.051614690585211065,0.07755715651405501,-2.413422191054636
565,0.13683563503286678,0.0762936961668288,0.15666754319144827,0.5086267777520522
566,-0.04532098039055654,0.05879773878115202,0.07423722347540887,2.2274737008321113
567,-0.012808956601816135,-0.3010635366169936,0.30133589638401703,-1.6133163758114133
568,-0.13553868063564778,-0.025651922955034934,0.13794475379565244,-2.954545930547869
569,-0.017484438295980453,-0.16854717165875854,0.1694516292535807,-1.674162774194594
570,0.01361383027779084,0.20212693105446533,0.20258487760030133,1.5035450204705656
571,0.07154283590813293,0.30987875887745986,0.31803022273553333,1.3438983543053487
572,0.20340631191749026,0.10674046786704139,0.22971211376057257,0.48326258529983646
573,-0.17447701821771489,-0.3945521594128536,0.43140889696839896,-1.98715770209486
574,-0.09515710823950485,-0.11816558809306343,0.15171678040969752,-2.2487522132510653
575,0.1082515958988779,-0.09386544651283657,0.14327990111564198,-0.7143406792053434
576,0,0,0,0
578,0.18030408646222895,0.008974819484080854,0.18052731366679883,0.04973496995908544
579,-0.12234165701880784,-0.2519378114646429,0.2800716727691352,-2.0228598208908877
580,0.0466460177068484,0.06811199690218928,0.08255358920066078,0.9703155080884528
581,0.019038625465043424,-0.02314099868442554,0.029966232324247645,-0.8823528152375408
582,0.006304032462196574,-0.023994839377849075,0.024809134246345736,-1.3138779690951268
583,-0.042650558746800016,0.14326464352467383,0.14947852101779074,1.860146020017672
584,-0.08553936114208227,0.27062251164545614,0.28381953088871564,1.8769427091988586
585,0.11212904956056491,-0.3940174677285313,0.4096616758137864,-1.2935466972931657
586,-0.04394509660045287,-0.27282767210340353,0.27634418789000326,-1.7304973622985895
587,0.03363655112889319,0.29411168762027273,0.2960288877232956,1.4569244862524013
588,-0.05681414208265778,0.04962520417706173,0.07543545340357868,2.4236323011315233
589,-0.07451421284582693,0.04832872269355448,0.08881460101370545,2.56621354109355
590,0.32255195531757863,0.23192313645711238,0.3972758551728227,0.623381075809655
591,-0.2952587174137875,-0.05251253462313343,0.299892108101198,-2.965580485830108
592,0.0869983409720021,0.17441837369835866,0.1949114681476209,1.1081162663784503
593,-0.0437374152350003,-0.3976405023410621,0.40003866137348654,-1.6803482998098787
594,0.06479513007053583,-0.04284678646371276,0.0776804736798422,-0.5842540327141761
595,-0.01414863975503522,0.0367473557760718,0.0393770512284879,1.9383266831418926
596,-0.10822616174010591,0.38530232282062116,0.4002134206344931,1.8446267494011117
597,0.1120459888267078,-0.18002566254790509,0.21204608647170767,-1.0140768012155392
598,0.09947799435127536,0.03442797018743704,0.10526707220864188,0.3331839739634171
599,0.05953942355301933,-0.2676211259128536,0.27416420260838076,-1.3518850390066282
600,-0.30824047656551556,0.05326995964026082,0.3128096545719316,2.9704634911028314
601,0.1893745915529621,0.09297313305143007,0.21096620439124875,0.4563800599063461
602,0.01783836255327742,0.07782430274130547,0.07984252798949026,1.3454752744969836
603,0.020346947072198418,-0.08101319257599471,0.08352925012541444,-1.3247299869186664
604,-0.11788998846668619,0.08128257963994656,0.14319534606124482,2.5379632457386925
605,0.02111469909095831,-0.08747670000860808,0.08998890799480638,-1.3339515240968125
606,-0.029156940476013915,-0.09430762565153827,0.09871198222076435,-1.8706431551737581
607,0.029847203878546225,0.01893612363335251,0.03534731047229925,0.5653555896261903
608,0.036012513716457306,0.3855862002978938,0.387264275404207,1.4776696889025913
609,-0.10799555619632883,-0.2549114534789396,0.2768445218401477,-1.971530669326756
610,0.05092848035241104,0.11888029286342316,0.12932994294554984,1.1660482193593935
611,-0.0024166469614783637,-0.3775774855158147,0.3775852191902931,-1.577196639460723
612,-0.11141736246730716,0.005446558083349373,0.11155040857893173,3.092747252167258
613,0.0955936807741864,0.1769341130066664,0.20110651941051746,1.075447536147707
614,0.04531765499797302,0.2639964679324862,0.26785784464029333,1.4007931615045226
615,0.04624289008552296,-0.2859753237161158,0.28968999060719886,-1.4104816212522497
616,0.1021059480904114,0.09797813285933898,0.14151091531766752,0.7647706864738416
617,-0.15023561832458654,-0.31493752876826875,0.3489360801637385,-2.0159021638336188
618,-0.0682470897983194,-0.12180643519059231,0.1396226089133842,-2.0815064024010463
619,-0.02365744109198431,0.038308644174719575,0.04502473473021228,2.1240192184876396
620,0.1367689901961171,0.5405295192933295,0.5575642724446603,1.3229700145212833
621,-0.07253325614715322,-0.3090333180978746,0.31743135469246053,-1.8013335878016246
622,0.0918648572870211,0.3647980617078588,0.37618715798147,1.3241018243082971
623,-0.03746096973429758,-0.49205362840848466,0.4934775551971832,-1.646781631737534
624,-0.20851275982369089,-0.00851362787062726,0.20868649421755045,-3.100785071572631
625,0.05364390159661525,0.10245133664767536,0.11564577190456489,1.088444534505254
626,0.17733763499779798,0.31806857198449734,0.36416514560137353,1.0621786474660253
627,-0.17585750682269463,-0.03071148939699242,0.1785190698129353,-2.9686977766682183
628,-0.026773278819348434,0.14511016184331993,0.1475593695057453,1.7532476214200232
629,0.1107951889044898,-0.3529016613312024,0.3698853287908352,-1.2665865910463545
630,-0.062049065166206674,-0.13895285884888153,0.15217747359670997,-1.9907755253051174
631,0.002338531217617401,0.24939111872566855,0.24940208264466493,1.561419638912682
632,0.007014669154898456,0.15494105680744497,0.15509976359737163,1.5255540738537265
633,-0.025377241622720703,-0.16532498701121767,0.16726133959357506,-1.7231066370486667
634,-0.005055861445157461,0.2836016845558902,0.2836467472365782,1.5886217707717776
635,0.06595106417501029,-0.10917877908264018,0.1275521409769051,-1.0273933162973248
636,-0.15447390192940702,-0.4630308308156259,0.48811856824249666,-1.8928001096666238
637,0.0466756032168405,0.22914484190209805,0.23385031645476437,1.369850651997919
638,0.08642356920540806,0.15226952735201849,0.1750858140290328,1.0545640470515907
639,-0.034087009969198334,-0.11859550552884457,0.12339699421089004,-1.850674512315585
640,0.06728163758265282,0.4398637756410153,0.44497972973717903,1.4190126128161114
641,-0.11967359696689073,-0.5905875023717613,0.6025905473608999,-1.7707240866393543
642,0.07914670811550195,0.006890592045181165,0.07944609281930469,0.08684203806816568
643,-0.049532050813013484,-0.1358398785222903,0.14458871551643832,-1.9204495530787091
644,0.09512696005998578,0.08669245456184171,0.12870400230067097,0.7390419312373515
645,0.09402475056430148,0.07102640857357301,0.11783634597839174,0.6469489187353991
646,-0.032344984188057424,0.1795757775919924,0.18246549783423277,1.7490043915960927
647,0.15334661902141988,0.04090159428255902,0.15870767461013208,0.26065817461798607
648,-0.0853441698470192,-0.12410027984464023,0.15061376691522882,-2.173221698026024
649,-0.02639536535781417,-0.15804294112285788,0.16023197730520466,-1.7362828177774463
650,-0.04009401434808524,0.05845629754247739,0.07088489760815848,2.1719828923236446
651,0.015564251498346948,-0.0834008549740588,0.08484072450838562,-1.3862988113757735
652,-0.0026475407192947387,0.4557057597669427,0.45571345048904016,1.576606020605888
653,0.0008365930640366059,-0.21550835706290172,0.21550998086377796,-1.56691439445076
654,-0.19570439396960637,-0.3693409931449878,0.41798681682122085,-2.0580569652909273
655,0.04485297543055822,0.08511975694693774,0.09621414879153697,1.0858299859453202
656,-0.03461910972544047,-0.023635436421670875,0.041917974820176285,-2.542552916954789
657,-0.1215488712222168,0.09668342002868258,0.15531198216440903,2.469645516171869
658,0.10137914825492089,0.2673680024324767,0.28594296708544187,1.2083707890490347
659,0.11029710007346694,0.18098593167673016,0.21194659173836794,1.0234764985036615
660,0.03830165424943743,-0.414675718166734,0.41644083367909546,-1.4786923401833016
661,-0.03383756975063079,0.0039301997327925164,0.03406504948724494,3.025961776915789
662,-0.0910716828235536,-0.006582706248934755,0.09130927353710418,-3.069437641955375
663,-0.09106067140254481,-0.022541630415844338,0.09380922650830653,-2.898925739179942
664,0.14755781435508197,0.1597513313854506,0.21747136928035582,0.825055701086761
665,0.16468243912265734,0.08575767211414131,0.18567359554288895,0.4801060936552241
666,-0.05265057139200735,-0.23229729323924175,0.23818924223017113,-1.79368230320902
667,0.0011944493283522206,0.31699841080103397,0.31700066113429337,1.5670283467834887
668,-0.20400828418962647,-0.4427173490593077,0.48746079963018185,-2.002602845198572
669,0.10562420582232335,0.12568674062333685,0.16417560605679055,0.871915693991206
670,0.05848997073786677,0.21175373819755805,0.21968323176236385,1.3012990838373142
671,0.01840554226629365,0.036560454970867795,0.04093202723776546,1.1044103953831168
672,-0.06789419215334647,-0.26641249572389825,0.27492769814260554,-1.8203308222165255
673,-0.007039340820256257,0.26099021810080103,0.2610851322145469,1.5977614546248704
674,-0.07177811010245705,-0.39288912940912724,0.3993919942834888,-1.7514965603740666
675,0.01846172809808877,-0.0017729656318579146,0.018546665778503415,-0.09574104346403223
676,-0.023931274921324075,0.3431892396915259,0.34402261576734694,1.6404156385445137
677,0.08570089816316795,0.09634001947705428,0.12894201525807203,0.8437753295902752
678,-0.12091297528945688,-0.30175629415759886,0.3250796958548413,-1.951903802698747
679,-0.021162914799560895,0.2611439536150897,0.2620000638788731,1.6516588856514363
680,-0.0031598230948475248,-0.3369969932119261,0.33701180679001397,-1.5801724653436733
681,-0.12196130038290676,-0.06440659259499171,0.13792305086818102,-2.655726074198653
682,0.14784714828238066,0.19824509545838964,0.24730527112970777,0.9300017493394123
683,0.004873758634573733,0.3426888369632479,0.34272349277872916,1.5565751746992558
684,-0.11982301957345953,-0.398699760979639,0.41631605232674246,-1.8627433844652521
685,0.24235804934090766,0.12596816227647878,0.2731398945369261,0.47933081963964236
686,-0.20698939901080848,-0.20833624721132082,0.2936811250403271,-2.3529516288580137
687,-0.04816960311842422,0.013094300318016394,0.049917645831959144,2.8761690450304136
688,0.25199949383613784,0.13705896031672182,0.2868604251143235,0.4981369342091754
689,-0.04237365178738628,0.31374294983828577,0.3165914795742737,1.7050425059595984
690,-0.18228183502310458,-0.2881465905130085,0.34096205801182883,-2.134842901018595
691,0.08674749065983178,0.13212760409561497,0.15805958022158975,0.9898350046235416
692,0.1124000904472382,-0.11232951443128059,0.15890783537923675,-0.7850841148159294
693,-0.1740045368912888,-0.2123018769912619,0.2744989359410429,-2.2573801579403976
694,0.05856538800895805,0.2644384582011412,0.2708460870096456,1.352843587945252
695,-0.021863151869411013,0.040506099990693656,0.046029789768377204,2.0657357134038166
696,-0.009556802559870903,0.12147894213586596,0.12185428124451528,1.6493050746902933
697,0.130867853202858,-0.033092251068239875,0.13498700708841652,-0.2476758342276119
698,-0.1037814817041749,-0.2197203816687079,0.2429972058797316,-2.0120674790012933
699,-0.13069177825207134,-0.2057718628751104,0.2437671028949186,-2.1366466311626864
700,0.04030207377985562,0.18824410198584474,0.19250999735965413,1.3598855820842501
701,0.07783371213031387,0.2064545914701057,0.22063903798528675,1.2102719814753748
702,0.03518907771069735,-0.004327903368846364,0.03545422312926301,-0.12237539413613681
703,0.018613326019590204,-0.21266376576011226,0.2134767743169815,-1.4834941308735654
704,-0.034560044379247756,-0.10746030706445708,0.11288097387019204,-1.8819568033493728
705,-0.16239703630873237,-0.047827228879782524,0.16929335847628177,-2.855181961737001
706,0.01937105250829063,0.06808774799407047,0.07078968217320233,1.293618470592287
707,0.16844529462019864,0.44397019585721864,0.47485087352681854,1.208167802003615
708,-0.055603901239805964,-0.22041165808411733,0.22731716356772522,-1.8179130989434449
709,0.022396437849977247,0.21864320502214696,0.2197872870088816,1.4687186311333085
710,0.019442778024142626,-0.4387147601879633,0.4391453773229068,-1.5265077230931738
711,-0.14746258731310036,-0.150931729744741,0.2110109042225384,-2.3445689801065743
712,0.03377521992700849,0.14706712887232243,0.150895678784603,1.3450522813112589
713,0.13392452426830914,0.45446582217982723,0.4737878868545282,1.284222250389728
714,-0.03963999394949269,-0.2165925477739279,0.22019005625031537,-1.7518094816855112
715,-0.024007475637461084,0.11147931904247343,0.11403507118714341,1.7829104645991753
716,-0.06517927744812368,-0.45466294591466294,0.4593111500894129,-1.713183555160008
717,-0.04808894678677689,-0.19303767442698927,0.19893740360033293,-1.8149436632145315
718,0.17753810222984612,0.25153922851558264,0.30788270692844993,0.9561837921086593
719,-0.09279762583690854,-0.03905876911176165,0.10068260428441837,-2.743197588141278
720,0.26117217211634625,0.10627506442955337,0.2819668292680472,0.38645395750477457
721,0.01291003330248941,0.25896798694031986,0.25928958178028105,1.5209857124708057
722,-0.01332661863108342,-0.24867324322201512,0.24903007982710407,-1.6243359937830304
723,-0.20790373308346943,-0.020734052322723073,0.20893506923387448,-3.042192225462126
724,0.0311341412258912,-0.12606982790470056,0.12985736890063096,-1.3286813548989802
725,-0.11548071229344714,-0.1478487868926095,0.18760346131513184,-2.2338894666184452
726,-0.02047952486145732,0.24977489233242522,0.2506130638618539,1.6526052568023444
727,0.16174835550634725,0.5086794458302961,0.5337764598773768,1.2629295609453441
728,-0.24446611037279808,-0.5618382208762682,0.6127200548033461,-1.9812059831158793
729,0.06481029399867566,-0.30419290157544765,0.31102041022589616,-1.3608784779092131
730,0.1429575386409283,0.03632179312586459,0.14749959494910694,0.24880932169236944
731,-0.1822620875825578,0.12915362973319588,0.22338336697975394,2.525108251492591
732,0.173748219054346,0.2078174926302836,0.2708810696001014,0.8744501028788008
733,0.07019397443571052,0.3749338067212875,0.3814479695444674,1.3857218002483838
734,-0.1277162808599428,-0.28201878368156486,0.30959012055607504,-1.9960297752617204
735,0.07493598059733131,-0.008579295923311747,0.07542549639626754,-0.11399201452722886
736,-0.09373517058008929,0.07234324393851921,0.11840535100757285,2.4842953387249973
737,0.05648572064256996,-0.2432671973758147,0.24973899566466196,-1.3426430767935527
738,0.09645219168248786,0.38851978066401216,0.4003131839542229,1.3274601720364312
739,-0.04140198883681023,0.35650472323050053,0.35890074166167324,1.686411492414856
740,0.11083350986365303,-0.3432452258641092,0.36069565008078464,-1.2584659623888264
741,0.0008468666753174148,-0.2879928996500212,0.2879941447876899,-1.567855753484231
742,-0.06427397472680241,-0.08225426306745476,0.10438825422408254,-2.2340961857304893
743,-0.20402192185974855,0.1321956776234856,0.2431062355878143,2.566661035606125
744,0.25777403523312614,0.1422905876975733,0.2944385582556907,0.5043754015196067
745,-0.12428099259551573,0.11071036877501683,0.16644083295521822,2.4138798784848357
746,0.006068294097985927,0.08966041494176125,0.0898655339982379,1.5032185243869927
747,-0.07822685016134301,-0.506914013303458,0.5129144733477342,-1.723908280432444
748,0.010128064327489028,0.14244693476678094,0.14280653665527115,1.4998151636479793
749,-0.008462501359247199,-0.24429736270030844,0.24444388998619154,-1.6054226480375513
750,0.04328724688002694,0.38082937619560653,0.3832816190687824,1.4576163589434556
751,-0.045347073671450744,0.21644744515049297,0.2211466789321957,1.777315495189219
752,-0.01963306963824607,-0.08201390340337866,0.08433111984836289,-1.8057616974149158
753,0.03946453044483178,-0.3405258273958225,0.34280502955301073,-1.4554181301669704
754,-0.060475266348248624,0.2638554803453985,0.2706971967867281,1.7961033004673352
755,-0.18763262732289832,-0.3343397248013389,0.3833915158376991,-2.082200371299587
756,0.07250574695621026,-0.04877169434399775,0.08738284448827661,-0.5921401617138046
757,0.08692951538989746,0.4739063590710657,0.4818132188036317,1.3893812507319403
758,0.02441674215180001,-0.38301911835026203,0.3837965897700493,-1.5071343676126088
759,-0.10541778827024473,-0.15515109798843696,0.1875760466872242,-2.167598447072621
760,0.1967925397585759,0.3625476132957033,0.41251433382494906,1.0734941358900594
761,-0.2643956260211553,-0.28120825597568455,0.38598332902860555,-2.3253895196288763
762,0.022300519555017217,-0.004341596884444243,0.022719212924983148,-0.19228067284830563
763,0.2683283419966642,0.28598843005727304,0.3921600199476007,0.8172465893159565
764,-0.009342574967831752,0.0051910893423610105,0.010687895751266033,2.6344311781969876
765,-0.0983014255681951,-0.20878107926068878,0.23076548556055218,-2.0108408614595867
766,-0.10235273522056332,0.16774932419542665,0.19650933355734812,2.1186477618361383
767,0.13803528431162704,-0.27359121560562016,0.30644068426296245,-1.1035303901570237
768,-0.13017412380128235,-0.11407752632283064,0.17308663876616157,-2.4220010275037227
769,0.14446040327982246,0.485313159869861,0.5063572565478234,1.2814837490908635
770,0.012050016931368646,-0.10722616128293794,0.1079011240512391,-1.458886410233934
771,0.06259598394666455,0.2235770626609792,0.23217441752777698,1.2978108236544463
772,-0.09196326005684341,-0.08513318737698228,0.12531919562958815,-2.3947423516709114
773,0.007649656597607191,-0.45791571710390144,0.4579796078613562,-1.554092499354409
774,-0.08699835655352217,0.0797568872451393,0.11802489189170069,2.3995929603841284
775,0.16088748327649682,0.26605695823434417,0.31091974414622914,1.026920290900485
776,-0.05696018438811734,0.22547724706333838,0.2325606405838917,1.8182398576743641
777,0.1477573067410276,-0.16043007728956127,0.2181055510400795,-0.8264953520579632
778,-0.1885282642157904,-0.07823223834890314,0.20411562783211495,-2.7482541276924746
779,-0.09945278765769672,-0.3125857510225387,0.3280254696135827,-1.8788307626898684
780,0.02390953365676296,0.031093001627766625,0.039222959474116414,0.915265597211547
781,-0.013358708769601435,0.1063477737520202,0.1071835065763474,1.695755269542779
782,0.11266074932126457,0.1930711043801807,0.22353723578905474,1.0425830072762265
783,-0.04874265600790295,-0.06996195413290707,0.08526735331180245,-2.1793056550604057
784,0.05426243320749791,0.1073976801678782,0.12032735916257795,1.102959358928276
785,-0.09503842513845484,-0.34111451249896163,0.3541064993617061,-1.8425170082633164
786,0.00961946152216342,-0.04733644902734113,0.048303969262312674,-1.3703116443661023
787,-0.0744438527984812,0.17230676325095828,0.18770058039735446,1.9786169201173722
788,-0.0017207264148737522,0.29456121749427666,0.2945662434005387,1.5766379201202343
789,0.07122812891827834,0.02818498336250741,0.0766018252807575,0.3767941477836779
790,0.16630619067109365,-0.17294435723079005,0.23993228159941563,-0.8049628173173455
791,-0.01341947534837118,-0.2551713933520432,0.25552401512157075,-1.6233379702333837
792,-0.2204187631545551,-0.12093572140088327,0.25141575102076624,-2.639776155552157
793,0.17545974326310443,0.2583771439096836,0.312321741159465,0.9742464120871586
794,-0.008057804695511095,0.2628550014333655,0.2629784781974479,1.6014416713096362
795,-0.12697868077998464,-0.3870248067341322,0.40732270548082344,-1.8878198097393564
796,0.06513347563344496,0.15537733634334927,0.16847696073127286,1.1738524226586715
797,-0.10165653701153587,-0.341922868088659,0.35671459072927236,-1.859781927556662
798,-0.06375710035354132,0.004970293870769638,0.06395054078468257,3.0637932896402313
799,0.014121918488513074,0.27872915658861075,0.27908667348047006,1.5201742330241819
800,-0.018940010178710054,-0.25389013517821013,0.25459561018678123,-1.6452576405633015
801,0.12496943537024663,0.14903728120094684,0.19449799732780887,0.8730100085435253
802,0.044623524663904846,0.1989240777897976,0.20386772102996484,1.3501250219337997
803,-0.012131592091293442,-0.2559298919654225,0.2562172615732639,-1.6181628843503104
804,0.011079321568104206,-0.24147094063090435,0.24172498119884753,-1.5249458548582446
805,-0.09055404071807516,0.1310807557674707,0.1593179174573347,2.17533891201135
806,-0.0119308288474258,0.045443041058092604,0.046983131628213735,1.827546460100951
807,-0.013917218552251143,0.12864275590555962,0.12939338321262225,1.6785622160156741
808,0.023338225701252213,0.24110328332244535,0.24223019218864097,1.4742993355802172
809,0.03937472479083226,-0.2747633267950391,0.27757026984861194,-1.4284612333688615
810,-0.133382904749908,-0.04831286218296782,0.14186307458896225,-2.7940804154094585
811,-0.05001888525021059,0.05086135268288672,0.07133558774137017,2.3478435201148464
812,0.08374150782321976,-0.16785618695217863,0.18758555283025163,-1.1080383774766944
813,0.1271403812193057,0.35042532442173524,0.3727768562191982,1.2227488918562954
814,0.08307600435892937,0.24537250134318356,0.25905460218968407,1.2443393346313054
815,-0.04927921552354064,-0.3072188452312048,0.31114604279632185,-1.72984574605142
816,-0.19093325501677327,-0.11638368778449149,0.22360829737202995,-2.5941794396049653
817,0.09875316471794804,0.1682497316178342,0.19509013232678737,1.0400321682723574
818,-0.078482060543422,-0.18539419322945605,0.20132173432181197,-1.9712476705002626
819,0.11032309817056785,0.22063226957135385,0.24667749059482363,1.1071234692771972
820,0.054309907774666044,0.14114421474215533,0.15123245497469248,1.20347640305869
821,-0.15606121904409065,-0.37245692938660113,0.40383074218987247,-1.967577996457857
822,0.03618169117112302,-0.03138633682959835,0.0478979844626423,-0.7145462002855373
823,0.05452687242564025,0.10218694108681348,0.11582465516979507,1.0806320154056945
824,-0.19947571104438566,-0.0918048455756093,0.2195875428338883,-2.7102635224543166
825,0.1047650238055553,0.20109980521192483,0.22675282108333883,1.090521393285578
826,0.10051475922432473,0.22239906353701144,0.2440585181551007,1.1463163531244722
827,-0.11985204130638749,-0.3785012333270288,0.39702354519019384,-1.8774565998279267
828,0.021559240139254143,-0.13949997787165103,0.14115610033425105,-1.4174628696574387
829,-0.07325616237051236,0.10918254026330487,0.1314811485483872,2.161759320686298
830,0.09287153996666575,-0.02155113700604261,0.09533925970990761,-0.22801754349742728
831,0.04426953017610913,0.1034925250305605,0.11256328903872091,1.1665937903747177
832,0.04452866164865554,0.2075601057476888,0.21228282833571865,1.3594657956680072
833,-0.034911547540730226,-0.2876838146066234,0.28979439839014615,-1.6915597006362106
834,-0.1444742054022754,0.07277394031319773,0.1617678658304168,2.674976823057603
835,0.16196435598021708,-0.13491069757577634,0.2107921937085647,-0.6945210704418012
836,0.013036430362149076,0.0774573922819286,0.07854677673656467,1.4040544726089335
837,-0.041152218309036925,0.02349210529064294,0.04738548388210558,2.6228761770543625
838,-0.05078321525024876,0.4323753599578595,0.4353474323455252,1.6877123619211591
839,0.13829648116643511,-0.30055526404413513,0.3308464650674961,-1.1395448378529076
840,-0.18865922737444407,-0.18883225867352849,0.26692681766594484,-2.3557361188293835
841,-0.0007436357839765151,0.07393017688212922,0.07393391676356748,1.5808546106719246
842,0.003922472535691668,-0.16018544516646216,0.1602334629032616,-1.546314147279706
843,0.08631989377687432,0.4020283953033754,0.41119089811407294,1.3592964738474862
844,0.06400252386634975,0.10565795258997923,0.1235310730414375,1.0261580915820097
845,-0.04692137273428898,-0.20887647306795998,0.2140817512554031,-1.791765181046293
846,-0.12962709399363348,-0.10168366055233946,0.16475057001588092,-2.4764166477385805
847,0.1053797593984882,0.22508697125027766,0.24853377701533164,1.132932503021419
848,-0.09648875452421635,-0.3629646379375231,0.37557077647595494,-1.830622234272644
849,0.02879143013126395,0.15460104499987892,0.1572591159966825,1.3866750417802947
850,-0.032662648657662885,0.24289591794888565,0.24508218126490902,1.7044662619242432
851,0.10227439115465131,-0.029308602660023553,0.10639100185606751,-0.27908907957392626
852,-0.07967790774250716,0.09110539102891835,0.12103206705974907,2.289381900743197
853,-0.0803495224132007,-0.39668545099419816,0.40474114293273894,-1.7706447444223683
854,0.20831245664942344,-0.012663264735806479,0.2086970001439576,-0.060715047216601176
855,-0.05396652020721149,0.10917525503674597,0.12178514529947358,2.0298823187536654
856,0.061361798985160476,0.2691298493718932,0.27603649432209715,1.3466275995276367
857,-0.0036756771131649657,-0.06098988673591066,0.06110054734860773,-1.630990513527511
858,0.08377033883198237,0.1829310567701441,0.2011995059612891,1.1413641591742814
859,-0.2663329433923991,-0.5211081408443761,0.5852238299918595,-2.043276194591976
860,0.0877152476542733,-0.034162559258675174,0.09413312448948559,-0.3713969690884076
861,0.04654151150640473,-0.017718543303089973,0.04980019146634156,-0.3637621051769464
862,-0.09829724258116812,0.2453743961092414,0.26433112220288385,1.9518207495649254
863,0.18511310957921978,0.04138037862384181,0.1896818364344376,0.21992535827500329
864,-0.17672441572841535,0.0700807808952959,0.1901126901746547,2.7640604576245646
865,0.02515461736237512,-0.2827669925670193,0.283883650216148,-1.4820710646701152
866,-0.15256019759812034,-0.21877874874041936,0.26671849353129057,-2.179725675104243
867,0.05743102204593242,0.1473468783275962,0.15814368418032954,1.1991420880873922
868,0.03196751946290988,0.24576254435936562,0.24783290844962597,1.4414477439229998
869,0.17309784114843296,0.01326386040034322,0.17360527815411583,0.07647692976486786
870,-0.10790294285800428,0.0740051447917267,0.130842678561172,2.5404271533308953
871,0.07540024026667425,-0.29296770192536314,0.3025149097213237,-1.3188960556617595
872,-0.0902603671541442,-0.3692832268583288,0.38015396291200343,-1.8105167803727704
873,0.04217282915828946,0.08545627372438958,0.09529597178303008,1.1123607382940215
874,-0.07457769181360163,0.43232077878730024,0.43870615209671077,1.7416205507914506
875,-0.022163815799331132,-0.17291983748492612,0.17433446281960416,-1.6982751949035755
876,0.14068102459316378,0.4444494851495051,0.46618289922544615,1.264245390954718
877,-0.2606820158503069,-0.5184627777287574,0.5803091979953433,-2.0366797805931194
878,0.13748005632487548,-0.16914393105992076,0.21796888608582227,-0.8882995583788774
879,-0.07338347546948398,0.2593997257949354,0.2695799551421953,1.8464896458117728
880,0.002914403331487847,0.2866733343076362,0.28668814825492234,1.5606303902236875
881,0.10252175914206418,-0.3412560969443348,0.35632349739985525,-1.2789499486260099
882,0.0013816317867849648,0.42179137319067195,0.4217936360407385,1.56752071014383
883,-0.024714311934019406,-0.17241866711918874,0.17418092313892938,-1.7131655274998803
884,0.03822980597260539,-0.4061078817342718,0.40790333373410953,-1.4769358620870081
885,0.02059329918694175,0.09147660413998437,0.0937659483841885,1.3493667742161906
886,0.015152821921617488,-0.05736883295270445,0.05933625372858957,-1.3125638136077202
887,-0.09072420133088599,0.03424492835148385,0.09697213942635997,2.7806653643568437
888,0.14452168812698574,-0.04034491428927822,0.15004742732910464,-0.2722311410817796
889,-0.16659079723569903,-0.05662459340845771,0.1759512384221803,-2.8139417349223885
890,0.20425540089667038,-0.09533469246366622,0.22540845676815535,-0.43668949426556175
891,-0.27931304459656303,0.12018334813109277,0.3040720540427894,2.7352567074059735
892,0.23699914789972354,0.2114011699842422,0.3175831399427581,0.7283727253712652
893,-0.19890160765157816,-0.27594296906795535,0.3401563930083057,-2.1953506186407528
894,0.14621841700090954,0.4155059329148685,0.44048269632041964,1.232425836523439
895,-0.16441337019585944,-0.011636376545311578,0.1648246388082346,-3.0709353500529812
896,0.14872746506256362,-0.4831790718085358,0.505551060030235,-1.2721896679022255
897,-0.22328579088917877,0.25840695108229284,0.3415123669512607,2.2834113269613145
898,0.25951272653043134,0.07197343294512848,0.2693084296511443,0.27054100647668233
899,-0.1375614663298279,-0.12491179173076716,0.18581203602620291,-2.4043513752821886
900,0.04349994534140933,0.2307245918689773,0.23478944298628876,1.3844475251003712
901,-0.03450377994892051,0.043391363642740544,0.05543754386280181,2.2425890027416475
902,-0.06435190624227971,-0.2886397346940157,0.2957263334254272,-1.790157630343052
903,0.01100382885158524,-0.166482961436202,0.1668462187104128,-1.5047964993106318
904,0.10224531438109352,0.21708089893525084,0.23995462278402815,1.1306158915361466
905,0.025092425359957815,-0.11601319449687253,0.11869579229195207,-1.357788053683694
906,0.08476243362201785,0.24184181140304872,0.2562657446796875,1.2336876368193512
907,-0.0852505956260643,0.020345209791230445,0.08764468960551981,2.9073228165793146
908,-0.09417442350701322,-0.4468938384760577,0.4567087966207165,-1.7784886239706066
909,0.05950713332714486,0.11363514602777514,0.12827332275094605,1.0883937899699672
910,-0.043025105697040544,0.141340171847105,0.147743710180876,1.8662924083414862
911,0.008591305036020458,-0.011610439843025233,0.014443435725978022,-0.9337493973237438
912,0.06424760544706487,0.20509563941072884,0.2149231865364401,1.2672221302343976
913,0.038510856505581614,0.0794154896393593,0.08826044450065205,1.1192782250664766
914,-0.08178707449440026,-0.3799123814398513,0.38861618999425596,-1.7828389355887293
915,-0.04771959702964068,-0.032996015529533906,0.05801635098398153,-2.536623767202317
916,-0.02693946126873925,0.1261834554285315,0.1290271250448296,1.7811329650543297
917,0.12696983063989364,0.05996527005635244,0.14041784610815874,0.44122645464654076
918,-0.04500261233022229,-0.09979038029194953,0.10946851198109978,-1.9944578164177682
919,0.09293608075665816,0.18861519038017605,0.21026841215113157,1.1129828169272151
920,-0.09882988907895651,-0.19137594705182437,0.21538825428825392,-2.047491510967017
921,-0.03479075343750537,-0.009801056535877706,0.036144947557975,-2.8669948884308045
922,0.024517420629990738,-0.11588633511070157,0.11845145241717266,-1.3623063002869797
923,0.005434237757015126,0.07337759021623924,0.07357854093376749,1.4968727309109944
924,0.17209134452258468,0.27162524372209873,0.32155202360843643,1.0060639777381652
925,-0.17857333755131322,0.07207594462391853,0.1925704512059039,2.7579686490655324
926,-0.09622024140310259,-0.42420921513445364,0.43498481934506694,-1.7938448770616557
927,0.2222791532968813,0.49509153674779327,0.542700333286861,1.1488027995066923
928,0.037998611393106785,-0.4634928720596463,0.46504788669329955,-1.488996103371913
929,-0.1864975624856129,0.028293409011553194,0.18863153979801503,2.9910314691570097
930,0.09700763061198359,0.37926126103258184,0.3914710519527277,1.3203846469705693
931,0.12334827361740963,0.23657478136647114,0.2668003444206716,1.0901816913468139
932,-0.0934838172736363,-0.5937556514450648,0.6010698775641681,-1.7269593082818206
933,-0.023551255925440273,0.3030274188159865,0.30394124137725187,1.6483602898956404
934,0.02985268994331136,-0.28494319305781346,0.28650271615960965,-1.4664099727253146
935,-0.12304819422547553,-0.25040615254744125,0.2790055543098789,-2.0275358280629945
936,0.018335020997938045,0.36382331343065744,0.3642850208156482,1.5204435260350788
937,0.16767382230563044,0.3003057364472852,0.3439448299214955,1.0615697653005847
938,-0.1116685121778005,-0.4486167970996462,0.4623060536613691,-1.8147557824670355
939,0.08303291503926857,0.16488652389421077,0.18461319222047629,1.1042919204551516
940,-0.11532851329599225,-0.10540035255439761,0.15623668038477767,-2.401143181282172
941,0.11189077585373752,0.024151340528533183,0.11446760664256286,0.21258604228207467
942,-0.0014290877639382416,-0.06661201643447612,0.06662734442632359,-1.5922469395455234
943,-0.04286760881547025,0.24546476032475084,0.24917981548842105,1.7436912582467698
944,0.11634323665640522,0.021357066238181233,0.1182872478079965,0.18154822233057816
945,-0.00818664530214619,0.04631148930718609,0.04702951417091999,1.7457623001020066
946,-0.07203303762213409,-0.2598844323593994,0.2696825479927076,-1.8411819550979134
947,-0.0890668813534603,0.03650420521557862,0.09625729246375285,2.752622459747217
948,0.011988979731540894,0.1661458682732473,0.16657786521406298,1.4987618196520578
949,0.028904427702912017,0.0703382844703242,0.07604564552333762,1.18089934180385
950,-0.06277419359292935,-0.03969084643864562,0.07426952721176243,-2.577775637615131
951,0.09398919422500285,0.08407061084909628,0.12610248308263203,0.7297520076335383
952,-0.05682984987601003,-0.2758440098331789,0.2816372659961333,-1.7739752142000587
953,-0.05865797150772778,-0.05552489860474452,0.08076987053641081,-2.38362668693781
954,0.11345763226290728,0.19666465415184575,0.22704541508555112,1.0475284774315772
955,0.03729521713569284,0.39131373132556746,0.39308697452998476,1.4757756280664418
956,0.0481636196093973,-0.24423127109355391,0.24893502773585668,-1.3760897381163433
957,0.007372499285565937,0.09554993994402139,0.09583394372048853,1.4937903053306247
958,-0.03364625056792647,-0.40777368269192493,0.40915943893965634,-1.6531219037776708
959,-0.1341689243278097,0.020574945167936676,0.13573735161680855,2.9894270193637675
960,0.10538587721310932,0.15799795639378544,0.18991981818806875,0.9825575565310467
961,0.18021635383138346,0.35979068953793103,0.4024018817879189,1.1064352040871703
962,-0.18456199610159274,-0.3536482189456933,0.3989112597664615,-2.0517944700160617
963,0.04077335343527011,0.20226684062828326,0.20633550631945244,1.37188008086611
964,-0.08994756267486537,-0.41150975355520814,0.4212254043884544,-1.7859912291150268
965,-0.08098277918634267,-0.04686055816296175,0.09356346742232384,-2.6170208034748272
966,0.14879086162687827,0.2557230479830537,0.29585976031459904,1.0438339849457992
967,0.10329561058614445,0.2786895447233064,0.2972168324715951,1.2158469096003883
968,-0.014126390424280544,-0.24847412100120891,0.24887535778727193,-1.6275877543187727
969,0.03540624569109241,0.040324922922081896,0.05366285160713923,0.8502562458036249
970,-0.10534178955361995,-0.1682603011782362,0.19851554493023943,-2.130160708814317
971,-0.07440837607765616,-0.1042022736988315,0.12804186922456304,-2.190907145685705
972,0.11154574969907571,0.21851746115299875,0.2453412625399184,1.098810960951525
973,-0.023464417646550828,0.40494918416669634,0.4056284268302269,1.6286757116531163
974,0.058821976329738845,-0.09164031394755057,0.10889431592026275,-1.0001513998754972
975,0.021045860315666687,-0.14591033802065567,0.1474203343427512,-1.4275459925837157
976,-0.13269428698959018,-0.21034708647823663,0.2487039818530425,-2.133580538907472
977,-0.09387497070639483,-0.06935250895094214,0.1167145261864049,-2.505314146984748
978,0.1301375795572426,0.23998395724373722,0.2729983321329666,1.073902458795065
979,-0.03902871079782244,-0.30558717375640754,0.30806940943717354,-1.6978257292754193
980,0.1237299134502905,0.41703583064207805,0.43500342012649096,1.2823799746357305
981,-0.009591014118655039,0.06574979347874432,0.06644563864033343,1.715646094225292
982,-0.10848483910399409,-0.41622729909965983,0.4301326828214954,-1.8257623182037144
983,-0.09345939275590354,-0.07256426107147718,0.11832256791986781,-2.481392574623122
984,0.11366988079731755,0.4507352169538308,0.46484737022262834,1.3237597076276593
985,-0.057184896110584305,-0.4024078079038418,0.40645068114736077,-1.7119579932073088
986,-0.001890048245854814,0.3442788554614822,0.344284043487699,1.5762861477011918
987,0.3303423773556915,0.12324694852259199,0.35258459495153854,0.35709379959295945
988,-0.4492432829325139,-0.5415773154401791,0.7036515585567718,-2.2632733982396513
989,0.2768883220633711,0.42848938598484665,0.5101669303245164,0.9970996006454335
990,-0.052964498391702364,-0.09955893513819092,0.11277065068418798,-2.0597083218268817
991,-0.03519014434158407,-0.3022747803454422,0.3043162649147542,-1.6866923546664132
992,0.0679469389764904,0.22348583969630909,0.2335866157574943,1.275644189486765
993,-0.15289597806332722,0.05314233976577043,0.16186812034406906,2.807082621812992
994,0.05517665575456476,0.053844574541756174,0.07709540549112173,0.7731802226805627
995,-0.033125430952679835,-0.12345588396414087,0.1278227267005683,-1.8329397478208813
996,0.14594543245794966,0.14507196288531077,0.2057813005856823,0.7823967381778048
997,-0.07544558277129454,-0.08966345532121522,0.11718178689472103,-2.27029437787389
998,-0.06747294467180609,0.09715539474188972,0.11828680818306418,2.177811214657447
999,-0.054132972326499385,-0.031008256899838216,0.062385019747275165,-2.621400919825967
1000,-0.06994005436166617,-0.06895319715857795,0.09821483901377909,-2.363299519315362
1001,0.17719779852677675,0.15466075944090107,0.2351999368910894,0.7175906975554025
1002,-0.11876104398942289,-0.022395935049473792,0.12085430681691856,-2.955201771249829
1003,0.1126778980516292,0.11076636307996068,0.1580047337876148,0.7768435094013705
1004,-0.0009133316920042489,-0.05206194273011988,0.05206995348196407,-1.5883377008747865
1005,0.04782643180249124,-0.13278500349940714,0.14113548360811293,-1.2250818785976854
1006,-0.088370435812692,-0.0626637964851966,0.10833321427735472,-2.524782967620305
1007,0.1081974210453609,0.16879570301301783,0.20049606299507733,1.0007766593078256
1008,-0.14384289917762771,0.12054895711077052,0.18767746456173037,2.444071439627334
1009,0.014450253498011989,-0.017892751122417394,0.022999138437897554,-0.8914360980728031
1010,-0.00431441887138817,-0.1575929582679123,0.15765200508027083,-1.5981664676895082
1011,0.15810739357124248,-0.03332116710492983,0.1615804693616355,-0.20771061310761726
1012,-0.10912210682789691,0.08220962564627143,0.13662377811881443,2.495936453989861
1013,-0.08772692504203405,-0.056760079896946536,0.10448789426167232,-2.5673231859694927
1014,-0.0007888188760603043,-0.21851678872349112,0.21851821248867584,-1.5744061887843201
1015,0.18962711708206825,-0.11000758613522521,0.21922616755340912,-0.5256779342797792
1016,-0.13498242694970486,0.22962120488688242,0.2663571912281252,2.1022328098097627
1017,0.023598190854272616,0.001441289991589656,0.023642164207925895,0.0610005167994633
1018,0.014929387191443766,-0.0962367786111713,0.09738790561136246,-1.41689129608859
1019,-0.05167367943795398,-0.0947560597689403,0.10792997734453304,-2.0700499631178566
1020,-0.01188876499526259,-0.07862331137630463,0.0795170914010814,-1.720871105168069
1021,0.08341547503971469,-0.06185165390002112,0.10384492556822053,-0.6380317540571939
1022,0.006296070784060248,0.20464770536796095,0.20474453306423018,1.5400406167922889
1023,0.2055110969184284,0.05200972098367629,0.2119901460762163,0.2478706808451748
1024,-0.15522256306860527,0.04148404059014865,0.16067037595422573,2.88044086105261
1025,0.00593576975313681,0.009184110989735927,0.010935321542325223,0.9970205061879229
