265,-1.1363900754751057,-0.48776373844469845,1.2366470265115526,-2.736151288814944,286.5511103671465,326.9179221069077,285.4147202916714,326.430158368463
266,0,0,0,0,285.4147202916714,326.430158368463,0,0
268,0,0,0,0,286.8414100028257,332.95535461994916,0,0
271,-0.12554561540531495,-0.7215809049902191,0.7324211247595217,-1.7430588160996845,285.7449008102822,326.2818105616094,285.6193551948769,325.5602296566192
272,0,0,0,0,285.6193551948769,325.5602296566192,0,0
274,0.23097690912521784,0.0680030719652791,0.2407794641279735,0.2863251190038152,286.41402274768035,331.0193055971266,286.64499965680557,331.0873086690919
275,0,0,0,0,286.64499965680557,331.0873086690919,0,0
277,1.039182907048712,-0.28966797083734264,1.078799632754496,-0.27184539481875547,284.84726460331296,325.37358326068005,285.8864475103617,325.0839152898427
278,0,0,0,0,285.8864475103617,325.0839152898427,0,0
280,0,0,0,0,285.6595560680311,331.72196598443355,0,0
283,0,0,0,0,284.6294007490637,325.01935081148565,0,0
287,0,0,0,0,286.5023526933071,331.4492590771824,0,0
290,-1.40198743757918,1.0319083951880543,1.7408054776997401,2.5070908029287127,284.64546954098176,325.3046470621694,283.2434821034026,326.33655545735746
291,0,0,0,0,283.2434821034026,326.33655545735746,0,0
302,0.27041107745975523,-0.1522678820534793,0.310334752675233,-0.5128434573104568,282.96919062951036,326.36194071277896,283.2396017069701,326.2096728307255
303,-0.6758500184753871,-0.9358723961216242,1.1543961145532375,-2.196240760486125,283.2396017069701,326.2096728307255,282.56375168849473,325.27380043460386
304,0,0,0,0,282.56375168849473,325.27380043460386,0,0
306,-2.684746842937159,0.4357761807879683,2.7198835435369637,2.9806804515805965,285.465855513308,333.380608365019,282.7811086703708,333.81638454580695
307,0,0,0,0,282.7811086703708,333.81638454580695,0,0
311,-2.593047630258809,3.8859081807354414,4.671635516807519,2.159233898712424,284.5123149301231,331.5819150408191,281.9192672998643,335.46782322155457
312,0,0,0,0,281.9192672998643,335.46782322155457,0,0
318,-1.2828677161654127,-0.7119018738251839,1.4671584287783204,-2.6349722401228326,283.74720982142856,330.4188755580357,282.46434210526314,329.70697368421054
319,0,0,0,0,282.46434210526314,329.70697368421054,0,0
325,0,0,0,0,283.43440619981845,329.91070306500035,0,0
330,1.0542876678558173,0.027115153010129234,1.0546362966044838,0.02571326370137798,282.63157147924795,330.86995388435616,283.68585914710377,330.8970690373663
331,-0.18916564509112277,0.706941888453116,0.7318131420877863,1.832254039290959,283.68585914710377,330.8970690373663,283.49669350201265,331.6040109258194
332,0,0,0,0,283.49669350201265,331.6040109258194,0,0
337,-1.0419640362842983,-0.8589207322327752,1.3503458361357483,-2.452192247950703,282.69899887290325,329.53013326261356,281.65703483661895,328.6712125303808
338,0,0,0,0,281.65703483661895,328.6712125303808,0,0
340,0,0,0,0,280.67262334202786,322.81846939341807,0,0
344,0,0,0,0,281.4025642746862,327.82882459555617,0,0
346,-0.27901940689724825,-0.5518684323514549,0.6183935608100594,-2.0389062843770813,280.7663080654188,320.9726385175051,280.48728865852155,320.42077008515366
347,0,0,0,0,280.48728865852155,320.42077008515366,0,0
349,0.7199274490781704,0.21694154865900828,0.7519036956091987,0.292683929874804,278.83897383404775,324.07005309960977,279.5589012831259,324.2869946482688
350,-1.15543185498791,0.2776778667368376,1.1883298234060793,2.9057414546188367,279.5589012831259,324.2869946482688,278.403469428138,324.5646725150056
351,2.5734155791400326,-5.316695804670815,5.906752239798523,-1.1200099096081717,278.403469428138,324.5646725150056,280.97688500727804,319.2479767103348
352,-0.35545485452178127,0.5232209872521025,0.632541188464566,2.167534491611429,280.97688500727804,319.2479767103348,280.62143015275626,319.7711976975869
353,0,0,0,0,280.62143015275626,319.7711976975869,0,0
357,-1.0962867069802087,-5.225662409728102,5.339418710341681,-1.7775864640562313,279.69173951345124,326.22314833638274,278.59545280647103,320.99748592665463
358,1.1503303922543182,0.10124491231027832,1.154777270131643,0.08778755454786069,278.59545280647103,320.99748592665463,279.74578319872535,321.0987308389649
359,-1.2497340796650178,-0.2823400220935923,1.2812303297814875,-2.9194026394868002,279.74578319872535,321.0987308389649,278.49604911906033,320.8163908168713
360,-7.806597938834216,6.624480734701365,10.2384918998376,2.4379266889300144,278.49604911906033,320.8163908168713,270.6894511802261,327.4408715515727
361,10.832812597912323,-0.548909093030602,10.846710560068411,-0.05062766730044168,270.6894511802261,327.4408715515727,281.52226377813844,326.8919624585421
362,-1.7238672196714901,1.1415403442215961,2.0675668183987366,2.5566905621145635,281.52226377813844,326.8919624585421,279.79839655846695,328.0335028027637
363,-0.08281884381682403,-5.8415496460589225,5.842136700579872,-1.5849729238560917,279.79839655846695,328.0335028027637,279.7155777146501,322.19195315670476
364,1.1455132321506767,0.43928193610867083,1.2268533671240718,0.36618478272823235,279.7155777146501,322.19195315670476,280.8610909468008,322.6312350928134
365,-0.27791509236527645,-0.7545545680037549,0.804107825269555,-1.923694881532023,280.8610909468008,322.6312350928134,280.5831758544355,321.8766805248097
366,0,0,0,0,280.5831758544355,321.8766805248097,0,0
368,0,0,0,0,281.78448849274974,326.9461221231874,0,0
371,0.1523161778118265,-0.025483852095646853,0.15443330191651264,-0.16577348751437096,280.81053144279684,322.5461088862431,280.96284762060867,322.52062503414743
372,0,0,0,0,280.96284762060867,322.52062503414743,0,0
375,0,0,0,0,282.40374491903776,326.92503498367427,0,0
377,0.05193233482157211,0.018412811166172105,0.05509990031806758,0.3407259597196095,281.5842797706061,322.1993702912403,281.63621210542766,322.2177831024065
378,0,0,0,0,281.63621210542766,322.2177831024065,0,0
381,0,0,0,0,282.6959963662319,328.62877165660893,0,0
384,0,0,0,0,281.8120150742629,324.054588782975,0,0
390,-0.40446445925721264,1.0452221037480172,1.1207500814033697,1.9400154507027405,281.7001877493546,323.53872330438867,281.2957232900974,324.5839454081367
391,0,0,0,0,281.2957232900974,324.5839454081367,0,0
396,0.4049372165806062,0.4623126932839341,0.6145788604756055,0.8514598450148595,281.04087277197294,323.32544560540873,281.44580998855355,323.78775829869267
397,0,0,0,0,281.44580998855355,323.78775829869267,0,0
399,-4.481735552431644,5.3858261809868395,7.00664521820058,2.2648270918039475,283.45764690621354,330.07458814372814,278.9759113537819,335.460414324715
400,0,0,0,0,278.9759113537819,335.460414324715,0,0
402,1.227211993380422,0.5944385512598274,1.363600552918864,0.4510747657143605,282.9680613415444,324.2724747932138,284.1952733349248,324.86691334447363
403,0,0,0,0,284.1952733349248,324.86691334447363,0,0
405,0.8432463530064638,0.14072764958285688,0.8549085817886127,0.16536396590962285,285.63124151455725,332.092623321768,286.4744878675637,332.23335097135083
406,0,0,0,0,286.4744878675637,332.23335097135083,0,0
408,2.2138532095100345,1.0822442669985435,2.464223749319265,0.4546886622507654,282.82117510180336,325.2323443862711,285.0350283113134,326.31458865326965
409,-2.555752052570142,-2.24522048169905,3.401894114410002,-2.4207854877265236,285.0350283113134,326.31458865326965,282.47927625874325,324.0693681715706
410,2.1661372103810095,7.595625014974644,7.898459962695625,1.2929886459370767,282.47927625874325,324.0693681715706,284.64541346912426,331.66499318654525
411,0.7561987673370822,-0.6042931727654377,0.9679911230858689,-0.6742038148027143,284.64541346912426,331.66499318654525,285.40161223646135,331.0607000137798
412,0,0,0,0,285.40161223646135,331.0607000137798,0,0
418,-0.707113236396026,-0.08268363818802982,0.7119309749620893,-3.0251899992723,284.4594734890619,331.11175380051907,283.7523602526659,331.02907016233104
419,0,0,0,0,283.7523602526659,331.02907016233104,0,0
425,0,0,0,0,284.6062837148272,331.0523399912524,0,0
428,0,0,0,0,282.8984312378335,324.20514141761134,0,0
430,0.23188787847260528,-0.6352707049605328,0.676269810625595,-1.2208019257353662,283.54935815629455,330.71533668643497,283.78124603476715,330.08006598147443
431,-0.36120396949814904,-0.13224048449365,0.384650300039315,-2.790638401019083,283.78124603476715,330.08006598147443,283.420042065269,329.9478254969808
432,-0.9075106601583798,-5.776736582218859,5.847585924007165,-1.726620227461423,283.420042065269,329.9478254969808,282.5125314051106,324.1710889147619
433,0.4176930395922227,0.38519669984441407,0.5681936051160887,0.7449460180931586,282.5125314051106,324.1710889147619,282.93022444470284,324.55628561460634
434,0,0,0,0,282.93022444470284,324.55628561460634,0,0
437,0,0,0,0,283.5757397320771,330.1851906374209,0,0
439,1.140590802085626,1.3343655998475583,1.7554141767283484,0.8635329951681038,281.8000241443834,324.4432305185006,282.94061494646905,325.7775961183482
440,0,0,0,0,282.94061494646905,325.7775961183482,0,0
443,0,0,0,0,285.8561065773872,332.05217270000696,0,0
446,0,0,0,0,283.9762797945403,326.0254516073181,0,0
449,1.1653012448126105,0.6246637380677384,1.322169344985195,0.4920726621177503,284.69647279298573,330.03922093568036,285.86177403779834,330.6638846737481
450,0,0,0,0,285.86177403779834,330.6638846737481,0,0
452,0.08093602778450304,0.33352312065534306,0.34320301951645527,1.3327283751977483,284.6556833925667,324.4641286669478,284.7366194203512,324.7976517876031
453,-1.740030570548413,-1.7857660611347228,2.4933244497144087,-2.3432235419486362,284.7366194203512,324.7976517876031,282.9965888498028,323.0118857264684
454,2.664048839645318,6.663550361607122,7.176354202635902,1.190467369121014,282.9965888498028,323.0118857264684,285.6606376894481,329.6754360880755
455,0,0,0,0,285.6606376894481,329.6754360880755,0,0
458,1.1694598823114575,0.870408804233648,1.4578230011984914,0.6398320090486954,285.4724698183459,324.8493173868893,286.6419297006574,325.71972619112296
459,0,0,0,0,286.6419297006574,325.71972619112296,0,0
462,0,0,0,0,287.7740177803269,331.55427301405217,0,0
465,0.02282124414472264,-0.40025750390833537,0.4009075686729351,-1.513841585385457,286.8950282182209,326.4420854608976,286.9178494623656,326.04182795698927
466,0,0,0,0,286.9178494623656,326.04182795698927,0,0
471,-0.07468848278909945,0.37252302023796346,0.3799365342640159,1.7686664605040914,287.9152138111193,325.43301720711,287.8405253283302,325.805540227348
472,0,0,0,0,287.8405253283302,325.805540227348,0,0
475,0,0,0,0,289.63676449327744,329.5156137053636,0,0
480,0.9552809515585636,0.8282012073375427,1.264309667860686,0.7142646613686481,289.4997194163861,330.20903479236813,290.45500036794465,331.0372359997057
481,-2.7047371407796277,0.11175057570892477,2.7070447340012747,3.100299527292408,290.45500036794465,331.0372359997057,287.750263227165,331.1489865754146
482,0.09194549334961266,-6.970883168218961,6.971489519371432,-1.5576071569818053,287.750263227165,331.1489865754146,287.84220872051463,324.17810340719564
483,1.6243730359142887,-0.4367157313101302,1.682054811764214,-0.2626414089574435,287.84220872051463,324.17810340719564,289.4665817564289,323.7413876758855
484,0,0,0,0,289.4665817564289,323.7413876758855,0,0
486,1.9413423389340778,0.2733681491059201,1.9604948920830252,0.13989418872393414,288.6852752880922,330.76395646606915,290.6266176270263,331.03732461517507
487,0,0,0,0,290.6266176270263,331.03732461517507,0,0
490,-1.6528102620996492,-0.6565787535478762,1.7784480375069702,-2.763459276193072,289.0928841309824,325.07978589420657,287.44007386888273,324.4232071406587
491,0,0,0,0,287.44007386888273,324.4232071406587,0,0
493,-1.5324545421470361,-0.6687381696701777,1.6720130571622047,-2.730119563361748,290.436669101534,332.4707815924032,288.90421455938696,331.80204342273305
494,0,0,0,0,288.90421455938696,331.80204342273305,0,0
497,0,0,0,0,286.13899237691294,324.5769473261879,0,0
500,0,0,0,0,287.62161372763785,330.0711938663746,0,0
502,-0.4254172867427428,0.09903171908206332,0.43679188321660206,2.91287867278399,286.5260075228372,324.4921547555078,286.10059023609443,324.59118647458985
503,0,0,0,0,286.10059023609443,324.59118647458985,0,0
505,0.40779704743511047,-1.1583167230577942,1.228004911558639,-1.2322874506119215,287.40296770439335,330.0345504800698,287.81076475182846,328.876233757012
506,0,0,0,0,287.81076475182846,328.876233757012,0,0
508,0.4003364320528249,-0.16625145639056882,0.43348449289538754,-0.39360845204867223,286.5567558937789,323.31573625671865,286.95709232583175,323.1494848003281
509,-1.4885048041679738,-1.9730874866365866,2.471582647202602,-2.217109949474687,286.95709232583175,323.1494848003281,285.4685875216638,321.1763973136915
510,2.0271613801358512,5.851801637704284,6.192977124788435,1.2373173825727324,285.4685875216638,321.1763973136915,287.49574890179963,327.0281989513958
511,2.1398722473621206,0.049820822210733695,2.140452136665608,0.023277942534570537,287.49574890179963,327.0281989513958,289.63562114916175,327.0780197736065
512,-0.20050016430252526,0.2075327946685661,0.2885657234466437,2.3389607497235936,289.63562114916175,327.0780197736065,289.4351209848592,327.2855525682751
513,9.360571828074967,-6.3026676371142685,11.28467652582378,-0.5925951689457473,289.4351209848592,327.2855525682751,298.7956928129342,320.9828849311608
514,1.6993608726732532,2.118876439330222,2.7161488804411147,0.8948307520467939,298.7956928129342,320.9828849311608,300.49505368560745,323.10176137049103
515,-0.6732748942733338,0.012833840455357404,0.6733972013006903,3.122533148327342,300.49505368560745,323.10176137049103,299.8217787913341,323.1145952109464
516,0,0,0,0,299.8217787913341,323.1145952109464,0,0
521,0,0,0,0,292.741388233941,317.21139801023634,0,0
524,0.7533352050757571,0.6775985064455199,1.013239195424127,0.7325193375245319,291.7057792207792,322.06324675324674,292.459114425855,322.74084525969226
525,0,0,0,0,292.459114425855,322.74084525969226,0,0
530,0.048350213328433256,-0.03190567240261544,0.057928534077499504,-0.5832942207225614,292.52768634335456,322.90395728183745,292.576036556683,322.87205160943483
531,0,0,0,0,292.576036556683,322.87205160943483,0,0
540,-0.19448689809701136,-0.2250630791369872,0.2974534301735635,-2.2834445874827995,296.9503399192692,318.38756107924365,296.7558530211722,318.16249800010667
541,-3.2322463217785753,2.8619028084408455,4.317163880328465,2.416890186322592,296.7558530211722,318.16249800010667,293.5236066993936,321.0244008085475
542,-0.03812093782704551,0.21927291413055627,0.22256193918125305,1.7429274606448486,293.5236066993936,321.0244008085475,293.48548576156657,321.24367372267807
543,-0.7743052244753699,0.5914100316425674,0.9743276687938794,2.48932139442242,293.48548576156657,321.24367372267807,292.7111805370912,321.83508375432064
544,0,0,0,0,292.7111805370912,321.83508375432064,0,0
546,1.241748450944101,0.17071171547576114,1.2534279816657803,0.1366204814559356,293.6489389990959,318.6455352869223,294.89068745004,318.8162470023981
547,0,0,0,0,294.89068745004,318.8162470023981,0,0
553,0,0,0,0,289.76944971537,314.000830170778,0,0
555,0.9298184302295454,0.7548288242257968,1.1976346968406664,0.6818962041426949,288.61466458658344,322.1304070344632,289.544483016813,322.885235858689
556,0,0,0,0,289.544483016813,322.885235858689,0,0
558,1.078354244185391,0.5804038969626504,1.2246291518505008,0.49376278523948164,288.95453096781046,316.72176776798045,290.03288521199585,317.3021716649431
559,0,0,0,0,290.03288521199585,317.3021716649431,0,0
561,-0.14062145920695457,0.23467785455227386,0.27358379010232203,2.1106351874175275,288.5915666136265,323.78981628815274,288.45094515441957,324.024494142705
562,-0.5778916459287302,-0.18783922440957213,0.6076531318614317,-2.8273225044257795,288.45094515441957,324.024494142705,287.87305350849084,323.83665491829544
563,0,0,0,0,287.87305350849084,323.83665491829544,0,0
565,-0.5946551753579001,-0.3072900402637515,0.66935935522351,-2.6646323873160345,288.5059243629281,317.1701022561273,287.9112691875702,316.8628122158635
566,0,0,0,0,287.9112691875702,316.8628122158635,0,0
569,0,0,0,0,287.6309953239813,324.0695390781563,0,0
571,-0.155175707975161,-0.3464635282932136,0.37962675983520294,-1.9918897628179246,287.7310994647636,317.3833073148974,287.5759237567884,317.0368437866042
572,0,0,0,0,287.5759237567884,317.0368437866042,0,0
574,-0.053280243909625824,0.02030497444343382,0.057018210934908505,2.7774868658354013,287.6420512127559,323.05384771299236,287.5887709688463,323.0741526874358
575,0,0,0,0,287.5887709688463,323.0741526874358,0,0
577,-0.8940836229039064,-0.3045819638324474,0.9445399395668798,-2.8132592116740405,288.68887934274824,317.10180959029157,287.79479571984433,316.7972276264591
578,0,0,0,0,287.79479571984433,316.7972276264591,0,0
580,0.07371333510332079,0.8771994798161131,0.8802911922549912,1.4869607113331365,287.54810238305384,322.8882476746554,287.62181571815717,323.76544715447153
581,-1.00560578171212,0.6774558729322848,1.2125136898127329,2.5487507999914087,287.62181571815717,323.76544715447153,286.61620993644505,324.4429030274038
582,0.8193678827534541,-8.121782337748641,8.16300876325964,-1.4702512855552345,286.61620993644505,324.4429030274038,287.4355778191985,316.3211206896552
583,0.2095298801598915,0.08206446158220615,0.22502743507091724,0.3732960641207652,287.4355778191985,316.3211206896552,287.6451076993584,316.4031851512374
584,-1.6051667869102175,-1.3890950427208395,2.1227683461723474,-2.4282315632743465,287.6451076993584,316.4031851512374,286.0399409124482,315.01409010851654
585,0,0,0,0,286.0399409124482,315.01409010851654,0,0
587,-1.7596957217676845,-0.7799398488794509,1.9247948464908131,-2.7243876951751034,287.5070471429563,323.87787266541693,285.7473514211886,323.0979328165375
588,4.248349352672051,-7.875519517597979,8.94831156668205,-1.0760987908159547,285.7473514211886,323.0979328165375,289.9957007738607,315.2224132989395
589,0.6738048118046436,0.9444930167335315,1.1602068708077444,0.9511311216472703,289.9957007738607,315.2224132989395,290.6695055856653,316.16690631567303
590,-1.665877951629568,-0.25818398971944134,1.6857663901836974,-2.9878322353151776,290.6695055856653,316.16690631567303,289.00362763403575,315.9087223259536
591,0,0,0,0,289.00362763403575,315.9087223259536,0,0
593,-0.04919205922470837,0.668899947165869,0.6707063426040263,1.6442059045504123,287.66313379129866,322.0288518155054,287.61394173207395,322.69775176267126
594,0,0,0,0,287.61394173207395,322.69775176267126,0,0
596,-0.7972209618055217,-0.016031281335585845,0.7973821316805273,-3.1214864073034785,288.548652573826,315.86982948738637,287.7514316120205,315.8537982060508
597,0,0,0,0,287.7514316120205,315.8537982060508,0,0
599,-0.8252166987339251,-0.102494303080789,0.8315573834879554,-3.0180225776184364,287.5201275408529,322.72412647801247,286.694910842119,322.6216321749317
600,0,0,0,0,286.694910842119,322.6216321749317,0,0
603,0,0,0,0,289.5784862766842,314.89021347380094,0,0
608,0.20492451766392605,0.440533934004975,0.4858643894644805,1.1353963714435982,286.85252793450604,314.88250912711584,287.05745245216997,315.3230430611208
609,-0.44932111808594755,-1.4303743003787872,1.4992865324353817,-1.8751639851907147,287.05745245216997,315.3230430611208,286.608131334084,313.892668760742
610,0,0,0,0,286.608131334084,313.892668760742,0,0
612,-1.0003770249048785,0.5060182202462329,1.121074766096669,2.673293911476282,285.6478793234032,322.0919591012371,284.6475022984983,322.5979773214833
613,0,0,0,0,284.6475022984983,322.5979773214833,0,0
618,-1.0389389194054388,-0.4284073814794169,1.1238002325864644,-2.75048451401098,291.4728174888537,320.5460952107004,290.43387856944827,320.117687829221
619,0,0,0,0,290.43387856944827,320.117687829221,0,0
624,-0.9113184132999663,-0.03860218247132252,0.9121356143201061,-3.099259349023486,293.5096456130323,321.9524864246928,292.59832719973235,321.91388424222146
625,0,0,0,0,292.59832719973235,321.91388424222146,0,0
630,0,0,0,0,295.66178249764755,324.86752251646726,0,0
636,1.1182584343085296,0.8889426888003982,1.4285380743521838,0.671644844277384,295.6375310393757,324.2084427101809,296.7557894736842,325.0973853989813
637,-1.115129202803871,0.03085952201189457,1.1155561164929355,3.1139262200363524,296.7557894736842,325.0973853989813,295.64066027088035,325.1282449209932
638,0,0,0,0,295.64066027088035,325.1282449209932,0,0
643,-0.8238182137484955,-0.022711117890310106,0.8241312056824383,-3.114031516142572,297.4167385677308,327.56212251941326,296.5929203539823,327.53941140152295
644,0,0,0,0,296.5929203539823,327.53941140152295,0,0
649,0.2184592938554033,0.8049798426274606,0.8340965232563511,1.3057942349626512,295.59412146098987,326.64656725019813,295.81258075484527,327.4515470928256
650,0,0,0,0,295.81258075484527,327.4515470928256,0,0
653,0,0,0,0,296.43968253968256,324.47836566725454,0,0
655,0,0,0,0,294.71278267404523,326.0769283323085,0,0
662,0,0,0,0,295.6440790346108,327.9140697520223,0,0
667,0,0,0,0,286.9268907081926,326.6658842388504,0,0
673,0,0,0,0,283.36051198642247,327.65214624142567,0,0
676,-5.0558445061330985,-0.8413599133108391,5.125373174113536,-2.9766904773577654,282.4923876052302,324.5215236730551,277.4365430990971,323.6801637597443
677,-0.9382685049917541,-0.10223764105899136,0.9438221880782249,-3.0330566962313212,277.4365430990971,323.6801637597443,276.49827459410534,323.5779261186853
678,0.05836615239542198,1.9091034303037873,1.9099954228592102,1.5402333006691136,276.49827459410534,323.5779261186853,276.55664074650076,325.4870295489891
679,0,0,0,0,276.55664074650076,325.4870295489891,0,0
683,-0.3374217160504145,0.22191249355967102,0.40385463877523753,2.559843668892129,275.4072416598861,325.23439497849586,275.0698199438357,325.4563074720555
684,0.05333867212868881,0.9644416429381977,0.9659154707207985,1.5155473749058144,275.0698199438357,325.4563074720555,275.12315861596437,326.4207491149937
685,0,0,0,0,275.12315861596437,326.4207491149937,0,0
689,0.2715295778418749,-0.9743057794356105,1.011434656062674,-1.299002513160411,275.02438878950505,326.5161598091831,275.2959183673469,325.54185402974747
690,0.007854155175607502,0.03466624052282441,0.035544844710714875,1.3479928392303946,275.2959183673469,325.54185402974747,275.30377252252254,325.5765202702703
691,0,0,0,0,275.30377252252254,325.5765202702703,0,0
696,-0.5106806022885166,0.30883974636918765,0.5968053841003332,2.5976797202335264,276.1070202635367,325.4438600376481,275.5963396612482,325.7526997840173
697,0,0,0,0,275.5963396612482,325.7526997840173,0,0
699,-1.253266571970471,-0.29368942287720756,1.2872181545987311,-2.9114070500716056,275.3739359788994,324.79462894137396,274.1206694069289,324.50093951849675
700,0,0,0,0,274.1206694069289,324.50093951849675,0,0
702,0.6189168046421969,-0.9583752840745774,1.1408510841444357,-0.9973807618697184,275.51355320320624,326.5635440249648,276.13247000784844,325.60516874089024
703,0,0,0,0,276.13247000784844,325.60516874089024,0,0
705,0.09779541593121621,-0.010208873214764935,0.09832682477063277,-0.10401336997270857,275.4700516351119,324.49334480780266,275.5678470510431,324.4831359345879
706,0.7895901913698253,-3.6521130795860017,3.736493358269299,-1.3578725946101478,275.5678470510431,324.4831359345879,276.3574372424129,320.8310228550019
707,0.4206346610591254,3.65093971579347,3.6750910636938547,1.4560893708340892,276.3574372424129,320.8310228550019,276.77807190347204,324.48196257079536
708,-0.6161697746359778,0.25096526995662316,0.6653185386710282,2.754810002486233,276.77807190347204,324.48196257079536,276.16190212883606,324.732927840752
709,1.0579046344489598,3.6795117727745605,3.828572723819567,1.2908352081806873,276.16190212883606,324.732927840752,277.219806763285,328.41243961352654
710,-4.196556237447965,-3.4712196715107666,5.4461408595396,-2.4505092703800173,277.219806763285,328.41243961352654,273.02325052583706,324.9412199420158
711,0.19049082037270182,0.5796364196108357,0.6101353387450473,1.2532770927231378,273.02325052583706,324.9412199420158,273.21374134620976,325.5208563616266
712,-0.9362033576801991,-1.1030120998161692,1.446759281730224,-2.274575761963503,273.21374134620976,325.5208563616266,272.27753798852956,324.41784426181044
713,3.105769098084636,2.269084872047813,3.846368137239816,0.6309711531106296,272.27753798852956,324.41784426181044,275.3833070866142,326.68692913385826
714,0,0,0,0,275.3833070866142,326.68692913385826,0,0
717,0.2251765452182326,1.9030777515312138,1.9163531524459472,1.4530216071968265,273.1698551433286,321.81602591528633,273.39503168854685,323.71910366681755
718,-0.15492704796452017,-0.3814103092197456,0.41167488892341086,-1.9566319832906678,273.39503168854685,323.71910366681755,273.24010464058233,323.3376933575978
719,0,0,0,0,273.24010464058233,323.3376933575978,0,0
724,-0.11041007723270013,0.7493826846725256,0.7574726353087171,1.717078615842918,276.42340541522805,324.1161184808286,276.31299533799535,324.86550116550114
725,0,0,0,0,276.31299533799535,324.86550116550114,0,0
727,-0.773646355550909,0.162403740566333,0.7905084809204391,2.934677208378527,279.1132096939356,325.4119353737627,278.33956333838466,325.574339114329
728,0,0,0,0,278.33956333838466,325.574339114329,0,0
730,0.48444400040324354,1.0342816357729134,1.142114044928873,1.1327574733307098,276.5615530883886,322.49451021284426,277.04599708879186,323.5287918486172
731,-0.6364262760224619,-2.2724040182929457,2.35984288188128,-1.8438675250620855,277.04599708879186,323.5287918486172,276.4095708127694,321.25638783032423
732,3.5085060672037116,3.8469966816112446,5.206630224236515,0.8313844115611912,276.4095708127694,321.25638783032423,279.9180768799731,325.1033845119355
733,-0.4692745187516607,0.4818692058531724,0.6726191385168652,2.342953640536097,279.9180768799731,325.1033845119355,279.44880236122145,325.58525371778865
734,0.5803139234443506,0.6432850537929085,0.866360150385924,0.8368166641243184,279.44880236122145,325.58525371778865,280.0291162846658,326.22853877158155
735,-8.552407088710083,-4.017356778322039,9.448958804828631,-2.702449623613196,280.0291162846658,326.22853877158155,271.4767091959557,322.2111819932595
736,0.5863612945925638,2.506149141538174,2.573830430978077,1.3409616007064573,271.4767091959557,322.2111819932595,272.0630704905483,324.7173311347977
737,-0.7865528321643183,-0.6525937543753457,1.0220293371696427,-2.4490093500974788,272.0630704905483,324.7173311347977,271.27651765838397,324.06473738042234
738,8.049263076495834,2.6210505474084016,8.465254990058424,0.3147981262313319,271.27651765838397,324.06473738042234,279.3257807348798,326.68578792783075
739,0.018338074765040346,-0.9541825294457453,0.9543587294542701,-1.5515800689582326,279.3257807348798,326.68578792783075,279.34411880964484,325.731605398385
740,-0.17301376810621605,0.8638765636043217,0.8810314870077705,1.76845728549724,279.34411880964484,325.731605398385,279.1711050415386,326.5954819619893
741,0,0,0,0,279.1711050415386,326.5954819619893,0,0
743,-1.7193832546830663,-0.5304129399374915,1.799337840245035,-2.8423649705134855,270.92189371493413,329.86944461955494,269.20251046025106,329.33903167961745
744,10.01139504378233,-3.8336264225247874,10.720294877947602,-0.3657015791826629,269.20251046025106,329.33903167961745,279.2139055040334,325.50540525709266
745,-0.053422815412659475,-1.0812482705131856,1.0825672356460683,-1.6201646435569952,279.2139055040334,325.50540525709266,279.16048268862073,324.4241569865795
746,-0.04207713044831962,0.08267297102770499,0.09276478343268342,2.0415852083173203,279.16048268862073,324.4241569865795,279.1184055581724,324.5068299576072
747,0,0,0,0,279.1184055581724,324.5068299576072,0,0
749,-1.032112281132413,1.1744381741133907,1.5635091255503268,2.291782183614014,270.4892091152815,328.1092493297587,269.45709683414907,329.2836875038721
750,0,0,0,0,269.45709683414907,329.2836875038721,0,0
755,0.6324412610602508,0.5030214970747693,0.8080919348754958,0.6719081838811914,272.5120534599051,321.7591806145391,273.1444947209653,322.2622021116139
756,0,0,0,0,273.1444947209653,322.2622021116139,0,0
761,-0.09027382037049847,1.7344611899694655,1.7368088502061991,1.6227965898124552,274.54953610588467,316.7720755206644,274.45926228551417,318.50653671063384
762,-0.28987968280586074,-1.679591564891382,1.7044230857853069,-1.7417020604783588,274.45926228551417,318.50653671063384,274.1693826027083,316.82694514574246
763,0,0,0,0,274.1693826027083,316.82694514574246,0,0
768,-0.8946559612501801,-1.546318027428697,1.7864794236014754,-2.0953107449594945,270.0970744680851,322.6861123959297,269.20241850683493,321.139794368501
769,11.292450062323496,3.4486317720009083,11.807306615351532,0.296396849830273,269.20241850683493,321.139794368501,280.4948685691584,324.5884261405019
770,-1.195637278179447,-2.7698640785529847,3.016901641524054,-1.9782938181342462,280.4948685691584,324.5884261405019,279.299231290979,321.8185620619489
771,-0.2293411571815227,0.833945280594321,0.8649058315232363,1.8391694551150253,279.299231290979,321.8185620619489,279.06989013379746,322.65250734254323
772,0,0,0,0,279.06989013379746,322.65250734254323,0,0
774,-0.7230174861998648,-0.1336781122482762,0.7352714621451281,-2.9587680393702525,270.04992666471105,321.59049574655324,269.3269091785112,321.45681763430497
775,0,0,0,0,269.3269091785112,321.45681763430497,0,0
780,-0.2214895516760862,0.6030200430238892,0.6424101445262262,1.9227997062442925,270.5172945205479,321.67899543378996,270.29580496887183,322.28201547681385
781,0.24838735612655682,-3.1315365927102334,3.14137194712227,-1.491643997307168,270.29580496887183,322.28201547681385,270.5441923249984,319.1504788841036
782,0,0,0,0,270.5441923249984,319.1504788841036,0,0
786,0.16904437303583109,1.1160759620611316,1.1288053654841288,1.4204757405416468,274.1706403269755,318.8398047229791,274.33968470001133,319.95588068504026
787,-1.8619973745612128,-1.8945579683012852,2.656385536424776,-2.3475270341335523,274.33968470001133,319.95588068504026,272.4776873254501,318.06132271673897
788,0,0,0,0,272.4776873254501,318.06132271673897,0,0
794,0,0,0,0,270.2576956396188,321.1730869188565,0,0
799,0.7891007872994464,-0.2226856342117003,0.8199200840331168,-0.27504922891284855,275.4909995948371,319.6458875962262,276.28010038213654,319.4232019620145
800,0,0,0,0,276.28010038213654,319.4232019620145,0,0
802,0.024473745190618956,0.21037035069286958,0.2117891608517685,1.4549804693390693,280.2967435471871,321.5204601384994,280.3212172923777,321.7308304891923
803,2.2350319572320814,1.3755448259715877,2.6244030593843384,0.5517005913672378,280.3212172923777,321.7308304891923,282.5562492496098,323.10637531516386
804,-5.216718967882969,-5.702740466442322,7.7288683270883025,-2.3117141815869537,282.5562492496098,323.10637531516386,277.3395302817268,317.40363484872154
805,0.1477495617174327,-0.13331168798742965,0.19900235963865165,-0.7340741394803201,277.3395302817268,317.40363484872154,277.48727984344424,317.2703231607341
806,-0.30871856963130995,-2.739188671112288,2.7565307419263627,-1.6830271134344272,277.48727984344424,317.2703231607341,277.17856127381293,314.5311344896218
807,0,0,0,0,277.17856127381293,314.5311344896218,0,0
811,-0.17581600783250906,1.694158766588373,1.7032572310189669,1.6742039232705928,275.39845316528215,316.58894299627616,275.22263715744964,318.28310176286453
812,-1.0583060189500202,0.7126774030986667,1.275899961060153,2.5489338008952083,275.22263715744964,318.28310176286453,274.1643311384996,318.9957791659632
813,0,0,0,0,274.1643311384996,318.9957791659632,0,0
817,-1.3262184112051614,2.6988655062866655,3.0071132827420257,2.0275390733278584,277.37838019642135,314.8675501143549,276.0521617852162,317.5664156206416
818,-0.971548531012445,-0.08652772087236826,0.975394071435646,-3.0527653617847683,276.0521617852162,317.5664156206416,275.08061325420374,317.4798878997692
819,0,0,0,0,275.08061325420374,317.4798878997692,0,0
824,-0.06267542560351558,0.2504834190936549,0.2582056393950941,1.8159800260396588,275.1552626934165,321.23557098311466,275.092587267813,321.4860544022083
825,7.497070350344245,3.7254357003128007,8.371674563381923,0.46117966555306894,275.092587267813,321.4860544022083,282.5896576181572,325.2114901025211
826,0,0,0,0,282.5896576181572,325.2114901025211,0,0
828,1.2541540165582887,3.1168804965986965,3.3597390266695752,1.1882444276506747,274.25878416062466,323.4160066926938,275.51293817718295,326.5328871892925
829,-0.19859159423737083,-6.079559836038072,6.082802513748824,-1.603450171850931,275.51293817718295,326.5328871892925,275.3143465829456,320.45332735325445
830,0.17518120552125538,0.7384707886838555,0.758964795301624,1.3378800988009234,275.3143465829456,320.45332735325445,275.48952778846683,321.1917981419383
831,4.8423818178079046,-3.87868173283681,6.204259315508867,-0.675342085246674,275.48952778846683,321.1917981419383,280.33190960627473,317.3131164091015
832,0,0,0,0,280.33190960627473,317.3131164091015,0,0
835,1.2332051792661787,-4.494895013495693,4.660995193788272,-1.3030281575293667,274.2187388882304,324.5063411165106,275.4519440674966,320.0114461030149
836,-0.09831245796726762,1.473272084085579,1.4765486694103351,1.6374282271264355,275.4519440674966,320.0114461030149,275.3536316095293,321.4847181871005
837,1.0127408993830613,-2.651803687655672,2.838610034356152,-1.2059844883879483,275.3536316095293,321.4847181871005,276.3663725089124,318.8329144994448
838,0,0,0,0,276.3663725089124,318.8329144994448,0,0
843,-0.07755994415003897,-0.6093799567725,0.6142959194497478,-1.69739248330594,277.12607583158876,319.4431263084438,277.0485158874387,318.8337463516713
844,3.336970403653879,5.136175896316672,6.125004025530621,0.9946324525763899,277.0485158874387,318.8337463516713,280.3854862910926,323.969922247988
845,-1.0167026049226706,-0.5275151801433253,1.1454066754381123,-2.6629797632858567,280.3854862910926,323.969922247988,279.36878368616993,323.44240706784467
846,-0.12499486629417333,0.21014165779251925,0.24450610000506437,2.10739269278673,279.36878368616993,323.44240706784467,279.24378881987576,323.6525487256372
847,4.21599322475322,1.7429494580680398,4.562068794367828,0.3920161836653107,279.24378881987576,323.6525487256372,283.459782044629,325.39549818370523
848,-6.259228386954362,-4.505581821353928,7.712211586112656,-2.517681416839156,283.459782044629,325.39549818370523,277.2005536576746,320.8899163623513
849,-0.240445811300674,-0.9784494315710504,1.0075601611386542,-1.8117631651924588,277.2005536576746,320.8899163623513,276.96010784637394,319.91146693078025
850,0,0,0,0,276.96010784637394,319.91146693078025,0,0
852,0.0750146710238937,0.22275876204145106,0.23505034978715267,1.2459712780729955,280.1085222381636,323.46295552367286,280.18353690918747,323.6857142857143
853,-0.23732363516194255,0.6183358137823234,0.6623153979882447,1.937268608077469,280.18353690918747,323.6857142857143,279.9462132740255,324.30405009949664
854,-3.523138498797948,-4.080952986635737,5.3913525353888145,-2.282968500811514,279.9462132740255,324.30405009949664,276.4230747752276,320.2230971128609
855,0.01168269716646364,0.6310394426111543,0.6311475766760731,1.5522850231948992,276.4230747752276,320.2230971128609,276.43475747239404,320.85413655547205
856,0,0,0,0,276.43475747239404,320.85413655547205,0,0
858,-0.4686353016064686,0.17662655159529095,0.5008153198937007,2.7811611830371135,279.4802362296807,323.2823061630219,279.01160092807424,323.45893271461716
859,2.1697097515374253,0.9713464115964143,2.3772156522364196,0.4209270655187185,279.01160092807424,323.45893271461716,281.18131067961167,324.4302791262136
860,-11.020657657016159,-2.6685968832229037,11.3391491972853,-2.9040205081269836,281.18131067961167,324.4302791262136,270.1606530225955,321.7616822429907
861,-0.16480714661719276,2.183772302463865,2.1899823891037187,1.6461225506010468,270.1606530225955,321.7616822429907,269.9958458759783,323.94545454545454
862,-1.447532171481555,-0.8867687852832091,1.6975595029414325,-2.591954611247931,269.9958458759783,323.94545454545454,268.54831370449676,323.05868576017133
863,10.68776350872713,1.623197976238714,10.810321941947183,0.1507226236487043,268.54831370449676,323.05868576017133,279.2360772132239,324.68188373641004
864,0.27371217594293284,1.2767352494462898,1.3057454776632753,1.3596086007256065,279.2360772132239,324.68188373641004,279.5097893891668,325.95861898585633
865,0.07386657604848779,0.8336259364141938,0.8368921513071852,1.482418366191664,279.5097893891668,325.95861898585633,279.5836559652153,326.7922449222705
866,0,0,0,0,279.5836559652153,326.7922449222705,0,0
868,-0.2953903630938157,-0.5385371262217404,0.6142293569407662,-2.0724911013786014,272.41269455252916,322.80483949416345,272.11730418943534,322.2663023679417
869,0,0,0,0,272.11730418943534,322.2663023679417,0,0
871,-0.3382915494379972,0.6517516721415859,0.7343169714506905,2.0495673435207107,277.39514906518446,323.83414743697716,277.05685751574646,324.48589910911875
872,0,0,0,0,277.05685751574646,324.48589910911875,0,0
874,0.1598088566702245,0.2859109383252303,0.3275422649434085,1.0611105237885128,273.9990328820116,323.583752417795,274.1588417386818,323.8696633561202
875,1.359620152610887,-5.447371482410233,5.614483326786349,-1.3262017334242437,274.1588417386818,323.8696633561202,275.5184618912927,318.42229187371
876,0.6533056846664635,7.261451750153412,7.290781154130438,1.481068885553952,275.5184618912927,318.42229187371,276.17176757595917,325.6837436238634
877,0.006263582315853,0.7556896567868421,0.7557156143934322,1.56250795228976,276.17176757595917,325.6837436238634,276.178031158275,326.43943328065023
878,0,0,0,0,276.178031158275,326.43943328065023,0,0
880,0.04509980924399315,0.15133379428772287,0.1579110828515953,1.2811612107252865,275.52366374823976,323.5442968223841,275.56876355748375,323.69563061667185
881,-0.33718461011534373,-2.5394077064551084,2.561695719811826,-1.7028049467763613,275.56876355748375,323.69563061667185,275.2315789473684,321.15622291021674
882,4.147791682002207,3.6075219655970727,5.497125664340599,0.7158460761189179,275.2315789473684,321.15622291021674,279.3793706293706,324.7637448758138
883,-0.1842066559865998,0.6616947629694323,0.6868566454879349,1.842307878852562,279.3793706293706,324.7637448758138,279.195163973384,325.42543963878325
884,1.368241028809905,2.0241936590290948,2.443244458127836,0.9763986049300467,279.195163973384,325.42543963878325,280.5634050021939,327.44963329781234
885,-2.386573675537022,-5.985078329881674,6.443360654471042,-1.9502280688131526,280.5634050021939,327.44963329781234,278.1768313266569,321.46455496793067
886,0.3543879457128014,0.7319175001126155,0.81319987889672,1.119875627481999,278.1768313266569,321.46455496793067,278.5312192723697,322.1964724680433
887,-0.42746997186605995,-1.2431988250662016,1.3146383135650483,-1.9019789959345308,278.5312192723697,322.1964724680433,278.10374930050364,320.9532736429771
888,0,0,0,0,278.10374930050364,320.9532736429771,0,0
892,-0.49418189944924507,2.6105506144155015,2.656913671945029,1.757884302532392,279.4609189957366,317.93692901130134,278.9667370962874,320.54747962571685
893,-0.78649621863417,-0.36640402352270485,0.867656735339198,-2.7056209037709285,278.9667370962874,320.54747962571685,278.1802408776532,320.18107560219414
894,0,0,0,0,278.1802408776532,320.18107560219414,0,0
899,-0.4267832968680523,-2.393051280467489,2.4308102380549275,-1.7472835422324573,279.4647610869165,319.6642949150463,279.03797779004844,317.2712436345788
900,5.236458531140954,5.352519958220853,7.487988237938908,0.7963583121853283,279.03797779004844,317.2712436345788,284.2744363211894,322.62376359279966
901,-0.11589973582351831,-0.9143786511241387,0.9216946709163294,-1.6968764384625992,284.2744363211894,322.62376359279966,284.1585365853659,321.7093849416755
902,-0.7105920179965892,0.47391539604427635,0.8541292751382944,2.5534075098150137,284.1585365853659,321.7093849416755,283.4479445673693,322.1833003377198
903,-4.5079043972369846,-4.9175867271337665,6.671121440470914,-2.312756475042741,283.4479445673693,322.1833003377198,278.9400401701323,317.26571361058603
904,-0.5216799332260393,1.2195958772783229,1.3264856036176973,1.9749924140730855,278.9400401701323,317.26571361058603,278.41836023690627,318.48530948786436
905,0,0,0,0,278.41836023690627,318.48530948786436,0,0
907,-0.15183446963237657,1.577513672414625,1.5848038026278275,1.666749978915353,283.45859243331205,321.91102458301856,283.3067579636797,323.4885382554332
908,-4.421412981332708,-6.129912200738659,7.558089463631801,-2.1956650703362586,283.3067579636797,323.4885382554332,278.88534498234696,317.3586260546945
909,0.160750808654484,0.36886305996438296,0.40236895940089423,1.159813006622026,278.88534498234696,317.3586260546945,279.04609579100145,317.7274891146589
910,0,0,0,0,279.04609579100145,317.7274891146589,0,0
912,4.04707671181211,2.136727111088419,4.576508784931171,0.48577088330850454,281.39679955081414,319.6272880404267,285.44387626262625,321.76401515151514
913,-6.499453694138879,-4.86161317142853,8.116537497656429,-2.499370622503512,285.44387626262625,321.76401515151514,278.94442256848737,316.9024019800866
914,-0.6321092011942255,-0.3362095800632119,0.7159601413212073,-2.6527633815493648,278.94442256848737,316.9024019800866,278.31231336729314,316.5661924000234
915,0,0,0,0,278.31231336729314,316.5661924000234,0,0
917,0,0,0,0,281.35877379651464,320.46293207568874,0,0
919,-0.27123603302339916,-2.336800111559512,2.3524888409926237,-1.6863507975869496,277.45838553785575,315.4434699600263,277.18714950483235,313.10666984846677
920,0,0,0,0,277.18714950483235,313.10666984846677,0,0
924,0,0,0,0,279.2284178703393,314.00072780203783,0,0
926,-0.2747820960027525,0.9499822132267468,0.9889243680539246,1.8523615402078255,282.4141200023553,318.63051286580696,282.1393379063525,319.5804950790337
927,-2.7601075488910283,-6.371252231237349,6.943417650947705,-1.979602611193066,282.1393379063525,319.5804950790337,279.3792303574615,313.20924284779636
928,0.14272057225986146,2.1486850319636233,2.1534197287873766,1.5044714660453884,279.3792303574615,313.20924284779636,279.52195092972136,315.35792787976
929,1.7981616758463588,4.430686446170569,4.78166997990892,1.185263323455874,279.52195092972136,315.35792787976,281.3201126055677,319.78861432593055
930,0.9286130052602175,-0.3165922951108655,0.9810977499015978,-0.3285721564463859,281.3201126055677,319.78861432593055,282.24872561082793,319.4720220308197
931,-0.291201483579016,1.1278230781997536,1.164810370729325,1.8234755985349882,282.24872561082793,319.4720220308197,281.9575241272489,320.59984510901944
932,-3.54576300969876,-7.14544384018518,7.97682913156527,-2.031421078113691,281.9575241272489,320.59984510901944,278.41176111755016,313.45440126883426
933,-0.3211258339314327,-0.21746669356514303,0.38783187598276897,-2.546332554777167,278.41176111755016,313.45440126883426,278.0906352836187,313.2369345752691
934,0,0,0,0,278.0906352836187,313.2369345752691,0,0
938,-1.0224146591719432,-1.760716894877362,2.0360392233933657,-2.0968894678326686,278.1607873362187,312.3549534594178,277.13837267704673,310.59423656454044
939,0,0,0,0,277.13837267704673,310.59423656454044,0,0
941,-2.8758492298100578,-5.363862121638988,6.086174960724725,-2.0629461018191813,278.4070158861395,316.66845804051263,275.53116665632945,311.30459591887364
942,-0.08528540050104993,1.0461034905139854,1.0495742529255223,1.6521431518156722,275.53116665632945,311.30459591887364,275.4458812558284,312.35069940938763
943,-0.9610635024429826,-1.2097341883651325,1.5450242270681125,-2.242138970538122,275.4458812558284,312.35069940938763,274.4848177533854,311.1409652210225
944,0,0,0,0,274.4848177533854,311.1409652210225,0,0
948,0.8200081613986754,-0.1347481056159836,0.8310056779153392,-0.16286975155630376,274.4780608848272,312.34364219572717,275.29806904622586,312.2088940901112
949,0,0,0,0,275.29806904622586,312.2088940901112,0,0
953,0.7336982434906645,-0.027127222398462436,0.734199563263519,-0.03695643487291975,274.41718759482916,314.9128482126601,275.1508858383198,314.88572099026163
954,0,0,0,0,275.1508858383198,314.88572099026163,0,0
959,0,0,0,0,265.51295055243617,318.906780172674,0,0
963,-1.0290144304859155,2.454359734244406,2.66134409711118,1.9677949648316246,267.37475287398405,315.65043567401335,266.34573844349813,318.10479540825776
964,0,0,0,0,266.34573844349813,318.10479540825776,0,0
968,-0.31873309890272594,0.4192040819409044,0.52661451807945,2.2208754064190153,266.3830616810483,317.53678491530843,266.06432858214555,317.95598899724934
969,0,0,0,0,266.06432858214555,317.95598899724934,0,0
973,-0.001917139538761603,-1.4814264577562426,1.4814276982574004,-1.5720904433259528,266.41645005569995,318.29855180096547,266.4145329161612,316.8171253432092
974,0,0,0,0,266.4145329161612,316.8171253432092,0,0
978,-0.16691386628173177,-1.5231676492986708,1.53228585016868,-1.6799442003044132,266.4829303931987,318.235587141339,266.316016526917,316.71241949204034
979,0,0,0,0,266.316016526917,316.71241949204034,0,0
983,-0.6959680846787251,1.0053483755202137,1.222741563476316,2.1763125275653104,267.2924261874198,317.5436456996149,266.59645810274105,318.5489940751351
984,-0.14620136333155642,-2.976015897984894,2.9796049173839876,-1.619883402741745,266.59645810274105,318.5489940751351,266.4502567394095,315.5729781771502
985,0,0,0,0,266.4502567394095,315.5729781771502,0,0
989,-1.1155124673239243,3.238882309770247,3.425598733257846,1.9024850240853866,267.5289887307236,315.0677639383155,266.4134762633997,318.30664624808577
990,-0.27983543790145404,-0.4022053516278561,0.48997654758527565,-2.1786660268414484,266.4134762633997,318.30664624808577,266.1336408254982,317.9044408964579
991,0,0,0,0,266.1336408254982,317.9044408964579,0,0
996,-0.8087131811061568,-0.49830407397826093,0.9499073425540892,-2.589368865518094,266.16002376002376,318.13982773982775,265.3513105789176,317.6415236658495
997,0,0,0,0,265.3513105789176,317.6415236658495,0,0
1002,-0.5197162047442703,0.4085656960167512,0.6610830972241241,2.475365011155293,266.0826519617164,317.504531913545,265.56293575697214,317.91309760956176
1003,0.9284062343698452,-4.9081715011873825,4.995206264118109,-1.383849857501287,265.56293575697214,317.91309760956176,266.491341991342,313.0049261083744
1004,0,0,0,0,266.491341991342,313.0049261083744,0,0
1008,-0.17319858373355146,1.874330584397967,1.8823158313675556,1.6629402243301694,266.18480589022755,316.0987282463186,266.011607306494,317.9730588307166
1009,-0.6003935125350495,-1.140955624117339,1.2892835631074964,-2.0551991349557674,266.011607306494,317.9730588307166,265.41121379395895,316.83210320659924
1010,0,0,0,0,265.41121379395895,316.83210320659924,0,0
1015,0.060199600689600175,-0.6043042008730595,0.6072952816513679,-1.4715058657657027,271.08805069041784,313.0693406659095,271.14825029110744,312.46503646503646
1016,5.180152773123552,5.001080211451438,7.200332355820166,0.7678114821283485,271.14825029110744,312.46503646503646,276.328403064231,317.4661166764879
1017,0.06109939003050613,-1.0405254225834142,1.0423177492993643,-1.5121439287998915,276.328403064231,317.4661166764879,276.3895024542615,316.4255912539045
1018,-0.1305686522696874,0.21049544791156904,0.24770245567417093,2.126002982192707,276.3895024542615,316.4255912539045,276.2589338019918,316.63608670181605
1019,7.775337993170467,-1.9341663483350544,8.012295574370176,-0.24380802666858484,276.2589338019918,316.63608670181605,284.0342717951623,314.701920353481
1020,0,0,0,0,284.0342717951623,314.701920353481,0,0
1033,1.2316230827537993,0.019878591780411625,1.2317834941186474,0.01613875720003662,289.4070526774053,308.8577855173415,290.6386757601591,308.8776641091219
1034,0,0,0,0,290.6386757601591,308.8776641091219,0,0
1045,0.9891332276728235,-0.28580003652712094,1.0295951645988637,-0.2812792650242597,289.4282357966681,308.04293037163603,290.4173690243409,307.7571303351089
1046,-1.937498048594989,-1.0098441866069834,2.1848761908935046,-2.661121041116905,290.4173690243409,307.7571303351089,288.47987097574594,306.7472861485019
1047,0,0,0,0,288.47987097574594,306.7472861485019,0,0
1052,0,0,0,0,290.4575593026579,307.6788368105173,0,0
1060,0,0,0,0,288.508916838746,307.67624053563605,0,0
1065,-1.0186622326056067,0.6798744442507996,1.224704864072309,2.5530694420283266,292.6298020954598,306.87478980726945,291.6111398628542,307.55466425152025
1066,0,0,0,0,291.6111398628542,307.55466425152025,0,0
1071,-1.0148579958863024,0.20183787239625417,1.0347344000021497,2.9452714861509928,294.51363242450503,307.6197586827545,293.49877442861873,307.82159655515073
1072,0,0,0,0,293.49877442861873,307.82159655515073,0,0
1077,-0.08421133680138837,-0.6868985624458332,0.6920413169284253,-1.6927840697106038,292.70489868188076,308.6759787527051,292.6206873450794,307.98908019025924
1078,0,0,0,0,292.6206873450794,307.98908019025924,0,0
1083,1.0574057860258677,0.8502678387608285,1.3568575437207817,0.677240453481915,292.61740056818184,307.13259943181816,293.6748063542077,307.982867270579
1084,0,0,0,0,293.6748063542077,307.982867270579,0,0
1089,1.0522155980536354,-0.1385821049053675,1.0613023436266273,-0.13095134777432696,291.53127124405165,309.15601631543166,292.5834868421053,309.0174342105263
1090,0,0,0,0,292.5834868421053,309.0174342105263,0,0
1096,-1.048409835843188,-0.16263564461513624,1.060949356374809,-2.987693292926982,291.5285173627249,308.96122435429254,290.48010752688174,308.7985887096774
1097,0,0,0,0,290.48010752688174,308.7985887096774,0,0
1102,-1.1269608367259139,0.5027978047072565,1.2340366120712984,2.7219418706849674,291.65623530991877,308.17184876771205,290.52927447319286,308.6746465724193
1103,0,0,0,0,290.52927447319286,308.6746465724193,0,0
1108,0.05798314207191879,-0.0010148915700938232,0.05799202332589687,-0.01750143078246727,291.48533419857233,306.70389357560026,291.54331734064425,306.70287868403017
1109,0,0,0,0,291.54331734064425,306.70287868403017,0,0
1114,1.9986146282770392,0.13075414395189,2.0028871856706156,0.06532929022350162,290.4181367144432,307.1464994487321,292.41675134272026,307.27725359268396
1115,0,0,0,0,292.41675134272026,307.27725359268396,0,0
1121,-2.0018317370432896,0.13033334879185077,2.0060700599034553,3.0765773700942884,293.6204343182627,306.5237451050196,291.6186025812194,306.65407845381145
1122,0,0,0,0,291.6186025812194,306.65407845381145,0,0
1128,0,0,0,0,291.49474237644586,304.2043243953733,0,0
1134,0,0,0,0,295.42597120347733,303.6678212442271,0,0
1139,2.080707815990877,-0.33614399351625934,2.1076854129358544,-0.16016885053608423,293.4228808759675,302.48694229438047,295.5035886919584,302.1507983008642
1140,0,0,0,0,295.5035886919584,302.1507983008642,0,0
1146,-0.007338372076844735,0.08339246722778171,0.08371472567639973,1.6585682552638512,293.50898876404494,302.83876404494384,293.5016503919681,302.9221565121716
1147,0,0,0,0,293.5016503919681,302.9221565121716,0,0
1152,-0.05064458501209401,-0.048366392649768386,0.0700298645507671,-2.3791999234368473,294.47281057034724,302.17249850607527,294.42216598533514,302.1241321134255
1153,0,0,0,0,294.42216598533514,302.1241321134255,0,0
1165,0,0,0,0,291.66292060988434,301.02845688748687,0,0
1172,0,0,0,0,288.6225065616798,302.5222440944882,0,0
1177,0,0,0,0,290.4064516129032,299.567807103291,0,0
1180,0.31090559984710353,-0.5925028409529887,0.6691202496963081,-1.0875589133229233,291.2578680815145,293.7693838176776,291.5687736813616,293.1768809767246
1181,0,0,0,0,291.5687736813616,293.1768809767246,0,0
1185,-3.0337296410568797,1.9969577586375635,3.631990614636809,2.5594384289823577,288.60113344239306,299.6610773545221,285.5674038013362,301.65803511315966
1186,0,0,0,0,285.5674038013362,301.65803511315966,0,0
