180,-0.5170501547640924,-1.9078055167396428,1.976629138772316,-1.8354570017701546
181,0.38447989688353346,-0.09244566081360972,0.3954377211532019,-0.23596420729238538
182,-0.4611262600583359,-0.9860108946311641,1.0885104097098643,-2.00824586402366
183,-0.38508873985460923,-0.03872292131984523,0.3870307509725214,-3.041373695810505
184,0.3831681949225185,-0.5192065147730034,0.6452854179221084,-0.9350273044589172
185,-0.4905717293848397,2.4127582296652292,2.4621256865742907,1.7713860177428669
186,-1.6019672145593518,-1.3380151171679415,2.0872430165874287,-2.445734590973198
187,-0.028086180607431288,-0.2643025734379023,0.2657906767872248,-1.6766642779421705
188,-0.1224280508996003,0.7918936619386443,0.8013015658699731,1.7241835797414302
189,1.0946399516653287,3.48180334896756,3.6498207058242724,1.2661916341852366
190,-0.1621514235988002,-0.683838539946322,0.7028002795183245,-1.80361587298581
191,0.3113134558448678,-0.59551168402092,0.671974875717468,-1.0891019765435987
192,0.3204849243267631,-1.0211443132500904,1.0702552476880127,-1.266683124487518
193,2.4187078441051426,0.9620611034598028,2.6030192473214715,0.37857237854555187
194,-0.22823343050691847,-0.5927144142100076,0.6351384696373451,-1.9383615632194935
195,0.932356826515786,-0.88260975814012,1.2838571716179135,-0.7579956665503681
196,0.019966174919659352,-0.47694956312716386,0.47736729455222937,-1.528958519422789
197,-1.905058916603025,-2.2460507391072895,2.9451644093960345,-2.274233770225626
198,-0.621031453199862,-0.1857663843258024,0.6482200362600758,-2.8509382859980925
199,-0.005831486077966019,0.49014923781933817,0.4901839262611083,1.582693133945762
200,-0.2173017705005691,0.3037708475340821,0.3734926870425398,2.1917486519879295
201,-1.4635186163139338,0.9109567963242569,1.723870362024594,2.5848342532470436
202,0.7010583750735577,1.5075434342050755,1.6625793368364743,1.1355110143486444
203,0.7852708336548062,0.4786050849141077,0.919626614172597,0.5473592896111856
204,0.2856456957538285,-0.6274112057365926,0.6893752857381338,-1.1435629783978918
205,-1.381530029476778,-1.7576560836813258,2.2356162754032907,-2.2369465381790645
206,0.027556816088633695,2.4999121218707785,2.500063998218726,1.5597736593199754
207,-0.3259345338663593,1.2828988852104146,1.3236551174837068,1.8195934112018146
208,0,0,0,0
210,-0.9405404821245043,-0.34042088502880574,1.000251357149187,-2.7943191505083513
211,1.3971186857693851,1.6927166865937977,2.194818990987425,0.8807757743514836
212,0.061489838150521337,-1.8534363092558976,1.8544560260798584,-1.5376323637157336
213,0.2021848703520277,-0.7137879375084424,0.7418705692584268,-1.2947706952302016
214,0.463126244977218,0.25325717825751326,0.5278495212895963,0.500415902392415
215,0.8304490620975002,0.5144165941408403,0.9768674818347061,0.5545939269058865
216,0.0038400072426725274,0.07738526169075044,0.07748047742863814,1.5212150498279073
217,1.377558722217998,-1.0150061918378128,1.7111123874918275,-0.6350092910726447
218,0.7139611639345276,0.9498701304891881,1.1882734569122937,0.926245919899682
219,0.27720700894559513,0.939549711107901,0.9795904171905233,1.2838939650690866
220,0.18399592569414835,0.7437003101405537,0.766123131079595,1.3282605530362488
221,-1.214533186112135,-2.1249392712550446,2.4475411675168233,-2.090042539709777
222,-0.24205275993335817,-1.0428787003124569,1.0706005427594156,-1.7988588473202378
223,0.37025566992383574,0.16583911593079392,0.4056992401810185,0.4211097950387659
224,0.6739904350004053,1.1673593381249248,1.347958059725709,1.047187781192614
225,-1.9531340368299084,-1.2847446047396431,2.337798379935942,-2.559763293529879
226,-0.08678407831706636,1.940698006875806,1.9426374417634056,1.6154845266232765
227,-0.30915876694524513,-1.7406793649430767,1.7679207546487308,-1.7465714748335728
228,-0.5832055851712425,-0.44645090151729505,0.7344706679238708,-2.4882375267188834
229,2.0389610389610766,2.0455188375980526,2.888167140829928,0.7870037027073143
230,0.25018792556318203,-1.1750393968854382,1.2013790335820342,-1.361010305308954
231,-1.0081480977055435,-1.8723302478679784,2.1264955076342558,-2.0647253868683144
232,-0.14198726031901288,-1.0931189979247904,1.1023019213069516,-1.6999649869960372
233,1.437519273065675,2.011772261133899,2.472587569956435,0.950369426361604
234,0.00939175552485949,0.7085046167042321,0.7085668613215337,1.5575413595420657
235,0,0,0,0
238,1.4834351068274145,-0.09947164436761113,1.486766398665661,-0.06695470392768074
239,0.37301337882735197,-0.7942179337528046,0.8774514841737815,-1.1317129439279006
240,-0.7059945070254798,0.46063000805267507,0.8429758289943774,2.5634931741464886
241,0.2274807279644051,-0.5935343243618263,0.63563391648878,-1.2047996918478878
242,-0.8336995206047391,-0.5552916722670602,1.0017004202583326,-2.5540120208462334
243,0.2883337683595073,0.5075142502870733,0.5837011874416944,1.05414081193655
244,0.3454168393906798,0.18035559894954645,0.3896677238457098,0.48120152975238717
245,0.6664427108553923,-1.0604862295223256,1.2525082554054336,-1.009733383690604
246,-0.6293768627953114,-0.8134568208125756,1.0285072847328651,-2.229297792462506
247,0.02481383227251399,-0.21063577023048197,0.21209232417189655,-1.4535323369063289
248,-0.3285049335049166,0.303520905793647,0.44725879710841415,2.395703992457452
249,0.40381805945401084,1.366798974583105,1.4252047088269917,1.2835208691289262
250,-0.11029921584122349,-0.07715878882402194,0.1346083047511513,-2.5311750219238336
251,-0.8108994083066818,-0.3985509370856164,0.9035489471212667,-2.6847742184064542
252,-0.7545495461670271,0.49875025529152595,0.9044870561673223,2.5575298453091277
253,1.086639426288059,2.173358817843507,2.4298711475841204,1.10716343526369
254,0,0,0,0
256,-1.1049524214867574,-0.6912894117344024,1.3033805678026449,-2.5825417152743446
257,1.949867831828783,2.8760926588780364,3.4747508607168966,0.9750178525400373
258,-1.645888531097171,-0.06272818002034342,1.6470834469952844,-3.103499044091561
259,-0.3753093335376434,0.09888498563338999,0.38811768347266246,2.8839715000122896
260,0.02431559422296914,0.8664201447746791,0.8667612793576972,1.5427392535285733
261,-1.501886634439586,-0.5659849336472007,1.6049929619234762,-2.7812016618112945
262,0.9341659129832465,1.0100351110394001,1.3758040843492927,0.8244017029239609
263,1.0661840731214625,-0.16620775454586578,1.0790613955883377,-0.15464559469434616
264,0.7359252588257164,0.10148155341479992,0.7428892866781553,0.13703233237351378
265,-2.099126611295958,-1.3045461475224727,2.4714718653601087,-2.5855351293045308
266,-0.14942590551521562,-1.4434733854770911,1.4511869334512826,-1.6739472137949154
267,-0.5046397425056739,-0.8414767469235755,0.981195385909084,-2.111000573961164
268,-0.3489082692850616,0.7259141238784821,0.8054118794888497,2.0188418168237656
269,-0.5753731524457635,0.3954126077074136,0.6981442507744032,2.5394899522021017
270,-1.7362245655095876,-0.13857746345505007,1.7417460937968519,-3.061946093624701
271,-0.8879647816442002,-0.4296114971058387,0.9864316965132214,-2.690975933519635
272,-0.014153892915373945,0.33983256795684724,0.3401271922807776,1.6124218758225086
273,0,0,0,0
276,0.5314640977260865,-0.8565911120346925,1.0080686585687675,-1.015482237920942
277,-1.0584701268254548,-1.2387623397433458,1.6293836699035322,-2.2778726795719555
278,-0.11185647210487559,-0.014211735329752173,0.11275568177627121,-3.0152164492964872
279,0.6807986675764823,0.4401213140924085,0.8106747787444373,0.5738952633445662
280,0,0,0,0
282,0.4840248455353162,0.3551625345353955,0.6003502952719293,0.6330322299654686
283,-0.28107202311105084,0.5554536303359896,0.6225192508101008,2.039250303566519
284,0.04305307978728479,1.0198918823810459,1.0208001858473201,1.5286079980596174
285,-2.5346911573659554,-1.9807529731371574,3.2168372050541905,-2.478260928261575
286,-0.33136747074939876,0.9361625018537723,0.9930783607288842,1.9109978401377579
287,0.75917343041084,1.1270279853327736,1.3588732012829647,0.9780045667001169
288,1.7046511005666503,0.5568562777938837,1.7932998323709148,0.3157405030366728
289,-0.9995849812866595,-1.0153344870575722,1.4248067431839009,-2.348378205084201
290,1.9697588208777006,0.21582298699459557,1.9815472172372726,0.1091328984680018
291,0,0,0,0
293,0.7517141215457741,2.420344745817914,2.5343919998965667,1.2696602946233582
294,0.538558198820283,0.3677069042067558,0.6521144845177599,0.5990626957949062
295,0.36355494545057354,-1.3099655843316782,1.3594785877295033,-1.30007938029369
296,-0.8632996235513701,-1.140549040149864,1.4304329250302907,-2.218708893901355
297,0.7019159044083949,-0.23695146931291333,0.7408319213364145,-0.325566008050395
298,0.7783807498142323,-0.6626224314853744,1.0222255516220264,-0.7052385384898054
299,-1.527102414383421,-0.17220272323092445,1.5367809088818811,-3.0293026448837206
300,0,0,0,0
302,0.4308594393019689,0.6289082936136197,0.7623421136285217,0.9701466107982633
303,-0.05661705643979076,0.580553514312669,0.5833077010126789,1.6680114570020206
304,-0.41199575018600854,-0.7305020459261584,0.838673796701456,-2.0843168333807194
305,-0.18414677312284766,-0.043200064309331765,0.18914618581374548,-2.911163749466442
306,0.7328614200224024,-1.2475614003549538,1.4468916022331684,-1.039666917951785
307,0.2884451004144921,0.3070280757063131,0.42126810373567086,0.816595112346646
308,0.6234880787508814,-0.6451199956008224,0.8971717745607417,-0.8024482051602134
309,2.396604704636502,0.4510707753268264,2.4386838570507163,0.18603608733805105
310,-1.052260160751814,-0.9242588725888083,1.4005377215428967,-2.420865151024321
311,-1.0214332934698973,0.06919909177099726,1.0237746272059551,3.073948965092392
312,0.1849757524134361,-0.07888780286921815,0.20109528692251702,-0.40312055186053875
313,1.42305499271788,1.2653455882548883,1.9042544394107093,0.7268024065761879
314,-0.8449095067986718,-1.5834435536960996,1.794760586379283,-2.060953390403668
315,-0.7656888871721321,-0.21400808167823016,0.7950339181207894,-2.869050037597573
316,-1.3597881130322662,-0.4000131604445585,1.4174040499704716,-2.8554901233749397
317,0.9501357191261945,2.042067773810601,2.2522874322775133,1.1353074817022442
318,-0.5037741693438988,-0.9638390868607303,1.0875542281002182,-2.0524186020603308
319,0,0,0,0
321,0.44267214774532704,0.7058467045394821,0.8331735717716373,1.0106520442759934
322,-1.523929753408936,-2.414349236280941,2.8550734015179686,-2.1338394340344196
323,-0.7806976437097433,0.33274626529126294,0.8486512169078819,2.738692019023971
324,0.445576427846504,0.4631539092482342,0.6426895803608242,0.8047386530719607
325,-2.054930893299911,-0.22819548601285078,2.0675623705404904,-3.0309980049666807
326,0.24347197358872563,0.47766887180853246,0.5361400498172333,1.099411968437817
327,-0.4763505437800859,0.36455148571462814,0.5998396671580883,2.4883706902829625
328,0.7714631223790889,0.5161734817172885,0.9282189463801312,0.589674141018999
329,0.25029508602614214,0.23460869193684175,0.34305811230919725,0.7530599421874433
330,0.30491051708719397,0.0904195508712462,0.31803477578739386,0.288283646067878
331,0.28663410135709455,0.8107065245148988,0.8598861418535685,1.2309527720265787
332,0.4163168943476876,-0.046536392405045035,0.41890976634280086,-0.11131906663734527
333,1.1444988738738857,1.0881745495495352,1.5792408057626697,0.7601762121198333
334,0.6822058893344547,-0.3715109511372816,0.7768045199775436,-0.4986671112954462
335,-0.47943987292620704,-0.6464868742743306,0.8048651255710435,-2.208904920592965
336,1.083254603423029,0.34019932500245886,1.1354189167744708,0.304299047200841
337,-0.8015024887313871,-0.05280697063520279,0.803240197942231,-3.0758027638797962
338,0.7731688589005898,0.3995114188770117,0.8702869975972084,0.4769335606864581
339,0.37190015763098927,-0.014960873726295176,0.37220096048856294,-0.04020651998300465
340,1.5308557615950917,0.3426630609748429,1.5687374975328208,0.22020776665563896
341,-2.617074938723704,-1.8958339984159522,3.2316045216649725,-2.5146716117456784
342,0.6230966587822877,0.11027921740128477,0.6327803346946637,0.17517173931917787
343,1.271229963524945,0.25909121250290923,1.297364203514133,0.20105770769571057
344,-0.20589412457871958,0.8739462347582219,0.897872157817643,1.8021685623678763
345,-0.7539188099303828,-2.3804377986100462,2.4969737053117496,-1.877515983077237
346,0.022350553453918565,0.1963979712277819,0.19766565291442295,1.457481463947958
347,0.5711573033764807,-0.36633970752058076,0.6785465691509743,-0.5703050214155324
348,-0.3629786155260035,0.6172571275227199,0.7160725080651913,2.102383398392692
349,-1.686652096204,0.23999852774804253,1.703641566454216,3.000248653095517
350,-0.6037076257516674,-0.3350851448797414,0.6904671981418035,-2.6348840640777187
351,0.6515715700980422,-0.38070159663564596,0.7546384675067644,-0.5287820343130155
352,1.008081775515791,1.1276387820826415,1.5125468881935173,0.8413195029562485
353,-0.538991322834022,1.0345613127490196,1.1665456510258583,2.051090954555226
354,0.6335903810537502,0.06554227365288057,0.6369713970025855,0.10307917419813631
355,-0.1693018175207044,-0.43193567775247743,0.4639305283459,-1.944353132872994
356,0,0,0,0
358,0.6056487787281526,0.2093579109922814,0.6408129041069279,0.33281702619376413
359,-0.5260505430324542,-0.4492547379711027,0.6917795844156028,-2.4347726361803756
360,-0.6414773547708137,1.9717147106790094,2.0734396776833828,1.885335571701438
361,-0.06672670747275333,0.09453687691268442,0.11571376143984967,2.185422525592479
362,0.040218136584826425,-0.011186907653751632,0.04174500464977002,-0.2712977524008262
363,0.35326870054143455,0.7036952647783323,0.7873917706286249,1.1055344736591175
364,0.44774825008670405,1.4199240059553517,1.488846089474664,1.2653330045024818
365,-0.9120819465282466,-1.5248259667396837,1.7767914075733162,-2.1098579459060547
366,0.31096872303646705,0.15373268095063963,0.34689376457238624,0.4591310791108886
367,0.014150849558291156,1.3492587431960033,1.3493329472869473,1.5603088418546842
368,-0.40806254376201423,-1.1220973775370453,1.1939922798314233,-1.9195886874000072
369,1.391049373839678,1.9745293107506257,2.4153228271750966,0.9570588173553112
370,0.8895299464989534,-0.8023208629292355,1.1979074642099632,-0.7338971879986412
371,-0.7884909929426271,-0.3238045259012665,0.852389240280398,-2.7519274787010306
372,-0.150806393703931,-0.32834526590926316,0.36132143864848343,-2.0013506593759893
373,1.8679427461669889,1.5128924005086617,2.4037582071570203,0.6807631754134219
374,0.24671137981175661,-0.5413812234540103,0.5949454882904667,-1.1432063494838351
375,0.05777926337549388,-0.7024460178600123,0.7048183108316664,-1.4887267000650022
376,-0.9573719746727534,0.020961891009051214,0.9576014300132819,3.119700909518317
377,0.5578242213230169,-0.4768961199607702,0.7338922067499201,-0.7073445257511335
378,-0.30110997481989443,0.24024177493603815,0.3852055650694256,2.4681616649508005
379,-1.2667082116777237,0.098186555833081,1.2705078879244078,3.0642341772110844
380,-0.07857970905820366,0.20102281408671274,0.21583545227560047,1.9434328745318121
381,-0.568088343327986,1.0030191394295116,1.1527236268451575,2.086127082927192
382,-0.5485842752901817,-1.0204727930636182,1.1585807820254554,-2.064052917912991
383,0.8329726998024967,1.5278652459962814,1.740176924493466,1.0716556088379816
384,0.8769899989538885,0.9665847695775369,1.3051427412526193,0.8339583502953697
385,0.2761685726126757,-1.085252166247102,1.1198398746441163,-1.321611195375852
386,0.2913096000885389,-0.5277830733935218,0.6028401576408593,-1.0664576159542885
387,0.6177216288989484,1.3123354488230916,1.450449703039466,1.1308589197310437
388,0.15810139168615933,0.12524217670852522,0.20169693324339322,0.6699443859572436
389,0,0,0,0
391,0.2342517529567658,-0.44390208507857665,0.5019192613363483,-1.0852269228633469
392,0.014809406226504507,0.038941494750986294,0.04166243543316597,1.2073881890958695
393,1.0729736544732873,0.31233526474696305,1.1175087385780555,0.28326546088321086
394,-1.3553564712547654,-0.22853379208902425,1.3744885806359977,-2.9745486427462042
395,-1.0562164579877162,0.8409563507016458,1.3501113990739975,2.4691749336634317
396,-1.0512063386063346,-0.026627662910414074,1.0515435315564479,-3.116267492376106
397,1.9284415850317487,1.0460214799636844,2.1938659675160603,0.4970034882134854
398,-1.9303248468199286,0.09154686419776681,1.932494461206765,3.0942025361212613
399,1.2165153495118375,-0.38422792544662343,1.2757510314677092,-0.30592759396111047
400,0.5629382898366089,0.8133159371981833,0.9891321104204054,0.965356887874338
401,-1.7226591789526537,-1.50075418055809,2.2846920486779867,-2.424927667945626
402,0.5831406892370978,1.1461135134767346,1.2859351652466398,1.1001348203488783
403,1.090246453575844,0.5555530909990409,1.223632529174218,0.4712715028557236
404,0.30492310947335,-0.19375228967399494,0.36127282273209016,-0.5660527217425568
405,-1.083399446014539,-1.490388928914257,1.8425562458320766,-2.199364473193357
406,0.6609987803548165,1.2797630500276398,1.440386355061239,1.0940352995421447
407,0.7583880184018312,-0.531180757408066,0.9259078698747857,-0.6109994916760948
408,0.4093463798984658,-0.15868865176648228,0.43902909577321064,-0.3698264385842566
409,-0.9997323340471098,-1.037473233404711,1.4407690480332052,-2.3376707912510466
410,1.3118413056420763,0.4748115727261677,1.3951249552579168,0.3472744541880867
411,-0.597720836390522,0.617337419174163,0.8592878955088343,2.340051331107848
412,0.24728557829411102,-0.042930508287611246,0.25098443333020787,-0.17189374398862767
413,-2.3740279675656666,-1.7638427117117317,2.9575580978980893,-2.5026029207315688
414,0.32099878498468115,0.03708428243047024,0.3231338174271218,0.11501790339101281
415,0,0,0,0
418,0.16398880343507471,1.249560872867363,1.2602756455050275,1.440304929453403
419,-0.7952361524281741,-0.021840709553742954,0.7955360172377974,-3.11413512349048
420,0.37359122559848856,-0.24902795601920502,0.44898254612321387,-0.5879417057607219
421,1.0619181744867774,0.8993415205754332,1.3915765806940923,0.7026932544655181
422,0.5657292168905883,0.4221819268779541,0.7058945574418466,0.6411041640451924
423,-0.24438261350991297,0.03549419757024452,0.24694675508516215,2.9973609143579685
424,-0.35452603244146985,0.05307276678894368,0.35847653515024347,2.9929955112109043
425,-1.9010337716033519,-1.7156812556187333,2.5607599597888786,-2.407398551632946
426,0.9815552918078083,2.0535155364699165,2.2760441229025505,1.1249130704866914
427,1.0798859557103242,0.3143849469678628,1.1247184413089288,0.2832975240078155
428,1.1720148589946575,-0.6687773578225631,1.3494006017637592,-0.5185378046073842
429,-0.4364973309519087,-0.5932149437546457,0.736501112980807,-2.2051580126048007
430,0.023129352171793016,-0.39687975760222116,0.39755315232844607,-1.5125841856124576
431,-0.6637288071175362,-0.2385114127422412,0.7052826549731444,-2.7966119954273845
432,0.40195142619541,0.31814442456419556,0.5126215211067588,0.6695362849922812
433,0,0,0,0
436,-0.576779426835003,0.6348579586784524,0.857740715436481,2.3082972297008904
437,1.496298947558671,2.0013907397921287,2.498894842483547,0.928814004315835
438,0,0,0,0
441,1.9525902850593866,1.609727285473923,2.5305791342907145,0.6894465440798346
442,-0.03588892938915933,0.6307686009955376,0.6317887647422734,1.627632188351115
443,-0.8318823320389583,-1.7920557882842445,1.9757257306320737,-2.0054006325057916
444,-0.9049302885093198,-0.26585922114108484,0.9431754622164982,-2.8558430517269358
445,0.07770460640568899,1.9767839303981702,1.9783105704962254,1.5315079553625575
446,-0.4220054497670276,-1.063115767728732,1.1438110574856857,-1.9486719687562108
447,0.3361029226833807,0.4578333334363265,0.5679582166336966,0.9375385131638415
448,0.461479775887085,-0.27957132415099295,0.5395588094363151,-0.5446841952711675
449,-0.9388229685861234,-2.00914443152098,2.2176676741695593,-2.0079229157117284
450,-0.593516713625263,-1.14339850943432,1.2882632653030037,-2.049592139849274
451,-0.27555772578239157,0.6324127410175606,0.6898390647388041,1.9817155420422414
452,0.49330761787712163,0.5770177630614342,0.7591455095987999,0.8634492783648166
453,0.08188370340332085,0.0011776646318821804,0.08189217164679542,0.014381169810190567
454,-0.7138339216336362,0.22503674572899968,0.748465366335113,2.8362036452931365
455,1.6799223239219145,0.1571788743050604,1.6872593792713118,0.09329158533262637
456,0.6112812653693709,-0.4046598433390898,0.7330855162958793,-0.5847553694625601
457,0,0,0,0
459,-0.2209116747322355,-0.15072856864807704,0.26743423385890425,-2.542843273659601
460,-0.755208104276619,0.08953071195486473,0.7604965674795842,3.0235923551020316
461,0.6839099286987675,0.22940185473839847,0.7213584417820107,0.32363366818188843
462,0.5400943885379661,-1.1189237166529153,1.2424541167457948,-1.121091568999893
463,0.014487493423189335,0.16403256598036364,0.16467109694111262,1.4827040724686493
464,0.24792541403792256,-0.18195386150901527,0.3075292159192639,-0.6331209030236555
465,-0.7446519732514503,-1.7738335444622066,1.9237962482359283,-1.9682526909872744
466,0.27611948662740815,0.7494599015163601,0.7987065261260206,1.2178027894814203
467,2.2301173749342524,1.7631662741047478,2.8429173072961618,0.6689926848859941
468,-0.2819297263398539,-0.04770184938590205,0.28593677103321324,-2.973982405400161
469,-1.5902217786795632,-2.2047299328075667,2.7183891152674318,-2.195660122264108
470,0.7793757565754618,0.3843210935941954,0.8689817448709792,0.4581236465022878
471,0.6213224969045541,0.3248972806858603,0.7011418459604136,0.4818091185491513
472,-0.10683289841688293,0.33349053846626475,0.35018453339728073,1.8808145646057384
473,-0.685839364508638,-0.9187960816343264,1.1465434459872004,-2.21202437770533
474,0.05564861837893886,0.23398934564431784,0.24051565978651124,1.3373084882399549
475,0.8325044782691293,-0.7208542514252088,1.101224118032271,-0.7136449055064401
476,0.27660880970137214,-0.6710436259890287,0.7258181463596189,-1.1798112569050128
477,-1.1611942543037799,-0.768417242037259,1.3924213277913617,-2.5570034547648257
478,2.461598081134696,0.47152638920240975,2.506352379207736,0.18926036638046115
479,0,0,0,0
481,0.7779584787249973,0.5782810836152805,0.9693443177155242,0.6392196239311512
482,-0.12723657940108524,0.23332101114405646,0.26575899115358936,2.070045841792297
483,-0.01654119251696784,0.37378816041078267,0.37415397888190416,1.6150203266839422
484,0.6065140102284658,-0.938266718566581,1.1172303611042422,-0.9969421926143328
485,0.8822465730307272,-0.46401685489115607,0.9968303051410217,-0.48419079502357726
486,0.191946162097679,-0.23923944384875995,0.30672274228868723,-0.8946434401454351
487,0.19870749160241985,0.07219707755453442,0.21141685180311717,0.3485034366523073
488,0.013900790528737161,-1.9230717355762295,1.923121975369606,-1.5635680221129808
489,0.13934941025723901,-0.3025997520922772,0.3331439150057343,-1.1392389220877766
490,1.3364584369993509,0.6090940028841203,1.4687125852855447,0.42762722986368024
491,0.8793590454317837,0.7465238510071117,1.1535034420864059,0.703878875104532
492,0,0,0,0
494,-1.3375943759554048,-1.424581932756098,1.954121899402038,-2.3247124966726997
495,-0.3156221763632061,-1.6066410703233203,1.637349347897971,-1.7647746310652914
496,0.9084655920300975,-0.5771548544866505,1.0762980339850585,-0.5659770199681139
497,-0.6410366771820009,1.1195825229756338,1.2901135792034073,2.090800671367258
498,-0.6883845700600659,-0.21376975112241325,0.7208126128139826,-2.8404959840028403
499,-1.1140094380800178,-1.0709248409371241,1.5452821888145742,-2.3759108791781998
500,0.34117863928270253,1.184282085660044,1.2324475332922291,1.2903025590190227
501,0.6231218970472696,0.4435360595766724,0.7648562837060238,0.6185993601467065
502,-0.970590895932844,-0.46392525590144373,1.0757663920809857,-2.695713852811757
503,-0.7618493827665702,-0.14798254644728104,0.7760884718089979,-2.9497404735343724
504,-1.4823863817804863,-0.7077999430119633,1.6426959987216077,-2.696128247595485
505,0.8613154245248325,1.0641028328966229,1.3690066104672434,0.8903325319497106
506,-1.0478618892983036,-1.6539098686937166,1.957915318088675,-2.135532119534547
507,-1.0495959483542379,-1.1161086770787279,1.5321064694896567,-2.325492321569067
508,0.11181124867391645,-0.8248399616635425,0.8323837562609776,-1.4360624922719478
509,0.4143931873272777,-0.5376205247706594,0.6787912362117968,-0.9141210737378239
510,-0.09582708616795799,1.7371251173914288,1.7397662210525948,1.6259046542939803
511,0.8496421317764771,-0.7725754412246602,1.148374749144701,-0.7379268546413525
512,0.5528534404938341,-0.9754280919710823,1.1212077814893258,-1.055161299287701
513,-1.3711755997681507,-1.87674794920801,2.3242859957965627,-2.2017735677411108
514,1.2315615034303846,1.1104581126529922,1.6582704715119772,0.7337352197107567
515,0.5546590667394753,0.7041240458977995,0.8963466697253871,0.9035824978889612
516,-0.08009739599890509,0.4407706564806233,0.44798924592021744,1.7505559979296659
517,-1.4562487443272971,-1.6983769322586681,2.237218051371657,-2.279591298360549
518,0.325446565400739,0.06377023250044545,0.33163550697158223,0.19349528928675158
519,1.0798608342207103,-0.1632805573732128,1.0921355051915287,-0.15006840389520043
520,0.04961526646661696,0.6092923078337549,0.6113090798049188,1.4895446291195942
521,-1.0386882742232615,-0.4549655485575954,1.1339607494896862,-2.7287463931418894
522,0.41891489431725404,0.40182742000072835,0.580478220216123,0.7645816345216625
523,0.10168764269491248,-0.18542277003427898,0.21147572041261212,-1.0691749078197021
524,0.4598035178603368,0.29643475029649835,0.5470766273750766,0.572639470584117
525,2.8768211641238395,1.5603135776561032,3.2727172916353213,0.4969696238502677
526,0.38617062271407576,0.2085673046370573,0.4388941448811366,0.49520376985418724
527,0,0,0,0
529,0.4011812472280667,0.3922593101575558,0.5610826672895436,0.7741540179076238
530,1.0635246911982676,-0.35359774829899493,1.1207658704611279,-0.32097986778838533
531,-0.45141762807480745,0.11149493174889358,0.4649827897270776,2.899450410508452
532,-0.5663020540091566,-0.38863265205921493,0.686828475400932,-2.5401451644718698
533,-0.3298684037698649,-0.49893727767596374,0.5981233742802403,-2.1549644221113806
534,1.7609156298423159,0.6216224485343105,1.8674148772955492,0.3393546321993786
535,-0.43417378684887353,0.344892456409724,0.5544886686624213,2.470297149456718
536,-0.2954762616762423,0.1036407812327127,0.3131255862249111,2.8042423579393323
537,1.0643501462487848,0.6440126985839356,1.2440231467931666,0.5441434754158784
538,1.073168703679471,-0.01731085605453586,1.073308311853783,-0.01612920207487232
539,-1.1129639139108463,-1.7848342953469682,2.1034072681044105,-2.1283645657429755
540,-0.4445149157053834,0.9116394937647954,1.0142386685964484,2.024474373199083
541,0.5913612804221202,0.4115566040975125,0.7204769270134652,0.608001211638649
542,0.8799654835817705,0.33958854842384767,0.9432177026094851,0.36830218487799804
543,-0.8855378229175699,-0.7138716674533896,1.1374488970544006,-2.463116126801549
544,0.6725260399804824,-0.01429058589414467,0.6726778540260021,-0.021245921755706065
545,1.2762196345812526,2.2429627956446723,2.5806236956086543,1.053491719827904
546,-1.2005684877920544,-0.19208161897407194,1.2158371775147365,-2.982944976119484
547,-0.13457591564878157,-1.1899322422021044,1.197518024125247,-1.6834132526788053
548,-0.7393581052076001,-0.829756454304345,1.1113713066279385,-2.298647043758907
549,1.8114822410092302,1.1290639048667401,2.1345381727120163,0.5573627987820623
550,0.9197232232402257,1.812785595834157,2.032752425611931,1.1012831912821124
551,-0.5450435980056341,-0.4944790339694123,0.7359225766086066,-2.404798281496127
552,-1.3566189161119837,-0.41577936346689626,1.4189035776393655,-2.844199673089386
553,-0.2996841559166228,3.2656409918778024,3.279362999294237,1.6623088709891192
554,0.3431422374046065,0.779814422835102,0.8519724931901749,1.1562637845758477
555,-0.420481388216956,-1.8713584971337696,1.9180164813242924,-1.7918186616569265
556,0.10369441438012927,0.7560625259018536,0.7631402719334953,1.4344961162547392
557,-0.06934601411916219,-1.0490794010266313,1.051368850276919,-1.6368020808098014
558,0.21832722624014878,0.3350295240421133,0.3998894343410464,0.9932510790317701
559,-0.38892247436916705,0.8609797202537948,0.944746934240984,1.995080375160743
560,0.3467290570164323,-0.40490616814582836,0.5330760208282138,-0.8626448753614965
561,-0.8751756778316917,-0.3670972111485469,0.9490483810118437,-2.744427644041058
562,0.955148038761763,-0.9410644292257473,1.3408616766484245,-0.7779710681673494
563,1.0283694050799,0.030334966145915132,1.028816720060216,0.029489570614518228
564,0.6873147198026004,0.9001744916150756,1.1325703684150432,0.9186889525808931
565,-1.5098495281044961,1.133192425614567,1.8877951877753039,2.497750287627494
566,-1.3452386231076616,-0.7623844108804292,1.5462525482773168,-2.625997212509814
567,0.953716763211446,-0.5465466274556832,1.099221943200598,-0.5203827517624321
568,1.3384885272957376,0.8370529597390544,1.578673238865543,0.5588666218023249
569,0,0,0,0
571,0.04001076546848026,-0.22808013272742755,0.23156296832251635,-1.3971391348797009
572,0.8579854379521521,0.2674030945556183,0.8986898389966737,0.3021229805305721
573,-0.9240301045778665,-0.6927699280779507,1.1548860581959208,-2.498266557979807
574,1.7984580360947575,-0.21811210112943513,1.8116357791379893,-0.12068788466245123
575,-0.06199897388887621,1.736550031660812,1.7376564347489525,1.6064835516644478
576,-0.45290101009743466,-0.48049401925834445,0.6602982867540358,-2.3266411129389386
577,-1.2282172561512539,-3.0158374508502277,3.2563465967643115,-1.957542001307506
578,0.4582512298324559,-0.8404174432306775,0.957233340690423,-1.0715947707647975
579,0.3545880512617714,0.5894302101666824,0.6878667449112219,1.0292175839353228
580,-0.15470513027520383,0.1546037422358495,0.2187144129836824,2.3565222791590825
581,-1.3125094498433896,-0.7708863692648151,1.5221520457058442,-2.6105356483274034
582,-0.037810020707809144,-0.035364365114759266,0.05177099560463328,-2.3896043444187263
583,-1.3794057121550054,0.48419228563594174,1.4619173328869233,2.804013766542759
584,0.14072749470585677,0.30227126091909895,0.33342486851434605,1.1350726383873793
585,-0.5632947102028538,-0.7624321080056973,0.9479470712336888,-2.2070991902696
586,0,0,0,0
588,-0.24111704750947638,0.19382968929804179,0.30936609228075157,2.4644890285931678
589,1.4620987109306043,0.05152286773795822,1.4630062359418972,0.03522440478295038
590,0.1525283300210276,-0.3939299215698213,0.42242830701434897,-1.2013758469260205
591,0.7119164864429877,0.2224174193528654,0.7458515885220847,0.3028125864766754
592,-0.3649139082526176,-1.0110313197897085,1.0748704526741442,-1.9171770409942315
593,0.07995100320596293,0.12815461763506164,0.15104889584114392,1.0130146036224292
594,-0.14104266736939053,-0.8562430280473734,0.8677817450824876,-1.7340529874750314
595,0.6229082894985822,-0.1273046342337807,0.6357839310830734,-0.2015952662155404
596,0.4007709384208056,-0.23057387333960833,0.4623652843256324,-0.5220791162648947
597,-0.7453026542809766,-1.4511689517929653,1.6313697842997346,-2.0452549846660677
598,0.532457904940145,0.06061271852388472,0.5358967458196627,0.11334777265223166
599,0.20963986540220958,-1.1654161593771732,1.184121487729742,-1.3928156298762997
600,-0.55952011479269,-0.6775260234512075,0.8786946405385839,-2.261088980222727
601,-1.6323988024803384,-1.7680562579504056,2.4063974695832844,-2.316321721892357
602,-0.28434547661629495,-0.2446791445121903,0.37512695695106374,-2.431034573826957
603,-1.0280994037075857,1.112191588310253,1.514581959819929,2.3169246181772802
604,0.15941750297696444,0.558322668451467,0.5806359809400183,1.2926676637768588
605,0.9504297674345139,1.1258365371979266,1.473371864573042,0.869679858939864
606,-0.802032220058436,-1.8967996844722563,2.059394261676456,-1.9708312909646823
607,0.9545022842819435,-1.439495501174946,1.7272005988310555,-0.9852801367027375
608,0.001899033613597112,0.22466024353460057,0.22466826957470343,1.5623436145753133
609,1.561837433532503,1.7427095426711219,2.340165105051433,0.8400779161174351
610,0.17838664487703682,-0.5560693371460275,0.5839819370361625,-1.260368511190195
611,-0.17750880009214143,-0.42942368885317705,0.4646655557047693,-1.962771051009519
612,-0.10439476655301405,-0.27200396983786845,0.2913493210756091,-1.9372585131493738
613,1.0237791276386474,2.7266352597230252,2.91250125180289,1.211610648194975
614,-0.12749171616474086,-0.1017564257988397,0.1631211448034424,-2.467985988994735
615,-0.22268381244600732,-0.4169212418760253,0.4726641537634685,-2.0613618764742636
616,-1.2022471084820836,-1.3899966910962291,1.8377945780505494,-2.2838932979657405
617,1.397056394633978,0.6224409595688769,1.5294441205669183,0.4191366847652292
618,-0.8806286257844249,-1.7374864730998922,1.9479132477490027,-2.0399014006441196
619,0.9403811034126761,-0.3301023404303294,0.9966364306070812,-0.3375924616208962
620,0.63068612217603,-0.3639391096959059,0.7281597766092871,-0.5233755462093097
621,-2.5590069416088568,-0.6993385055124577,2.6528458063925826,-2.874821455871956
622,-0.5708522568792205,0.10895493092371566,0.5811570150627894,2.952997305125153
623,1.1965870790474469,-1.197612154674573,1.692954668846031,-0.7858263130476745
624,0.7226838966439573,0.7646521861876181,1.052124032759445,0.8136077637071318
625,0.4459531851659335,-0.8685144592776339,0.9763153226975199,-1.0964335517092347
626,0.7583156041138182,-0.8891962856089037,1.168637065039089,-0.8646730951964634
627,0.033143427689935834,0.7298756073372203,0.7306277362548689,1.5254178068481787
628,1.5123349998265212,2.085619793733116,2.576231176682646,0.943406222439903
629,-0.41590192734781795,0.3721253940867655,0.5580785984929544,2.411689500793842
630,-0.1354309932189608,-1.1127603839083235,1.1209715544651764,-1.6919079144532694
631,0.9582086226241131,0.1539317824578461,0.9704940793852632,0.15928446347921094
632,0.10031256961485724,0.26831949890882356,0.28645761487071303,1.213029924270213
633,0.518740970714191,0.11000406756178904,0.5302764275145934,0.2089641024000769
634,0.8901946217200134,0.10960287821728798,0.8969165264687408,0.12250583327602614
635,1.3413892637251479,1.2979407873311288,1.866541037388368,0.7689377164603239
636,-0.10297817995143532,-0.46234816836425807,0.47367745812514084,-1.7899478097200734
637,-0.23402074320614474,-1.1153751484766588,1.139661103175012,-1.7776098739667914
638,0.8679619005418999,0.8350949150463975,1.2044672589691499,0.7661017396192373
639,0.9243352696262832,0.4154230267066623,1.0133962609923217,0.42237893633703605
640,-1.1090097055989645,0.03873575197232526,1.109685985129831,3.106678611814085
641,-2.427496031743317,-1.7123784523603263,2.970686275633544,-2.5272454564619418
642,0.7359852732873833,0.2014294574865403,0.7630518651043494,0.2671449339306795
643,-0.010082486725764284,0.49083537096834107,0.49093891466475154,1.591334921954551
644,1.504310556309747,0.5295252565202873,1.5947875241290974,0.3384601409691164
645,-0.7277584859625676,-1.5602441129744307,1.7216254255679126,-2.0072364030682706
646,0.46111563329651517,-0.5267009118255714,0.7000296263647237,-0.8516950503966211
647,1.273547294131447,0.06216065250265501,1.2750633933687714,0.04877036050323261
648,-0.24835037463259368,0.06920069752038671,0.257811258709657,2.8698442183882813
649,-1.2832695062613197,-1.542247105344785,2.006316714690016,-2.2647931471554
650,2.952690255249422,0.9285507346890256,3.095252204641235,0.30468421197296214
651,-0.44593263579412223,0.13320994531636643,0.4654039161819361,2.8513086319007246
652,-0.700864124237853,-0.749674009838003,1.0262658727982155,-2.322557680058898
653,1.5322367822834053,1.4139639700155158,2.0849565140511306,0.7452755277788179
654,-0.46598637592757086,-1.3698094309563373,1.4469005424309702,-1.8986991851245996
655,-1.535531318950973,0.4873432788974128,1.6110120741216671,2.8342703063816486
656,-0.7897464667535701,-0.8948475093561115,1.1935038947362442,-2.2938857115337155
657,0.32416878070006305,1.7779043161779953,1.8072158575734418,1.3904455336211647
658,0.4849629413290586,0.22863986148436766,0.536157850564666,0.4405547604399974
659,-0.22869533543700982,-0.07385938594131858,0.2403263725484057,-2.829207205703679
660,0,0,0,0
662,0.7624075931954621,1.1237044318772007,1.35793114272505,0.9746618564565283
663,0.490846128911528,-0.17395087204573656,0.5207579362361217,-0.3405802081360452
664,-0.4187187506200303,0.9621337342036043,1.0492982009959662,1.9812730300750614
665,-1.073005178474375,-0.7506026875072109,1.3094825342576635,-2.5311800831746183
666,-1.0630852162855717,-1.193674060685396,1.5984392200637794,-2.2983932963111964
667,-0.7696928371194076,-1.1384623455969347,1.3742356333085668,-2.165288303454981
668,-0.6146619465905019,-0.8485294324195536,1.0477650052701104,-2.1977012519707264
669,0.1760775962101775,0.6396633417361386,0.6634549801216344,1.302182795705814
670,-0.5190206928818384,-1.8773644681046733,1.947788444811573,-1.8405216135101437
671,0.5332728374300473,-0.6286277423794502,0.8243498999998593,-0.8672826986255902
672,-0.15450993552326509,-0.8301374460493207,0.8443941612237098,-1.7548163472845155
673,3.2938046330064026,0.8682718627613468,3.4063242634954034,0.25774422740418135
674,-0.6088982041169402,0.0978571949600422,0.6167114832580002,2.982243326052676
675,0.4852380777748522,-0.6267223482000759,0.7926139626930948,-0.9119566918283979
676,0.1463683022854525,0.5752834381923719,0.5936115852747167,1.3216543527303815
677,-0.22408171870705473,3.242896577903764,3.2506292977881452,1.6397859137631363
678,-1.0527556080375007,-1.688862243962319,1.990113074510051,-2.1282096645438693
679,-1.1957693972501602,-1.6726974738306808,2.056156922600888,-2.1914358239051923
680,-0.009558481381475303,-0.07576648511229678,0.07636704022411697,-1.6962904745249692
681,-0.535131373633476,-1.2352685683925557,1.346199845158751,-1.9796007772524427
682,-0.641183089228889,0.8382271914912138,1.055339082223505,2.2237828292075053
683,-0.2169105827065323,0.7909795868137337,0.8201822405088471,1.8384468286787856
684,0.22397637647384272,0.43317932981214824,0.48765740945345476,1.093600112387778
685,-0.8933825177947483,-0.8062485343334771,1.2033989455771366,-2.4074160579696073
686,0.8044912548766092,-0.9330872420196812,1.2320137906666615,-0.8592722185831247
687,0.6096656779588443,0.18666330941699982,0.6376013095685452,0.297110641064581
688,1.8236811556816974,0.15387591899910547,1.8301614016354817,0.08417716130875794
689,-0.9764057523294127,-0.8620008211390484,1.3024644366839198,-2.418344828571723
690,-0.15879808607070345,-0.07266480107955431,0.1746339183997477,-2.7124428331855435
691,0.372320552580959,-1.0985990754506219,1.1599752249316153,-1.2440398183879204
692,1.2638414342690112,1.213484212126403,1.7520956321089292,0.7650737106496199
693,1.5156481445624195,-0.5177715800848972,1.601648122172631,-0.3291874770529587
694,0.3320478994372138,-0.2263172907461808,0.40183992286899195,-0.5982564518449527
695,-0.6499789151627056,-0.814816622939901,1.0423045232441777,-2.24413302695887
696,0.7362737095382954,2.25882511774482,2.3757924757672297,1.25570155849283
697,-0.5725356307007132,-1.0261168851377676,1.1750374080797164,-2.0797328805862785
698,0.9467024240643127,0.828515040383607,1.2580471580473824,0.7189199820039328
699,-0.15978923184843552,0.33806104972762796,0.37392228063818134,2.012336836297913
700,0.40165304808306246,-0.49888898363253986,0.6404805922308057,-0.8929563628176235
701,-1.2637079576587666,-2.2100052477541254,2.5457967313497094,-2.0902315884437868
702,1.1270418563306066,0.829125431955859,1.3991684415527421,0.6342635133256955
703,0.3459390704172165,0.503734595575196,0.6110829593602117,0.9690193373064817
704,-0.14770776752783377,0.6677866133505432,0.6839272955206895,1.788481477281646
705,-0.5351801828173279,-1.8837238103219676,1.9582730202028267,-1.8476098963843413
706,0.30012780768851144,-0.7888868651971421,0.8440492799762854,-1.207260807456499
707,0.4555827493192055,0.7501794668178974,0.8776815333094521,1.0250276704325645
708,0.14638187818468396,-0.25703543823227903,0.2957953190436512,-1.0531046903696561
709,-1.089611816769775,-0.9076703429675064,1.4181394017328057,-2.4470382905261334
710,-0.016471106860194595,1.786310387711083,1.786386324008813,1.5800168072862666
711,2.6893636764676785,0.8033768946232129,2.806793797042844,0.2902855434591544
712,-0.28102504070290024,-0.8980687557190947,0.9410114576884332,-1.8740651679000646
713,1.108403060310593,1.17067894609184,1.6121558668219984,0.8127163524816814
714,0.5427733099343186,0.504071069681828,0.7407364641134107,0.7484446079405519
715,-0.17716024445758194,-0.2638088635824829,0.3177748711288406,-2.1621705222396588
716,0,0,0,0
718,0.22251845073117238,0.4048060780428102,0.46193335205005814,1.0681900169835385
719,0.26335997083435814,-0.45912333251311566,0.529294538698278,-1.0500036317710972
720,-1.1812378365452787,-0.5367855621328346,1.2974827806951559,-2.715063900371345
721,-0.12035291377117119,0.9853159539303817,0.9926390849261121,1.6923407602681957
722,0.5853919273207566,0.9005745877981042,1.0741127951756442,0.9944067079916712
723,0.891436860712588,0.578413320060136,1.0626484110278918,0.5755699225493844
724,0.28604910935064254,-0.5489128777388714,0.6189745069935151,-1.090396356300149
725,-0.15743130811256378,-1.3028620976085534,1.3123392328811148,-1.691048292708394
726,1.1342146925760517,0.2981435347011825,1.1727457252701894,0.2570482773009659
727,-0.8514600387482005,-0.15791666709446872,0.8659802950017468,-2.9582105963061562
728,0.6145164109179859,0.43782105496751456,0.7545314410018912,0.6190424294729514
729,0,0,0,0
731,-0.5912560965286957,-0.8776906744064092,1.0582649439636218,-2.163617798805789
732,0.21842234161420038,-1.0715414125577354,1.0935763888007355,-1.3697117919032247
733,1.08761858382843,0.6408945828669914,1.262402491377934,0.5324880528793546
734,-0.3203125121344783,-0.6397842715086313,0.7154886578414296,-2.034969445289189
735,0,0,0,0
737,1.8887357467582433,2.4643268745288367,3.1048719241874507,0.916862240047897
738,0.38605306646923054,0.4714843259525878,0.6093721685056368,0.8846944720509629
739,-1.1454729646259239,-0.6795015185737441,1.331852329063897,-2.606183664504068
740,-1.3963859325505155,-1.8831308572165426,2.3443710239691335,-2.208850417473007
741,1.5857283317126303,1.5195490948692623,2.1962613218180835,0.764089529401548
742,-1.6496530414757444,-1.5835199964413107,2.286676788787533,-2.3766461713997513
743,0.19273572118174798,1.5135598970458375,1.5257819700615336,1.4441386473036477
744,-0.7990839825325793,0.45125874739774474,0.9176980267185437,2.6275183449031108
745,-2.339735816709208,-2.243022425984705,3.2412209575192827,-2.3772951094581676
746,0.5970890913472999,0.8128034864086544,1.0085459288123708,0.9372213729492049
747,0.6122635482495298,-0.12180900127555105,0.6242628335139386,-0.19638443430092725
748,0.15105702174315638,-0.1826414871244708,0.2370150557178819,-0.8797667359612044
749,0.7774197060424513,-0.39861360612110275,0.873655656610773,-0.47378700177103783
750,-0.450758905524026,-0.4427864538518804,0.6318571314972564,-2.3651165220115535
751,2.3882324118978886,0.504444267978414,2.440925658994121,0.20816110619004471
752,1.1662212521050606,0.3357195696807196,1.213581327447033,0.28029111168016546
753,0,0,0,0
755,-0.6155460858585684,-0.16200126262626213,0.6365071821341116,-2.884245463877398
756,0.3547330075473383,-0.2627398630274058,0.44143826552219045,-0.6375026936298291
757,0,0,0,0
759,0.13457122144018285,0.2345364025890717,0.2704010683768203,1.0498828430337483
760,-0.8530659912257761,1.9481900169856203,2.1267735957709384,1.9835224644177463
761,-1.455334134691384,-3.934488725796868,4.195020736184814,-1.9250808519001787
762,1.1179089613758606,0.4868120189807854,1.2193056990552467,0.41070244864267924
763,0.44924709342456026,0.8338837887466468,0.9471985663443953,1.0766386085092081
764,0.3812758152442939,-0.5197113898742884,0.6445705361364772,-0.937854664691955
765,-1.1153527268455719,-1.6796086287629066,2.0162085336335287,-2.1569887637717624
766,-0.3871107112711343,-0.26822826424984214,0.4709576462096423,-2.5356490057380356
767,0.18368100171699098,0.3398020557655741,0.38626952700707257,1.0752350543077793
768,0.8561526898572538,0.6520683990242446,1.0761926525282788,0.6509005069880103
769,-1.354421098201783,-2.2121878875359045,2.593883528806699,-2.1201775027486565
770,0.5186453261793531,0.3267742002195888,0.6130043656425618,0.5622249001840759
771,0.8332536307140117,0.9521494156240351,1.2652668188059284,0.8518932313754372
772,0.4482531674738084,1.1525401103626365,1.2366404522515912,1.1998725367918865
773,-1.3233147727297592,-0.7947509740406673,1.543629197204887,-2.6007497975678877
774,0.5733796724171043,1.7699415490559858,1.860499216827529,1.257510775403258
775,-0.46109242116847327,0.012175790692893429,0.4612531525507461,3.115192389204078
776,-0.42677995311726136,-0.6934338117063419,0.8142429487569163,-2.1225051272794704
777,-0.5079361976653445,0.6356713730574768,0.8136813107252162,2.2449606001224196
778,0.29171042822213167,-0.1947165867073153,0.3507271347821364,-0.5885790103825848
779,-0.5988920190715135,-0.05751369056265787,0.6016473012568836,-3.0458527617019744
780,-0.7978272180760086,0.4873132628414254,0.9348810010071117,2.5932694360009725
781,0.5337540993538141,0.30197655793172373,0.6132562923584991,0.5148622206141937
782,0.8968026769728112,-0.3066272647349564,0.947773876462335,-0.32945105131256636
783,0.1091383965353998,0.13993221161312874,0.17746045600431554,0.9084088160266864
784,0.6053868647618401,-0.49160889004082264,0.7798541894439884,-0.6820499023250074
785,-0.7658138633726139,-0.6595152502137438,1.010658814139661,-2.430634977202759
786,0.9227328175135199,1.541997866354393,1.7969956239117386,1.0315535095594865
787,-0.1643086839605985,0.6270430949110732,0.6482132261073674,1.8270717422217964
788,0,0,0,0
790,1.0133736879200796,2.0868549657571265,2.3198900576264214,1.1187361345628972
791,-0.20431775605948133,-1.035724227621401,1.055684811448535,-1.7655659205859688
792,-1.0089669605672498,-1.4382489459889172,1.7568649231385278,-2.182544753861917
793,1.621986430288075,-0.33695335129273474,1.6566162926236292,-0.20482778681659625
794,-0.0027291823245150226,-0.1482873716058748,0.1483124843495626,-1.5891989338638515
795,-0.2961179800386162,-1.0216559908634935,1.0637042924466447,-1.8529072450423203
796,-1.0481527208023635,0.1341766863627214,1.0567059710670124,3.014272579265273
797,1.695294173050911,2.260320186408663,2.825432653288141,0.9272799188949489
798,-0.7970694107540339,-0.38649801256927674,0.8858331441528837,-2.6900988124396568
799,0,0,0,0
801,0,0,0,0
803,-0.5364765618577394,-0.8498947549259128,1.0050513399191499,-2.1338609963994246
804,0,0,0,0
806,-1.3770141489658272,-1.740512729083676,2.219358584491111,-2.2401202346299685
807,-0.3654574448128187,-0.826213616397041,0.903431283434989,-1.9872519573494443
808,-0.04559440007039939,-0.4085447005113707,0.4110810402265047,-1.6819384107165603
809,-1.5103753941527884,-0.9688822681154079,1.7944265604171847,-2.571227100566434
810,-0.04454755803192256,-0.15389653340527332,0.16021431871330324,-1.852559569666764
811,0.598008764060296,0.6763517464901838,0.9028101499613552,0.8467972024784144
812,0.20186825564087485,0.9264928312557714,0.9482298028451884,1.3562649288169035
813,0.25263281808145166,-0.06424871728259518,0.260674583425839,-0.24903719337583802
814,-0.5269583435521099,-0.5423508016136509,0.7561940808087254,-2.341800715380428
815,-0.2846611135922785,-1.3636405983543938,1.393035401944949,-1.7765918173513786
816,-1.2121103647485256,0.1579202798071151,1.2223544294128283,3.0120370060606585
817,1.4528288793830484,0.8445608403512352,1.6804745656582216,0.5265721680905108
818,-1.1011710477262113,0.09314147775256743,1.105103167685431,3.057209486193011
819,-0.6108967204535247,-0.8671939205535466,1.060763922324804,-2.1845041417716073
820,-0.7708120415113058,1.4730857965015218,1.6625681842238382,2.0528810684439027
821,0,0,0,0
823,-0.1376662259896193,0.3751846955439788,0.3996442737593684,1.9224725349633514
824,-0.02238183815791217,-0.5847689737776847,0.5851971457315334,-1.609052320754329
825,-1.5673113296678594,-1.2888079132760595,2.0291600827505514,-2.453398313114934
826,0.8822960839838743,0.991777404157574,1.3274293951886162,0.8437507469403789
827,1.1779427501337523,-0.6619671838772945,1.3512030473334136,-0.5119859169158674
828,1.149248922717561,0.42870135448967517,1.2266042302669418,0.35704015987337157
829,-0.5609618966019525,-2.0174383316811486,2.093976043696698,-1.8420019403423438
830,0.8477395558383023,-0.10554804319818345,0.8542849313641717,-0.12386784720940071
831,0.0563442045629472,-0.342764696875534,0.3473648036459767,-1.4078717914210994
832,-0.26711259329840686,-0.4973476445366032,0.5645385877198364,-2.06366157520183
833,-0.8330809095265295,-0.7310527376501597,1.1083600078689877,-2.4213320395141342
834,0.10225296681153395,-0.8596149887857365,0.8656752267258562,-1.4524006002993823
835,-0.5242148432829481,1.528532687844347,1.6159249301025187,1.9011794372264195
836,-0.06035138889319569,1.0116850569711033,1.0134835690034458,1.6303800394889805
837,-0.6902159732435393,-0.20470407400379997,0.7199318354082416,-2.8532766584617035
838,2.4025847894428125,1.5824871506765277,2.8769218363588327,0.5824392138830057
839,-1.2402061845371009,-0.49383875548255673,1.3349112691788299,-2.7626468603650105
840,-0.3380573073451387,0.5056641465412213,0.6082589679952999,2.160095550748562
841,0.1483545000032791,0.35657272494769643,0.38620352904634175,1.176524985800955
842,-0.07939245809677686,1.9163688303576123,1.9180126841000953,1.6122012392467964
843,0.10705727862477943,0.6102647542430901,0.6195839984844047,1.3971358007091992
844,-0.15651840447037557,-0.2743471647359854,0.3158549947944879,-2.089251365147021
845,-1.079355272980706,-2.3000710014308368,2.5407350150958887,-2.0095594664724628
846,0.543230544478206,-0.01912870562136959,0.5435672284389826,-0.03519832510253783
847,0.673345776956694,0.49544118030726736,0.8359763743609457,0.6343445953732683
848,0.6685771092111281,0.24584069840749123,0.712343316073501,0.3523618112981616
849,-2.466946757128426,-3.2978296500679107,4.1184349822928485,-2.213049295045774
850,0.4233874318679227,1.6246797181195518,1.678940470634007,1.315868706801721
851,0.4108780240599117,1.4004616446891731,1.4594908594783598,1.2854169774060311
852,0.8428812892823316,1.395713143799,1.6304796986149608,1.0275087988445617
853,0.05002304925244516,1.0855284170440456,1.0866803806394334,1.5247471538112263
854,-0.3765819536166646,-1.6213139117970883,1.664473721143269,-1.7990192252390342
855,-1.2742088155397369,-1.3209962445789074,1.8353852957324126,-2.3381680298794696
856,-0.07642895201036026,-1.4412496207349221,1.4432746980301285,-1.6237763439307424
857,0.8878341844880424,0.5520730421476969,1.0454827511784974,0.5563092963652883
858,-0.30804420620972905,-0.006014209253891067,0.3081029108793548,-3.1220712824994514
859,0,0,0,0
862,0.2797087976300645,-0.39409625165393436,0.4832689386245898,-0.9535583830897019
863,-1.8347879967592462,-1.0005161793746993,2.0898515780414533,-2.642362407690121
864,0,0,0,0
866,-0.7319419798325271,-1.1525732423293817,1.3653439642723086,-2.1365901995666134
867,1.057158107279463,-1.0018327322749627,1.456451882914164,-0.758534485983001
868,0.5546536034031533,0.1670113068175283,0.5792524461519356,0.2924741048834946
869,-0.38002552992782057,0.7853318650615222,0.8724480166049606,2.0214847267207356
870,-0.2954292544437749,-1.1242172853353338,1.1623867467533997,-1.8277727765150935
871,0.43938453025754143,0.21346089431651194,0.4884918820533719,0.45223773991274896
872,-0.48865974259138056,0.05859945046584869,0.49216078635378274,3.0222438552937936
873,0.8170584137864694,1.0204732246018011,1.3072681644056277,0.8956493001295616
874,-0.3670496861199126,0.4596908132453166,0.5882525952878295,2.244604127171255
875,-0.2698336050993362,-0.3049463056296844,0.4071884376527622,-2.295181363497754
876,0.043581981460022234,-1.1770110724861524,1.1778176657967838,-1.533785561836307
877,0.01073512629045581,0.6306164074998151,0.6307077741271665,1.5537747438409497
878,-0.6892690667754096,0.038499495254029625,0.6903434344934839,3.085795092883996
879,-1.3264747561517538,0.3217632686004066,1.3649420792576776,2.9036188594317167
880,-0.11108332865092052,-1.7239553482796737,1.727530476942812,-1.6351425265872765
881,1.9030481579085858,2.4677116417597347,3.116278716385264,0.9138776775115521
882,0.3108483358478793,-0.9900430497335861,1.0376954891610428,-1.2665686470248239
883,-0.11940902517966379,-0.5428451850523288,0.5558231825219732,-1.787316909260117
884,0,0,0,0
886,0.9134227276642264,0.4035587007226553,0.9985993712908662,0.4160217385832399
887,0.6655806980802481,0.4946373179758581,0.8292549318462571,0.6391133433390317
888,-0.2378341366770087,0.5475550761149321,0.5969770832688028,1.9805652931310762
889,-2.309356347318328,-0.4630644671613027,2.3553249116941024,-2.9437003356718883
890,1.3817556751577058,0.5021689440871171,1.4701776743768413,0.34858711714700774
891,0.3709412694273624,1.2063769967477214,1.2621184111035044,1.2724879671222629
892,-0.2631672490011283,0.4938754529475773,0.5596159075392662,2.060386290931016
893,-1.3377357655936635,-1.296474505223074,1.862896433310741,-2.371856826208628
894,-0.015423263154957567,0.5342958680426051,0.5345184296670676,1.599654834360498
895,0.14527354747588106,-0.5228077021950099,0.5426161599792741,-1.2997621378192588
896,0.5902549850756031,-0.6509010153119874,0.8786768912067602,-0.8342218681928293
897,-1.3443278952199194,-1.1867307854208917,1.793194759899801,-2.4183795028161423
898,1.8517739860168945,0.9104925097794023,2.0635075734421946,0.4569748219701419
899,0.06338603191551329,0.8143032729222028,0.8167665574286241,1.4931121583602782
900,0,0,0,0
902,0.3395120411433368,0.89072667734969,0.9532378715849122,1.2066334675917745
903,0.1603364572079613,-0.5705970816319876,0.5926962198942571,-1.2968627134807837
904,0.006706711345373151,0.35192932096198604,0.3519932200054921,1.5517416495237515
905,-0.7112787938823999,-0.7346130813402567,1.0225330810800344,-2.3400575560264074
906,1.2478920484360856,0.8832268895841224,1.5288310250104338,0.6159250982890384
907,-0.38924751945512526,1.3537106355495752,1.4085617189892683,1.8507841617375298
908,0.6255579285498243,0.8165515197222248,1.0286297226564192,0.9170722836107433
909,-1.3377739821470982,-2.9017282542145324,3.195256811058639,-2.0027820667078418
910,-0.11228660351093822,0.2866941597172996,0.30789904602650386,1.9440923435934363
911,-0.16739102140940076,0.057211826712958214,0.1768981265144321,2.812254519791549
912,0.7431857185007971,-0.5917653363735411,0.9500059081483843,-0.6724532238482472
913,-1.2953077712053869,-0.800365962748046,1.5226318978895304,-2.5881178866583054
914,0,0,0,0
916,-1.3119147352247182,-1.2632096641658421,1.8212135866343964,-2.3751059123385687
917,1.353144947553119,1.8809915761444245,2.3171384418318253,0.9471826897271785
918,-0.6821832401911365,0.40919383380989416,0.7954957993765379,2.6012983127044578
919,0,0,0,0
922,0.22208586616784487,-0.7987004142690637,0.8290021011463697,-1.2995883858657167
923,0,0,0,0
926,1.2245418441750644,0.23232859970559616,1.2463864995966665,0.18749840523252614
927,-0.5814736478935174,0.0892431879036053,0.58828220250301,2.98930336411495
928,-0.716414463512649,-1.2653530844155796,1.4540866933474557,-2.085974997940641
929,-1.392052324138433,-1.1381548273294584,1.7981118107928,-2.4562062255959143
930,-2.1952159401832887,-0.6652615580970291,2.293805999799566,-2.847339477691858
931,-0.603962541963881,-0.0005798117347097786,0.6039628202771429,-3.1406326411448133
932,0.4778626511930497,-0.8007642758682749,0.9325106642350495,-1.032763909451422
933,0,0,0,0
935,1.255045898307344,-0.0540700386512043,1.2562100843162465,-0.04305549570162438
936,1.161264321201088,-0.3614049751643904,1.216202441934811,-0.30171541257240886
937,0,0,0,0
939,-0.0821372402946281,0.755641497619024,0.7600924938237049,1.6790699192155514
940,0.929224343131068,-0.20343821853596467,0.9512334038649252,-0.2155326908091565
941,1.0456034546152182,2.027392878393087,2.281141921858937,1.094637770357313
942,-0.6814775095413097,-1.0276409757106109,1.2330683561628213,-2.1563586021571868
943,-0.3923183603685061,-0.3435640769271231,0.5214882269399944,-2.4223506228335614
944,-0.6699297947566833,0.002382780586557942,0.6699340322345593,3.138035906961337
945,1.9390506468092212,3.6664615771479845,4.14763280771017,1.0843269350004159
946,-2.274444758821005,-1.2447237896635954,2.592766143230593,-2.6408517503516165
947,0.570698568206808,0.02681484187482397,0.5713281819568089,0.04695146714130566
948,-0.4067150448771599,1.6449462617930521,1.6944808443639505,1.8131862771692795
949,-0.20142548141978978,-1.80700703931808,1.8181987418074756,-1.681807175298227
950,0.9373463546217522,0.9497833241015172,1.3344311714224961,0.7919884839058725
951,0.16660119585787925,0.27365581936550143,0.32038018967139553,1.0239325964871129
952,0.41403843629205994,0.34788054063191964,0.5407852598560087,0.6987847849128248
953,-0.8290185581884089,-2.481497675277879,2.616314675689892,-1.893218663468606
954,0.226616220504809,-0.130368444385212,0.26143994087993583,-0.5220468867612601
955,1.4811524642708491,0.3133057432661417,1.5139263889565961,0.20845554405391656
956,0.9545516883018195,0.9849171039372209,1.3715796102552473,0.8010534474547079
957,-1.7700722050947775,-0.6296514147671388,1.8787273658962196,-2.799830514949935
958,0.94954750056894,-0.547512323107938,1.0960885912150404,-0.5230384471494648
959,0.24350031029018737,-0.03226626163356627,0.24562881091440247,-0.13174263658822885
960,0.8616689997676303,0.4186722314057647,0.9579978614333284,0.45229215837017134
961,-1.0888029233378802,-1.9198807217372291,2.20713248165292,-2.086688479407943
962,3.464857069736013,0.7475432891150149,3.544581143492207,0.21249301621450992
963,0.10088576273449235,0.08293792488690599,0.13060105859856705,0.6880704962483565
964,0.03354192076858453,-0.3463597409617307,0.3479800721419593,-1.4742560877155892
965,1.203213824446152,-0.8990496259682601,1.5020032414385809,-0.6417111024506398
966,0.001145482941183218,0.3849172306443478,0.3849189350734549,1.567820415433954
967,0.6195498720825299,0.8073333069085891,1.0176586423950995,0.9162501174246647
968,-0.041880599270257335,0.14842355835584442,0.15421912096185295,1.845815658936019
969,0.17013565301238032,-0.21695698776319716,0.27571085391262556,-0.9057698120760571
970,0.34863884444155246,0.267822467190058,0.4396338451317308,0.6550443051168935
971,0.3099871959026359,0.1220246999190806,0.33313974397228685,0.3750153662503792
972,0.2796549245147162,-0.37844713755778514,0.4705625492227497,-0.9344023944725673
973,0.5789636193558181,-0.9744550374283563,1.1334731988481632,-1.0346961064129416
974,0.7332181908233224,-0.6930189610883559,1.0089024708970686,-0.7572201078167201
975,-0.3687450268409975,-0.7400447015599951,0.8268246822192661,-2.033062175368284
976,0.701356509464631,-0.5547361055559179,0.8942220642411802,-0.6691966358029879
977,-1.3639135260380044,-1.6308224515005065,2.1259919978277306,-2.2673033321892375
978,1.0315616681737083,0.23344057723736,1.0576454880281179,0.22254977004921406
979,0.7806839551079747,-1.3308056650914466,1.5428905197720666,-1.0402693924701498
980,0.4761492019171101,-0.9094721366965501,1.0265756815323892,-1.0884909602611814
981,1.0714636719475266,2.4493358275263404,2.673439806000393,1.1584272657349082
982,0.8429452795759289,-0.3639564506348023,0.91816177350074,-0.40758886271164163
983,0.03871452131716069,-0.7867870004642157,0.7877389150348576,-1.5216301341556364
984,-0.08811446179925042,-1.654237401405652,1.656582487710013,-1.6240119467761651
985,1.5273300393209865,1.5596346035625857,2.1829331518949613,0.7958626127199434
986,-0.3969031748955558,-0.4118603026457919,0.5719799289639939,-2.3377027762415117
987,-0.8702287960027206,-0.4659986836287118,0.9871438246456475,-2.649957885400731
988,-0.46061076007606516,-0.392222832081103,0.6049801833974164,-2.4362123353376237
989,1.3543042096572435,2.429798995438418,2.7817374158120813,1.0623101379103934
990,0.0039540708075946895,0.42208463606644386,0.4221031564431778,1.5614286436150544
991,-0.18091486870514473,0.6400006005461307,0.665079663211865,1.846287734922814
992,-0.8444011400877116,-0.9255112354942838,1.2528305282070609,-2.310399349501083
993,0.6695847069162255,-0.4550337517670755,0.8095674122537962,-0.5968867227426826
994,-1.44563775013944,-2.045873920275909,2.5050885418071234,-2.185945676537178
995,0.12555358070176226,0.46096155829613394,0.4777543928147956,1.3048738551550798
996,-0.5692138968747713,-0.42315808789797416,0.7092723227004085,-2.502323877953076
997,-0.43627171191428715,-0.45609882859298523,0.6311569916118462,-2.3339796656086094
998,-0.0455419227373568,0.1583284130410476,0.16474815052895722,1.8508774278315507
999,1.641874615114034,1.8776577075962422,2.494263562386989,0.8522909446326085
1000,0.03848760512153149,0.7807454362379644,0.7816935025663194,1.5215402279910335
1001,-0.7313584272810658,-0.73410781201747,1.036242939093006,-2.3543183763407183
1002,-0.038599130201532716,-0.1567718462879668,0.16145372290799853,-1.8122067707284728
1003,-0.5111674112557694,0.49568281535997016,0.7120348135962954,2.371572522443987
1004,-0.4112864823525797,0.026648132715550332,0.4121488730339857,3.0768909488454006
1005,0.7563811112891017,-1.2395034844528539,1.4520610433055845,-1.0228893506212602
1006,-0.48193088047389665,-1.3089470288764176,1.394847553662674,-1.9235763132551285
1007,-0.29677262111874825,-0.7103392195173512,0.7698414092722032,-1.9665442227049477
1008,-0.9532661215449707,-0.24713540284628266,0.9847802830202204,-2.8879260925087533
1009,-2.1304358120466986,0.35134495999596993,2.1592128265100796,2.97814689218348
1010,-0.6771984106835589,0.14248495963134644,0.6920257590245356,2.934213971536624
1011,0.06916265503025443,0.7826453120447923,0.7856953336481796,1.4826549234565516
1012,0.29877525443964714,0.45083008589648443,0.540846021539317,0.9855292533241655
1013,-0.4024089498975627,-0.4364392350999111,0.5936431326076759,-2.3156488518382687
1014,-0.5613219496568718,-0.06372114855916777,0.564927177555029,-3.0285567632557915
1015,-0.11212895312053206,-1.18547767202584,1.1907687487500296,-1.6651012263652711
1016,0.40912488817207304,0.10936820011480108,0.42349094124687303,0.26121438394490976
1017,0.12827885037302167,-1.963868541575252,1.9680536354586302,-1.5055695187419564
1018,-0.8892407170106935,-1.712144035467574,1.9292968281155913,-2.0498216399246707
1019,-0.19026857796825425,-0.2916348458294067,0.34821403628228925,-2.1488713101719106
1020,-0.43557088599061444,1.194594405203432,1.2715257723168614,1.9204342440494662
