185,0.66393383675927,0.8299443619848716,1.0628338457088957,0.89607129300198
186,0,0,0,0
189,2.8420331012288216,0.6350128184253663,2.912111506801352,0.2198254109870582
190,-1.7744483489128697,-0.5015792291387129,1.8439763192793435,-2.866111912692635
191,-0.9846149918037099,0.6907687823091919,1.2027585762311335,2.5298189187450584
192,-2.144064114087655,-0.20338794997502418,2.153689295955553,-3.0470147197465574
193,2.3338728609274995,-0.5223523194470658,2.391613362691729,-0.22018485489789166
194,0.9181182739331462,0.10707973512199942,0.9243415140540736,0.11610502350132346
195,-1.4494343987659022,-0.21197663997560312,1.4648529524226037,-2.9963743114134287
196,-2.827540199651935,1.168282409431356,3.0593900321525593,2.749776291259572
197,3.6944186841758437,-1.1698765934233393,3.8752213688804114,-0.30667074566571095
198,0.2609173745195221,0.0639608780034564,0.2686426441225101,0.24039786873391386
199,-3.3298388384076816,1.2103644353358618,3.542994320640963,2.7929505770742082
200,0.32046462309619983,0.15211104684789234,0.35473278003216885,0.4431691302316954
201,3.3961981985451075,-1.213032873083364,3.6063292909802223,-0.3430513453320836
202,-1.0184021665094178,-0.053703774895666356,1.0198171739037936,-3.0889080859494675
203,-2.4972859332592634,1.030006464977987,2.7013608330526746,2.7503995027823005
204,0.09778981768147332,-0.5437627159129192,0.5524859633141551,-1.3928592073275339
205,3.6236711316229275,0.49770887952092835,3.6576914302482333,0.13649530621120715
206,-1.0836772051013668,-1.972167797542511,2.2502893384007283,-2.0732442852721014
207,-2.5551447158954943,1.5088480763554344,2.967387240770938,2.608177540562755
208,1.1618976905690488,0.8461759968839715,1.4373656671328532,0.6294486779762847
209,2.4375975167888555,-1.4228715379172172,2.8224891615859398,-0.5283620146514719
210,-1.2394153759696565,-0.8616174564343169,1.5094817373596632,-2.534108551626972
211,-2.402744423724016,1.9448984602874475,3.0912474482909547,2.4611167772960325
212,1.8743881418238288,-0.03151151515208994,1.8746530030373532,-0.01681004389855262
213,1.3188126579475465,-1.2922629810072408,1.8464047332165265,-0.7752304142873034
214,-2.3517676140024832,1.2586480570407161,2.667396828700841,2.6501891064198975
215,-0.9992563712584115,0.24646034718892906,1.0292016314780188,2.8997752918891755
216,3.7517323424806364,-0.5172282905990073,3.787218065310105,-0.13700025026848078
217,-1.0619284026936384,0.10090525057955801,1.0667116770908556,3.0468563270812346
218,-2.3501246772420927,0.2653039644523574,2.3650522599165518,3.0291792587173334
219,2.1639114380742512,-0.6784274761824349,2.267769069430978,-0.30381299353424357
220,1.0165503667918756,0.587887694922756,1.174302597317356,0.5243230310463766
221,-1.188856323148002,-0.8502996847316808,1.4616391178891535,-2.5207215283719298
222,-2.242958130215243,0.25713377948915195,2.2576489883179436,3.0274504762539265
223,2.0187956717625184,0.8610123896439745,2.1947387770410187,0.40313881309265615
224,1.5052308034926227,-1.2378576725029689,1.9488487342935352,-0.6882335319682888
225,-2.4324833419773313,1.0449141548204466,2.6474177607512823,2.735860229073515
226,-1.35092505130865,0.003018885015080741,1.350928424425222,3.139357977441815
227,3.563570095216278,-1.0241412585407375,3.707815683251415,-0.27984999288050905
228,0.03635500026871341,-0.16827227581916304,0.17215471197123428,-1.3580180524549132
229,-3.0921172752895245,1.1592631018920088,3.302284085833954,2.782901622958736
230,0.6788860509867618,0.16556077968164118,0.6987822564956792,0.2392021477829777
231,2.389065935020767,-1.2301797398399685,2.6871877928774133,-0.4755128722531048
232,0.02658646283884991,0.06786852748831507,0.07289017100894829,1.19743538112955
233,-2.4934981741249658,0.9627293218521231,2.672897471194581,2.7731297674606856
234,0.8032093295213372,-0.02467097575151911,0.8035881308696937,-0.030705845524662975
235,1.7646906609003281,-1.0116493292063637,2.0341011513571594,-0.5205353481093554
236,-0.5072960557253055,-0.043708035621932595,0.5091754908991402,-3.055646072614905
237,-2.9576418767358064,1.4004587111383557,3.2724501635051078,2.6993646730225413
238,2.3496801503131337,-0.23676287046544076,2.3615785961103613,-0.10042490429712961
239,1.168319444833628,-1.0012149978585398,1.538636343361625,-0.708526756327038
240,-1.471446572820355,0.41472487250297263,1.5287745865683977,2.86687074715122
241,-2.134418339785725,0.4650820793785897,2.184500627093699,2.927049714948424
242,3.0443245589236767,0.17633072594639998,3.0494269207473432,0.05785649011919285
243,-0.012816850991271167,-1.0660467681634032,1.0661238125006725,-1.582818532461908
244,-2.652464779442539,1.026860360794558,2.8442945710235934,2.77222627383478
245,0.5145390317047713,0.21718485892279205,0.5584976974822696,0.3994083507263599
246,2.423052185192091,-1.395811156912771,2.796331646626762,-0.5226267262867749
247,-0.3173622548666799,0.23741224489236856,0.3963374507145363,2.4993217013921143
248,-2.805955751042461,1.1995051551937195,3.051589797817618,2.7376187232409044
249,1.7450266159962666,-0.3190087325630202,1.7739460143947015,-0.18081364311285744
250,1.645243315424409,0.13867718325127498,1.6510775051775157,0.08409099854668027
251,-2.8006474118660662,-0.13643682483132125,2.8039687824157653,-3.092914964252145
252,-0.41334663558598095,0.14004401744284678,0.43642613117431694,2.8149254691619685
253,3.507498034626792,-0.05147066137823231,3.5078756665385846,-0.014673413009517668
254,-0.7335790057713893,-1.0983160920915225,1.3207711368195982,-2.1596609086072047
255,-2.0789890570786156,0.5346798356893032,2.1466434324650594,2.8898653931341975
256,-0.02117528228222909,0.7890507647334175,0.7893348477712884,1.5976262875505571
257,2.7142094637649734,-0.6693458987081726,2.7955244490629654,-0.2417836989986453
258,-0.6770293324819932,-0.6173294266660037,0.9162228648471888,-2.4022849772742196
259,-2.845973591344091,1.3908472723630325,3.1676524142758575,2.6870201748056353
260,1.3010487798693475,-0.22153275264213335,1.319774483801198,-0.16865493460399458
261,2.2443948219123513,-0.06550884425865888,2.2453506464031583,-0.029179469783376568
262,-1.7913719097683725,-1.1317067311408664,2.1189085502722222,-2.5781511210567025
263,-2.0240523682637104,1.0190445994015818,2.2661067682356593,2.675174888490608
264,2.9622729603738662,0.9294416221399047,3.104661466364442,0.30403200566588445
265,0.6719345797431515,-1.303811721553359,1.4667723356794464,-1.0949350457705478
266,-2.3837713739529818,-0.2758832109481091,2.3996827934876572,-3.0263713444264457
267,-0.3515071623653512,0.1789917661136542,0.3944557485075182,2.67060240428415
268,2.059697842413584,0.7719533265359928,2.199606133014081,0.35858619555961396
269,-0.5623065151739866,-1.2756994338194545,1.394129715074745,-1.9859589395274682
270,-2.092148959394649,1.1501971486790694,2.3874758112126653,2.6389273590461375
271,1.334003473025632,-0.19010356140245221,1.3474808459129741,-0.14155296360088201
272,1.5750519668237075,-0.35768340594165693,1.6151551371559494,-0.2233057729722821
273,-1.1055453156816384,-0.5305355419328066,1.226253809894,-2.6941654657974023
274,-1.762529608810155,1.138798478902629,2.0984214537321666,2.567952725586945
275,3.331228084335521,-0.5307107961832003,3.373237984348438,-0.15798617492499062
276,-0.025363077782458276,0.0181894986733937,0.031211273229210305,2.5194395473020372
277,-2.461175290850747,-0.2168858558542297,2.4707131130027786,-3.0536968264227116
278,-0.9544530732496241,0.7244222379761709,1.198235472647199,2.4923614657256037
279,3.358478203422578,0.04005637277140295,3.3587170699337197,0.011926375918478659
280,-0.44297851369026375,-1.4106191760302522,1.4785386107151557,-1.875075610995332
281,-2.73538029856104,1.2748037708276456,3.0178518903140805,2.7054780724620633
282,0.776135900674717,-0.09625867418878897,0.7820822646453106,-0.12339287360869036
283,2.5696011257399505,0.11620551102799936,2.5722273745136333,0.045192379576209196
284,-0.7166600303287396,-1.2224001613299151,1.4169910915352264,-2.101061186244708
285,-3.035569262566014,1.1927654967130934,3.2614981646453227,2.7671961324790857
286,2.223186598168013,0.9317558239175128,2.410545076466745,0.39686970936463384
287,1.2882460701675882,-0.9138897169149232,1.579484837529336,-0.6170109767775749
288,-0.9603634067193525,-1.2665715066018493,1.5894971702715543,-2.2195493227547676
289,-1.8802686943339495,1.0512837383506053,2.1542070145212877,2.631779397935582
290,2.548473978832021,-0.1124744383818097,2.550954746770945,-0.044105412945532566
291,0.3179834871118601,0.47776918055950546,0.5739136589839275,0.9835610933857741
292,-2.464490083463147,-0.8398708597229074,2.603669416899904,-2.8131471655815607
293,0.19215364545061675,1.492856821720352,1.5051725859903746,1.4427847921514263
294,1.9509668858304394,-1.2440439121133409,2.313853289401294,-0.5676478716678963
295,-0.027360165165191574,0.0197007145567909,0.03371493425641989,2.517536006952805
296,-2.843948443540512,0.5206961614464944,2.8912224476960633,2.9605091125355485
297,1.2489548141765,-0.322239238332088,1.2898551292976663,-0.2525004654498706
298,1.7435291663706494,-0.9706974353926512,1.9955318752310127,-0.5080053359893688
299,-1.0514589723745758,1.0886548706457688,1.5135175578657007,2.3388159036556178
300,-1.5770716964414078,0.026595383940559714,1.5772959297999616,3.1247304758562042
301,2.2258404645217524,0.23622977563280756,2.238340966072403,0.10573479321882435
302,0.5030775974747712,-1.2621419162451275,1.3587086832076662,-1.1915057492094245
303,-2.1783778573717427,0.8646305071986831,2.3436970801420043,2.76374871995905
304,-0.9461606140118874,0.35264928574139276,1.0097432476829278,2.7848258162316104
305,2.8586756206900645,-0.2553156583802547,2.8700544227839773,-0.08907622307548808
306,0.46664344466591956,0.20053984665048574,0.5079097700815328,0.4058867367135943
307,-2.983672558236435,-0.09845291393571642,2.985296452789168,-3.108607397016436
308,0.9693473211623314,-0.0008024279468372697,0.9693476532881264,-0.0008278021159489743
309,1.911503711915202,-1.1186893978589296,2.214793988060192,-0.5294962348278978
310,-0.7292887486271411,0.015384894631040424,0.7294510085378932,3.120500030100428
311,-2.3770065155102884,1.365432715621239,2.741270959913878,2.620184045894077
312,1.4158998965020828,-0.17626057597476574,1.4268287590168502,-0.12384946939728668
313,1.5637914932410695,-0.8010274257281367,1.757011317863883,-0.47338696830797783
314,-0.9918691669608961,-0.3807385140929682,1.0624341205370915,-2.7750773652254246
315,-1.0055112132075692,1.0986179589619383,1.489299909232473,2.311973797882186
316,1.6117436624361972,-1.1241094089847934,1.9650291592674618,-0.6090119995809059
317,-0.39596103402743665,-0.03279645770658135,0.3973169365961844,-3.0589537996552
318,-1.6257907624378731,1.0791176976592283,1.951330471403979,2.555612393120805
319,0.0052106780002532105,0.334219256707172,0.3342598730316232,1.5552069920201446
320,2.3452027660040358,-1.3811836659381242,2.721698795371607,-0.5322474374129068
321,-1.3675893767131129,-0.23421745282553275,1.38750081747963,-2.9719752333104332
322,-1.2469215774890472,1.379775144938435,1.8597292466909405,2.305659362447494
323,1.5197043208700052,-0.11696998558551286,1.524199199710733,-0.07681745489846366
324,1.4144915498948194,-0.9603402924216198,1.7096899783213009,-0.5964443996008517
325,-0.9131391264895683,-0.026304922594533764,0.9135179326531233,-3.1127934826165937
326,-2.7123557650047587,0.9805620978601155,2.8841594657220986,2.7946949720766634
327,2.903706694866173,-0.364751841246175,2.9265263497025122,-0.12496141090295566
328,1.1506337557391362,0.3571895091981787,1.2047997283065703,0.300996552831865
329,-1.717797529969289,0.1928376396019189,1.7285874896041074,3.0298020265904255
330,-1.1058311632563118,0.1807676108043097,1.1205085857523387,2.979558147839308
331,3.2803638296236386,-0.2916478344857296,3.2933031008492493,-0.08867401051131196
332,-0.30422866885214717,-0.008372147304271493,0.3043438446922064,-3.114080339053899
333,-3.5782986979476163,0.05317676446270525,3.5786938036121962,3.126732840356011
334,1.4285967628272829,-0.07805288881536399,1.4307274248482886,-0.054581785755802435
335,2.3041562941500615,0.0017138758143460109,2.3041569315568875,0.0007438191161859933
336,-0.9128984704906316,-1.0687447515729218,1.4055600170177014,-2.277711056984691
337,-2.752812265281932,1.0182549659553501,2.935101113007757,2.7873039842253244
338,2.5223471393243244,0.28554793255824507,2.5384587278594646,0.11272729836228469
339,0.6477865302382497,-1.3771339434116499,1.5218821527485733,-1.1311181352503095
340,-2.3967382831590385,1.1047248749773644,2.639085342946281,2.7096878777900515
341,-1.4683738348238649,0.2606680900311744,1.4913314762170893,2.9659013569025285
342,3.063261744427791,-0.513821251920092,3.106056147882637,-0.16618955775435665
343,0.35638393385943345,0.3829992510593456,0.523161480448575,0.8213792771079788
344,-1.6169634699119797,-1.3757493866512505,2.123030201834416,-2.4366211055746194
345,-0.5603654139913488,1.3256217876447067,1.4391950948624177,1.970733295828834
346,1.9853096807772772,-1.1216212699514472,2.280238759822197,-0.5142564920462817
347,-0.4211242703188418,0.7885127806908372,0.8939228469864574,2.0613302135143954
348,-2.17599620493354,0.24483176557384922,2.189726484590981,3.029549081707177
349,0.9662910020207391,-0.019683099098642742,0.966491451062228,-0.02036692610103294
350,1.7514144598123949,-0.8914745837147393,1.9652428713645829,-0.470823755636134
351,-0.922556397825474,-0.0706876719539764,0.925260533112154,-3.06512055393522
352,-1.5485720244358845,0.8939496507772446,1.7880775411011156,2.618051428594481
353,2.2176002310923195,0.30409315634761924,2.2383528391829035,0.13627719337610567
354,0.6143796635062699,-0.543471419017294,0.8202582241091817,-0.7242333058345022
355,-2.9054545310528965,0.44911584131830296,2.939961066228404,2.988229658691252
356,-0.7835062954128489,0.017946245334883315,0.7837117982225266,3.1186916150376067
357,3.057339337122471,-1.2524308672555549,3.3039229560585963,-0.3887952678920049
358,0.1774582845189343,0.074226975543354,0.19235666518921749,0.39616368416519965
359,-2.9200372774923835,1.3818469049163582,3.230498192318338,2.6995901222373107
360,1.5996048804989869,-0.9635751361596476,1.8674080477338801,-0.5421700244503446
361,1.4856832456696338,-0.4049430670811489,1.5398810324309296,-0.2660996343575592
362,-0.8107112986773473,-1.0150560848927057,1.2990733871805775,-2.244735664779565
363,-2.597024113972566,1.412147502134701,2.9561283490978982,2.643555919375934
364,0.9896354751737135,0.6626954305025947,1.1910262832243967,0.590055402454957
365,1.9698985390041344,-2.0195558945051744,2.8211888035013213,-0.7978446750867647
366,-1.2304004714158054,1.6137797403036984,2.0293275660363235,2.222207790048149
367,-1.6097191378584057,0.5024927557142291,1.6863257906860374,2.839015964316236
368,3.0232503705900626,-0.2636057691277074,3.034720877575129,-0.08697287316654193
369,-0.018011411981660785,-1.8221523985625367,1.822241415002079,-1.5806806950925076
370,-1.2905982663087343,1.616404159476076,2.068430876720484,2.2445840141090656
371,-0.26407919587336437,0.23898230332810044,0.3561605859680812,2.40604148279348
372,2.0763268148324414,0.20172140146746642,2.0861027217762387,0.09684906398782325
373,-0.9178031114331588,-1.0847811292317147,1.420954837316662,-2.2730056521610376
374,-1.6897720422922475,0.4359857169704924,1.7451111999854874,2.8890852558116533
375,0.24773492051224366,0.6838246888768253,0.7273161595610912,1.2232252070897893
376,1.6075223223031117,-2.046571871341257,2.6024189595966374,-0.9049776906857805
377,-1.6996246644750954,1.3110857730273437,2.1465483699015,2.4845373612538917
378,-1.113396089928301,0.06638437128680152,1.1153733625198217,3.0820398357821324
379,3.217808190085293,-0.5186081907026505,3.259331833926068,-0.15979404526196037
380,0.038652962559922344,1.12042256719252,1.1210891046607028,1.5363114455087001
381,-1.9011588836842748,-1.3509899527186917,2.3322904950624164,-2.5237787207091453
382,-0.11225856879468665,1.4239570197561875,1.428375153935672,1.6494692544997798
383,2.1346604375390825,-0.06090001299526193,2.1355289731533427,-0.028521397399900048
384,-0.21328754456135357,-0.08232022205476142,0.22862238653324526,-2.7732489813894046
385,-3.12247563506412,0.20823733285402568,3.1294115866027017,3.0750014406233004
386,1.1904296366515155,-0.7529068418126599,1.4085423075884418,-0.5639504611970939
387,1.9251667327241648,-0.5179218358580897,1.9936173095271945,-0.2628047272670657
388,-2.1396280232650042,0.9813801485792055,2.353957322035863,2.71155336166636
389,-0.9850287544350067,0.049000354927557055,0.9862467651895277,3.0918885243856287
390,1.9616887999709434,0.17739692783590044,1.9696935340141257,0.09018541553927387
391,0.9353178378936491,-1.233074742692338,1.5476733437479067,-0.9218615997811419
392,-1.7452292006771586,1.0614595957658821,2.0426750687125215,2.595160864590862
393,-0.3495152168668483,0.11012811640233622,0.3664547568852211,2.836351603460989
394,2.1588373967233565,-1.9992799364341067,2.942396840964734,-0.7470444559066027
395,-0.28443242189302964,0.8436277805532768,0.8902862656163928,1.8959814682560863
396,-2.5863655284643983,0.5515716299954647,2.644526027447032,2.931478982259359
397,1.818446224037757,0.6701141525786625,1.9379885570362367,0.35306799311735426
398,1.2618049840228878,-1.195695957187354,1.7383442236045146,-0.7585037334325095
399,-2.050372835194139,0.9928978403723931,2.278129690056783,2.6906223540213903
400,-1.2583621814047774,0.08664207721392359,1.261341440345846,3.07284809761619
401,2.007315443007883,-0.7702647929879731,2.150028636798761,-0.3664012907915817
402,0.8418578009021758,-0.4018848090547067,0.932864382795691,-0.44538718428746654
403,-0.9813890348572158,-0.8974022650639313,1.3298327951587945,-2.400867303333812
404,-1.771796404666361,2.1736970554173354,2.8043219123914143,2.2546814121816827
405,3.3488756160472803,0.00393610586718296,3.3488779292003836,0.001175350925489953
406,-0.39252593744777187,-2.0821514745871355,2.1188278303568304,-1.7571288692481124
407,-2.075089372765774,1.329753555678053,2.464597416172442,2.57169973569562
408,0.21284050805843435,0.5784912395076276,0.6164034361176484,1.2182441192388853
409,2.430490204458806,-1.1041239612072786,2.669526616402665,-0.4264077682306985
410,-0.7924303454235542,0.7865906772273092,1.1165441083311534,2.3598927573395545
411,-2.711074354567927,0.257297114332232,2.723256499310999,3.0469701072768767
412,1.2644161086589065,0.14491607002452156,1.2726935071679606,0.11411314606687556
413,2.1459474316570777,0.030094735334955658,2.1461584453461233,0.014023066078672373
414,-1.3308708155256,-0.05456367300007514,1.3319888595739209,-3.100617127197847
415,-2.3449317849164117,-0.0423321183999974,2.3453138562161566,-3.123542013079575
416,2.7224372283862976,-1.0493549641502113,2.917672069182957,-0.3678979849733962
417,1.2387668472293853,1.0385009458275363,1.6164861633429835,0.6976825153946006
418,-1.76478105187266,-1.2900130551792586,2.1859976769387695,-2.510378320326578
419,-0.6557408813019947,1.397168911484357,1.5433978977013996,2.009612752426678
420,0.8163539696327007,-1.0497779044605977,1.3298373781890598,-0.9098362317300331
421,1.01187829703224,0.8874218026697918,1.3458882360205726,0.719964154860199
422,-2.9024938557076894,-0.005830842912700973,2.9024997125150525,-3.139583748365967
423,1.363537451478237,-2.370389131556294e-05,1.3635374516842726,-1.738411459654245e-05
424,1.508137571985003,-1.0446202853657383,1.8345872769182763,-0.6057799679957966
425,-0.44751271462052955,1.3328046794352986,1.4059288542709636,1.8947361770158557
426,-3.389194548782143,-0.2701345689548589,3.3999429958219918,-3.0620561454662
427,3.433952552209348,-1.0741568593581405,3.5980332251566605,-0.30316253162520945
428,0.5368864704496445,1.1393064509107376,1.2594706313521955,1.1304204967820248
429,-1.7183919114837636,-1.2824918748825667,2.1442145812843973,-2.5004428260878924
430,-1.2511031952989242,1.2102208052012315,1.7406589564383643,2.372802881058074
431,2.3939497444505378,0.1111491591150866,2.396528638369837,0.046395875911625
432,0.14236837559894866,-1.99262266629637,1.9977021411133187,-1.4994697960495214
433,-2.8302748810164076,1.1484832747223663,3.054418068049862,2.7561091218937244
434,0.18438612118234232,0.9437502769192747,0.9615938991434363,1.3778508821918727
435,3.35053881275212,-0.07960704656460393,3.351484390180137,-0.023755006688406903
436,-1.183278469861989,-1.2185413568336685,1.6985261185960514,-2.3415138079742195
437,-2.0900649153101085,0.6000864680501081,2.1745057183983456,2.861999588210521
438,0.01606138265356094,0.5945879078465737,0.5948047983751558,1.5437902649777824
439,2.5524313345363225,-2.9465502811297597,3.8983412211796877,-0.8569470816552682
440,-0.5979909443612996,1.7519895368495213,1.8512321590682026,1.8997185358754591
441,-2.501248854153687,1.2249056620397027,2.785074453457583,2.686204724792894
442,1.0336607556098443,-0.033687253496054836,1.0342095477880784,-0.03257871040363148
443,2.675971468847024,-0.6153183896286691,2.7458040758033917,-0.2260133574711736
444,-1.652584881015855,-0.09420551330504168,1.6552677933492375,-3.0846493337030365
445,-1.0455847657567574,0.588059427512178,1.1996088498625557,2.6292627727042954
446,2.5732843642630314,-0.5985894622491514,2.6419882217141546,-0.2285523954177767
447,-1.3625626231981869,-1.2733367371004078,1.8649298507413723,-2.3900318328896257
448,-2.352140748744432,1.07493543951432,2.5861268919037714,2.7129302928091756
449,1.3135464670015153,-0.01396848521847005,1.313620736571809,-0.010633775857739676
450,1.5326336630239439,0.13121861599114482,1.538240641192666,0.08540814648954421
451,-0.2700607947805338,-0.38440762158955977,0.469789370264628,-2.183223326015964
452,-2.357268371267878,0.06501147601898083,2.358164681737491,3.1140204850841857
453,2.1171578871660586,0.039726948902114145,2.117530578210978,0.018762080773756403
454,0.9594798916286891,1.263185801480347,1.5862660657977108,0.9211975698437698
455,-0.4257621618069152,-0.16863795136720228,0.45794342125182314,-2.764465936651282
456,-2.6745386571744802,-0.8149938847890326,2.7959563767992144,-2.845808332757428
457,3.823970617401187,0.6960161249003249,3.886796846873899,0.1800430292969853
458,-0.5588672897401921,-0.7847018744942034,0.9633741118466203,-2.189665579573768
459,-3.10171960677701,-0.025580928956742355,3.101825092262815,-3.1333455029022486
460,0.1576599081781751,1.1561428517446188,1.1668431515361994,1.435265161201271
461,3.084134287871052,-1.0038192668120018,3.2433836384314554,-0.3146645854968368
462,-1.2593524757512569,-1.3494683869620872,1.845815154773326,-2.3216654445471114
463,-1.2854508198371377,1.1665417978374535,1.735858167109804,2.404651380991354
464,0.3024010048411583,0.12664174604884693,0.3278482874307,0.39659681713726
465,2.378259425618012,0.18876344411938817,2.385738781463035,0.07920437593302018
466,-1.5580698808058742,-1.3226901728005487,2.0437932984276017,-2.437720887558773
467,-1.780291373453565,1.2291236107533337,2.163372881614377,2.5373347678957296
468,2.190180275192347,-0.5964357597695198,2.2699394823152157,-0.2658754269834815
469,0.30426313349812517,0.45258204573548255,0.5453499450153199,0.9789156894708143
470,-2.601826738821842,0.05453238112136205,2.6023981554402984,3.12063645492389
471,0.24115799258015613,0.8282865455172441,0.8626794183647715,1.2874758116870582
472,3.032937259294272,-0.712312187165935,3.115460972440606,-0.2306782027332092
473,-0.8008917281881622,-1.3788110588444056,1.5945367654186755,-2.0970209795583763
474,-1.8618020720288087,1.2194591043323157,2.22562069152624,2.5617185093428834
475,1.8385573507365507,0.10899039667413035,1.841785014195356,0.05921109563600218
476,0.6066207265412231,-1.2181410183765706,1.3608292495831025,-1.1087588780394309
477,-1.2637859243568528,0.6641352470566062,1.4276660985627712,2.6577440061102227
478,-1.127693542975976,0.46642799841487204,1.2203474114263582,2.7494068311301385
479,1.687051543974917,-0.016093308129995876,1.6871283017585585,-0.009539020937923328
480,0.49006066404558624,-1.1722098261900555,1.2705256121233137,-1.174813765472939
481,-1.449387675781395,1.9228300540595455,2.40790366325184,2.216711200690957
482,-0.15324848538625702,-0.6772078455741735,0.6943310193131195,-1.7933426555293772
483,1.8580162672127472,-0.028255291335653965,1.858231097230819,-0.015206063601271762
484,-0.38937497268568677,-0.10258388579489974,0.4026615489201326,-2.883988448882873
485,-2.100398386038023,0.12548017602682648,2.104143211534532,3.081922442445148
486,0.6290533567981811,0.1710326577818364,0.6518897880217012,0.2654715998656286
487,2.3172954315614334,-0.01326943823835336,2.3173334233827143,-0.0057261983194878
488,-1.8599455654145913,-1.5749021072118694,2.4371528785871828,-2.4389905398234126
489,-2.554149046279349,2.129693362834132,3.3255482510872496,2.4465688946871595
490,2.920111298356346,-1.2358922891892234,3.1708799638689835,-0.40037443209446877
491,1.4862457744628728,0.5508371727230497,1.5850388301118263,0.35492796980195324
492,-1.6656265455488892,-0.6179437849689293,1.776560246830614,-2.786335369348542
493,-1.0948663150242055,0.26927788714630196,1.1274940480023206,2.900433233546323
494,1.8371964086804837,0.20578800788553053,1.848685843581316,0.11154701591174905
495,0.24255874399625554,-1.1381450119135366,1.163704778899144,-1.3608200827588999
496,-2.2026442139668916,1.0743952127958778,2.4507073686184007,2.6877726291972044
497,0.2621668280697804,-0.54155200202581,0.6016726823101849,-1.1199471858339023
498,2.0822401367353223,0.6700724824538611,2.18740053917279,0.31133820178719834
499,-1.0302239284909547,0.09057026995049,1.0341974263332123,3.053904906767963
500,-2.654180510581682,-0.22266978351569833,2.663504461277016,-3.057894661151352
501,3.0110806205896097,0.08951872467633848,3.0124110120894834,0.029721012471155026
502,0.9314989515194156,0.19566634076858236,0.9518275125208021,0.20704520834568008
503,-2.5679512833584113,-0.4304388641115793,2.603776374698829,-2.975516980263997
504,-0.28923737256809545,0.5179573346991333,0.5932436752791599,2.080080503945872
505,2.3377293316349324,-1.5442067566767719,2.8017053619808956,-0.5837618763316251
506,0.01509625952985516,2.0415020914164757,2.0415579066755947,1.5634017792011499
507,-2.6523069580211995,0.021842370684169055,2.6523968950224575,3.1333576049044907
508,-0.734725011316641,0.060939892684586994,0.7372479316855676,3.0588396215965292
509,3.6319589000249834,-2.075238476792663,4.183030024639008,-0.5191115323608593
510,-0.20894342421183865,1.2489185125091353,1.2662759594217208,1.736560656293314
511,-3.5758060140817634,0.7816052782419547,3.66023161307027,2.926395701783479
512,0.885957664304101,-0.7474575003994346,1.159143519087498,-0.7008087282600949
513,3.329145477770453,0.04564624456020283,3.329458393162754,0.013710240293529446
514,-0.900733344942978,-0.08421199280201108,0.9046613832942422,-3.048370936357739
515,-2.272377608832585,-0.12760705696251762,2.275957723269554,-3.0854958258524503
516,1.422720837080874,0.05735705188914153,1.4238765436882217,0.04029322300792734
517,1.2735021226657182,-0.048214500070059785,1.2744144908353388,-0.03784169866764825
518,-1.7497336619660473,0.04482693316691666,1.7503077848636408,3.1159789669781364
519,0.39644187092574157,0.05545064608247685,0.4003010506781945,0.1389692338665132
520,2.214325665932506,0.053881196638201345,2.2149811146279785,0.024328203831483382
521,-1.9569727809735014,0.7721040420198619,2.1037792463028455,2.7658020162901416
522,-2.077467047600294,-1.0588331421488988,2.331736896988593,-2.6702349880565657
523,2.3811815453864256,-0.1419938109527834,2.385411451812408,-0.05956112942755818
524,0.8464345817243384,0.25163219398683623,0.8830460136309344,0.2889639911968604
525,-1.1665677619375856,-0.08020053240511515,1.1693213709627184,-3.0729515187307035
526,-1.831309491118077,0.0832994365215427,1.8332030025024388,3.096137715867198
527,3.1050907983091065,-0.038507031300696326,3.105329556939726,-0.01240062206544636
528,0.17700077076779053,0.0581428531127699,0.1863058351756194,0.3173845759641264
529,-3.281547700714441,-0.04884012772600954,3.281911130749967,-3.1267104923525526
530,-0.08348778123536249,0.08607202986667062,0.11991081661373498,2.3409547435353644
531,3.106194096596596,0.1054427676775731,3.1079832597662183,0.03393293876697524
532,-0.17546794668123766,-0.11079908638566849,0.20752213823211366,-2.5783691809258507
533,-2.7672819519627865,0.08159409335587497,2.7684846031230763,3.1121159101205866
534,1.2477373433976027,0.04002783469491078,1.2483792315075055,0.03206933883723156
535,1.8259802229906654,-0.2229526214307498,1.839541150981919,-0.1214988335615316
536,-1.3196810205320162,-1.0317039616140846,1.6751032984155396,-2.478058868964038
537,-1.8214551826004026,1.149301032732808,2.153739038524065,2.578704964097521
538,1.8573599106487109,0.060022311833733966,1.8583294959728893,0.0323046871095134
539,1.3659835022262996,0.11370382594316197,1.3707076597103192,0.08304807564605557
540,-1.4743647227412566,-1.5033781414083478,2.105682115545535,-2.346451372025481
541,-1.6316612119381944,1.5274045348215282,2.235012958248114,2.389184892913368
542,2.6926050151379286,-0.20521623169906889,2.7004139440646298,-0.07606769797799799
543,0.23196820328951162,0.17868163574183882,0.2928077428770342,0.6563576346744456
544,-2.2734180359731226,-0.24293134736802813,2.2863606902284546,-3.035139290835121
545,0.02464341830284411,0.028286665840994374,0.03751577708176961,0.8541210890825613
546,2.025751639113082,-1.1815842650419768,2.3451676014230043,-0.5280360724569267
547,-0.37963836477990753,1.2642119111795296,1.3199837288318976,1.8625250830219346
548,-2.360721732171669,-0.21116282372020123,2.3701470070164623,-3.0523816566101254
549,1.436974460960414,0.30104849528424893,1.4681709021654743,0.2065148285223487
550,1.7928307335805584,-0.06360705493875685,1.7939587221307478,-0.03546368649608173
551,-2.530124782798225,-0.7447602511404625,2.6374607576622955,-2.8553208170527085
552,-0.1286206346039762,0.6303391452856886,0.6433278368961054,1.7720829635750146
553,2.223206057300672,-1.22769041306276,2.539659214056998,-0.5045431198331572
554,0.19948025507778766,1.1804957382072416,1.1972312057791341,1.403397616209049
555,-2.4355162301217206,0.02758321514943418,2.435672420697064,3.130267729707164
556,-0.0208932334386418,0.07191406974169468,0.07488765339049491,1.853543061204205
557,2.718433556422724,0.12061911791289504,2.721108225023618,0.04434173273272431
558,-1.3435822901627716,-0.29346720644645075,1.375258656289253,-2.926548511453291
559,-1.864917463055349,0.07224553779803955,1.8663163080626304,3.102872747017245
560,1.7721887993433256,0.14906653898134437,1.7784470679673923,0.08391682878325503
561,1.3660829911063956,0.13539361917446513,1.3727760817785821,0.09878820892655427
562,-0.9034261744403693,-0.1358221884599402,0.9135789618538773,-2.99236901638473
563,-2.184260919392159,0.06265772915691059,2.185159434688229,3.1129145088063157
564,2.2021631412079614,-1.3128723439014607,2.5638167430368792,-0.5376014941735433
565,1.0255364884820892,1.394661535310604,1.7311285010891322,0.9367503071348581
566,-2.0670385083853944,-0.1449984184898767,2.0721179349913172,-3.071559470841953
567,-1.169273410335677,-0.011441225589749138,1.169329384630789,-3.131808063975824
568,2.4292682585643206,0.09598315492542042,2.431163720957016,0.0394905971883097
569,-0.17416679462394313,-0.14421537023667952,0.22612418128559655,-2.449992253923379
570,-1.3112597780115038,-0.08214953210813292,1.3138305640592942,-3.079025106997831
571,-0.3934284725927455,0.09037456145256328,0.4036750232605478,2.915799454435008
572,2.562916605829969,0.03842657803124894,2.5632046602521226,0.01499217684755634
573,-1.00364711803536,-1.0530149690462736,1.4546986157194928,-2.332195228032364
574,-2.1127310213572628,1.1788875222989645,2.4193817720313375,2.6326340781703803
575,2.0337018847825448,-0.18537048967704095,2.0421326045610213,-0.09089811560256782
576,1.0069266047335077,0.06790683312010515,1.0092138154546593,0.06733774188912402
577,-1.7598051393780452,-0.5780468006996102,1.8523099720026441,-2.8242236166636148
578,-1.082691868083657,0.7264320582327173,1.3038118025400371,2.5506305571026155
579,2.3405840046201547,-0.1816203896542561,2.347619954043219,-0.07744100544128013
580,0.21128388482634364,-2.256128094996768,2.2659997486807137,-1.4774197787197194
581,-2.230294112749789,2.088585383744771,3.055552443431247,2.388994179972186
582,-0.4224253813545147,0.4351732131623294,0.6064807732043394,2.341331017801875
583,3.3042624197825035,-0.23095142793346213,3.3123237614779493,-0.06978151469997587
584,-1.0365521272361775,-1.2560430344519204,1.6285221573171895,-2.2607463450175236
585,-2.5627375418808924,1.2060937942207488,2.8323640212768417,2.7017182346842663
586,1.110518486609294,-0.01921267445771946,1.1106846699044761,-0.017298908728207503
587,2.3240605224458477,0.2131726197657713,2.333816590439161,0.09146826725736983
588,-1.6893318485922464,-0.9318457713982298,1.9292948546919568,-2.6375171802608706
589,-1.8381069592401218,0.5249405611031648,1.9115961357719553,2.8634101199785267
590,1.3524002159501833,1.0925860023725136,1.7386001600950267,0.6795313740415627
591,1.714984276247037,-2.9762907845429254,3.4350368123107087,-1.0480491992178982
592,-2.073375495985715,1.984314125433798,2.8699108863778524,2.3781397549220884
593,-1.1303973107070533,0.032459649599445584,1.130863258270361,3.1128852849543724
594,3.8306068586932724,0.1442253307180863,3.83332099515403,0.03763300269994354
595,-0.6179531331985118,-0.016854907714559886,0.6181829524856892,-3.1143240324635615
596,-2.151444679205497,-0.8566889275214749,2.3157353316429616,-2.762645520065919
597,0.02326117320217236,0.8134764024114247,0.8138089084416413,1.542209343419213
598,2.249547116303688,-1.2566118700584639,2.576729636660018,-0.509426944063379
599,-1.048156631784991,1.1968577693207862,1.5909433820027616,2.2900549384284012
600,-2.247580840575324,-0.13617186078346322,2.251702114088476,-3.0810806529508734
601,2.340191488787468,-0.1860999548136988,2.3475794762637894,-0.07935638632294698
602,0.8343859436964749,0.5174858218937857,0.9818306773060943,0.5551398866931744
603,-2.6916522426337224,-0.7454195537538908,2.7929629618728917,-2.871426019891406
604,0.3754384933060919,0.4265753633769691,0.5682610341173691,0.8490725509552586
605,2.0425272148952445,0.08442372900998407,2.044271212341375,0.041309462462025916
606,-0.10911300441046023,-0.021543734004410453,0.11121951360408797,-2.946655760730876
607,-2.4276506908290685,0.028050602126597823,2.4278127425653153,3.1300385391562515
608,0.23818691032545303,0.27611832739012243,0.3646564615787087,0.8590176063544417
609,2.573949792600729,-0.20751121331988998,2.5823009968791064,-0.08044577358952563
610,-0.6162377794212262,-1.1484764008186517,1.30335990579094,-2.0632700246547326
611,-2.4651169769866783,1.0963167952775734,2.697908861662237,2.7231280932115336
612,1.7054494170677117,0.13423595644047737,1.7107241174947196,0.07854807758590351
613,1.9242793225179184,0.7631422330587725,2.0700813942808987,0.37755981051733867
614,-1.9022988765960918,-1.8788558085152545,2.67373150579677,-2.362394386694479
615,-0.5502243739790629,1.0730291039952249,1.2058765773251618,2.044613010426044
616,0.5711361246719662,-0.08044901996225917,0.5767742346171504,-0.13993722452537408
617,1.819792323246702,0.21757570852730623,1.83275292625296,0.11899587460576187
618,-2.7724484490203167,-0.1415033278041733,2.7760572029867854,-3.0905977837376963
619,-0.6054320295739899,-0.01259983287417299,0.605563124886694,-3.1207843486256
620,2.659173328589077,0.09475310819550486,2.6608609401831242,0.035617473940700174
621,0.12390839475074245,0.07694954963477585,0.14585788795502508,0.5557319293549388
622,-2.89946640781136,-0.8002113573941187,3.0078636382869903,-2.8723102471490227
623,0.7633313111707594,0.5447046475479738,0.9377514828962058,0.6197878403275061
624,1.8965379038774017,0.2843169090303945,1.9177309836377694,0.148805491245795
625,-0.5055720421868273,-0.3439143932299089,0.6114574390026304,-2.5442464001436886
626,-2.1705129023241625,-0.01669441398382787,2.1705771035864916,-3.1339013448803215
627,1.3390997716702486,0.43584876812468565,1.40824442024924,0.3146650188024874
628,2.210028824989422,-0.16529227712948114,2.2162014674128283,-0.074652918530327
629,-2.39152792068478,-0.30018701882568166,2.4102941815650465,-3.0167246897896454
630,-1.8053253195619163,1.0256416585849024,2.0763285677551435,2.624944148134481
631,3.0062879844856525,-1.005714268104441,3.170051834707385,-0.3228333745757396
632,1.073881693467456,0.16096722486156523,1.085878602351186,0.14878518772520186
633,-1.8826311933488569,-0.15576680837091317,1.88906418862891,-3.059041798012225
634,-0.8756084843099643,0.25897898781244066,0.9131047770787037,2.854020817022668
635,2.4711542498002927,-1.359236536178173,2.820306240036299,-0.5028748068214908
636,-0.5482344119109257,1.1312102565259465,1.2570591135156757,2.02208394694193
637,-2.4651597962807728,0.16413392217577893,2.470617891461135,3.075109326479638
638,0.8266088541778345,-0.11861675104813685,0.8350761231375305,-0.1425250781150534
639,1.9957568101459628,0.02388553684534145,1.99589973799146,0.011967588632142687
640,-0.786500458373439,-0.014060190355507984,0.7866261246452871,-3.1237176572168877
641,-2.0125503353110616,0.27170579969759956,2.030808433543149,3.0073983116130147
642,2.519756634237069,-0.20993712067638626,2.528487114940398,-0.08312444252201845
643,0.7924943996144975,0.0823348265137156,0.7967599369178815,0.10352186074178758
644,-2.0307995808402666,-0.1458540475942982,2.036030535316365,-3.069894767623036
645,-0.34318850564466175,0.8760657370640388,0.9408876266930996,1.944160325270372
646,1.6053695307003863,-0.7544648168466779,1.773817490600617,-0.4393308548643439
647,0.3625199222468609,-0.15865533783625096,0.3957173363018166,-0.4125328495179952
648,-3.0430689456844675,-0.7056884220422717,3.12382213917401,-2.9137202476124813
649,1.2300579977035113,0.8296585634348048,1.4837034776514733,0.5933973998513136
650,1.8509769425256763,-1.3176110433793156,2.272050726413658,-0.6186323177485272
651,-1.5602994846422007,1.128106596390694,1.9253983937343755,2.515592407907521
652,-1.367648914258325,0.21471474550071434,1.3844009443103582,2.9858682469103766
653,1.5580744343481001,0.06840466065654027,1.5595753077580732,0.04387515760041845
654,1.618271131678739,-0.10064983692757323,1.6213981143748544,-0.06211589212388487
655,-2.057841145957468,-0.1563780503368548,2.0637742794750356,-3.065747111158634
656,-1.0520580023174944,-0.46776610726550416,1.1513605739934818,-2.723221673503071
657,2.256254072249021,0.6912224248240477,2.3597607673490817,0.2972799475357874
658,0.9514171457399243,-0.04099372028247217,0.952299884653202,-0.04306037634056157
659,-2.701531476386208,-0.89855333384304,2.8470459096519476,-2.820494257102723
660,0.4322556445887358,0.7234125923868078,0.8427162755652848,1.0322001587271188
661,2.495136560264541,-0.003094079973323005,2.4951384786619855,-0.0012400437060903335
662,-0.9689645036303318,0.017381010550025167,0.9691203789124009,3.1236568606234734
663,-2.527750441598755,-0.443143064180731,2.566300463767676,-2.9680450116517867
664,0.940677641127877,0.4916442246694146,1.06140871871711,0.4816021973654255
665,2.5450439111006062,0.07355351730336679,2.546106562840206,0.028892644532162087
666,-1.1561466343200664,0.001474473127757392,1.1561475745425502,3.140317320267367
667,-2.0832810280523972,0.05231248169985747,2.083937724017839,3.116487307715591
668,1.914719358956063,-0.12246107551158047,1.9186315275676489,-0.06387072040032243
669,0.2780985216859335,0.314247199389456,0.41963089744204746,0.8463488908565314
670,-1.417976853326877,-0.3933588020686898,1.4715262497610115,-2.8709886806481304
671,-1.3926212569074323,0.009113153011810482,1.392651074299752,3.1350488622412795
672,3.121520289576779,0.06315421104977759,3.1221590882933588,0.020229116059398835
673,-0.5782682978466482,-0.08251869129702527,0.5841263208483535,-2.999849932527162
674,-1.1647354671963512,0.09951335671922834,1.1689788777863486,3.056361050714063
675,-0.7575732454769195,0.013721866184653209,0.7576975068416304,3.123481710591506
676,2.9363003502929814,0.06020476146636611,2.9369174929565025,0.02050073894257856
677,-1.9094491319314102,-0.7349056253963226,2.0459917560129064,-2.7741897645603624
678,-2.021297319434325,1.5338958448030553,2.537415873729899,2.492440772041008
679,2.783987456195746,-0.8703772058022423,2.916872063810029,-0.30300958309743836
680,0.9714669179961675,-1.1466611636702737,1.502857211125075,-0.8679221445738947
681,-2.2063054888965326,1.1113150329804284,2.4703856000356015,2.674989804147825
682,-0.5389175885715076,0.17488021498536455,0.5665820830780445,2.8278106070216746
683,2.77443959935988,-0.029708930260483157,2.774598657650045,-0.010707674025399211
684,-0.043297802017605136,0.06586421517005192,0.0788212820215621,2.152341947030095
685,-2.7299501156574024,0.05678630085833447,2.7305406640339633,3.1207944300788086
686,0.6976346882266853,-0.02510911631492263,0.6980864029181924,-0.03597625371936353
687,2.260145129492912,-0.11134210772286224,2.262886004933236,-0.04922346194423175
688,-1.6545070203495698,-0.23694716565375984,1.671387878290782,-2.999346727272005
689,-1.568320087852726,-0.46078251354890654,1.6346095627870376,-2.8558276820011566
690,0.8927624808661676,0.6087804483553327,1.0805732189639137,0.5984791125053351
691,1.77037655948061,-0.03799706091024291,1.7707842722918619,-0.02145940528975269
692,-1.1325607637772919,-0.8394015177544816,1.4097123081169185,-2.503777305786729
693,-2.304889701807042,1.2436130205006748,2.6189864226938955,2.6468045736901304
694,3.6168864350448757,-0.5119327491779018,3.6529361647437084,-0.14060564948192297
695,0.3221003180003663,0.14112267476673424,0.351659244424563,0.4129413524777538
696,-2.8793145244911784,0.20366720576942043,2.8865086976573937,3.070975656064273
697,0.684383007795077,-0.24242643554595134,0.7260514293148603,-0.3404348920412416
698,1.7259920200446004,-1.158303871662497,2.078633279913985,-0.5910618132348456
699,-0.6215632931790651,-0.8115811728840185,1.0222548251817662,-2.2243752605520424
700,-1.7664012837853988,1.887126022499615,2.5848439256856346,2.323163170292506
701,2.6437522742370447,-0.5487170235942926,2.700095638957207,-0.2046467856095677
702,0.11073139456300396,0.6903171840941695,0.699141799921569,1.4117446923847017
703,-2.792278340668986,-0.12207636388779974,2.794945611347243,-3.097901208754316
704,-0.5518881709798507,-0.8155578413345097,0.9847411567664318,-2.1657131074196
705,3.128467705195362,0.2242907592993788,3.1364974935678536,0.07157103081346608
706,-0.2371662680046711,0.6736559900735415,0.714185012193078,1.9093037556220107
707,-2.8084011363125683,-0.633315974136849,2.8789244633263014,-2.919795063831495
708,0.10571457285652741,0.001761142617169753,0.10572924163899056,0.016657871000015763
709,2.8403878485136147,0.5307192801864744,2.8895442693174735,0.18471750589700026
710,-0.2839578525855586,-1.2098795197107393,1.2427552109166515,-1.8013232865737872
711,-2.7650011604729343,1.2426907915517518,3.031420759449963,2.719207930545821
712,1.212618433267835,-0.501533744948631,1.3122421887834337,-0.39217157053625945
713,1.1306612408934598,-0.36573568502666376,1.1883423046246655,-0.31284799984958644
714,-0.36032564768129305,1.0469057782918867,1.1071794258375127,1.9022782924874562
715,-2.557963904112853,0.27052621542657107,2.5722293381378907,3.0362259077009877
716,3.045112390701206,-0.5028977286501686,3.086359602749413,-0.16367181416587376
717,0.5385036524739917,0.3957572682729733,0.6682888590412949,0.633780044172482
718,-2.406476009932476,-0.11648225768408338,2.409293444712725,-3.0932267378121288
719,0,0,0,0
721,0.10792506613415753,0.8356028502296908,0.8425437337088475,1.4423490967915247
722,-2.8255382079140645,-1.9881015397726856,3.4548826169392135,-2.528442153564585
723,1.1231309584546807,1.0314709649828728,1.5249116372570668,0.7428823011113039
724,2.2926317000126346,0.07840111550433448,2.2939718496126207,0.034183674278682255
725,-1.4980702734151237,-1.3892354797916937,2.043083395851016,-2.3938708918772424
726,-1.5699494125425417,1.3538848776232726,2.0731004364959396,2.4299580818979303
727,2.204840040788895,-0.06718596191797133,2.2058634497504186,-0.030462608258514465
728,1.06729206231455,0.2468089489162253,1.0954574403164996,0.22725317900812295
729,-2.3343059470050775,-0.8519756105116016,2.4849238811540864,-2.791635210479769
730,-0.30157872862832846,0.5484421642834718,0.6258901957412479,2.073549294431413
731,2.6312473241044927,0.2031825131228402,2.639080448611972,0.07706615233998525
732,-0.21910105071992803,-0.21568169786968383,0.3074473373157199,-2.364058837082192
733,-2.829276510121531,0.2122418317601955,2.837226139361188,3.06671660540532
734,1.3587430818452049,-0.1100063954229995,1.3631889705745739,-0.08078567625381636
735,1.4106684733304746,-1.1478694040173423,1.8186780117238073,-0.6830425652707548
736,-0.6436375376875958,0.3084853881465506,0.7137454130293793,2.6946544944847752
737,-2.28166675931368,0.9279654224773708,2.463153065863061,2.7553194474929477
738,1.720756055719903,0.010117147935090998,1.7207857972388831,0.005879410580285871
739,0.9621540936904012,-0.823723402319672,1.2665941510737737,-0.7080387497415745
740,-1.878763883823808,0.718965686075876,2.0116325183579815,2.77610574157396
741,-1.142296860638453,-0.10413131242381723,1.1470333247345397,-3.0506843270976143
742,2.479329280733964,-0.6064826908630039,2.552429222646776,-0.23990463473749193
743,0.7103472132920388,0.7147954134596262,1.007732924208931,0.7885193848382058
744,-1.9961973952488279,-0.11631668209065538,1.999583359435356,-3.0833893381803654
745,-0.5683547126860731,0.13530515565400947,0.5842384483916001,2.90787843683662
746,3.0926799472107405,0.7967309887287684,3.193657703054626,0.25213588741024107
747,-1.6138324790192655,-1.6811299220561295,2.3303761681689754,-2.3357729862741925
748,-1.5845572675217454,1.0272173832066187,1.888384835360058,2.5664361436526124
749,1.5190698741917004,-0.13648512779099065,1.525188995759185,-0.08960722218630232
750,1.7192461937947883,0.20343553979387252,1.7312404494261018,0.11778066695434648
751,-2.716979903166134,-0.20983622606138397,2.725070831368671,-3.06451423659391
752,-0.7737621734805771,0.1367996241672813,0.7857620748558027,2.9666029245555117
753,1.9443656529516602,-0.04596016696478955,1.9449087714660467,-0.023633214197082916
754,1.7312914579320022,0.15566037251124953,1.7382750829137081,0.0896688722804751
755,-3.436215600344781,-0.18378102423105247,3.441126722008397,-3.0881600081751635
756,-0.2508044431460803,-0.19808887208972692,0.31959673018914886,-2.47309359243301
757,2.7685452196012648,0.11535330561821411,2.7709473142039465,0.041641589249880456
758,-0.6931267883115879,0.09158113761890263,0.6991508059372521,3.010226039111578
759,-2.120791510019899,-0.24632035452032142,2.135048089862029,-3.0259652424335854
760,1.3699416336024797,0.2765153430328837,1.397569609862072,0.19916859830456807
761,2.3119526906276633,-0.03440597096169995,2.3122086874973697,-0.014880681384746177
762,-1.4942866627304738,-0.8249988144440863,1.706902362248153,-2.637136973897123
763,-2.7210096756916755,0.6528175813814414,2.7982252321370473,2.906125770615622
764,2.8798296500528977,-0.599042292281581,2.941474202039815,-0.20508845686266625
765,1.1142195535842347,0.5540192362254288,1.2443562704054087,0.46142616659158936
766,-1.832667762547885,-0.53121442631317,1.908103743145404,-2.859465710403134
767,-0.6522829692347614,-0.1407628348725325,0.6672984696783505,-2.9290517163433796
768,1.749005579729328,0.6817761353306082,1.8771891797660305,0.37168929582047977
769,-0.08940631302266411,-0.03405639027107554,0.09567301880155347,-2.77764453847157
770,-2.1913540447484365,-0.49583976428749565,2.246750903256525,-2.9190688312852306
771,0.9762318422880298,-0.4536627938456945,1.0764936323160308,-0.4350175983939074
772,1.371319417600489,-0.19290400220512538,1.3848208906406994,-0.1397533587246474
773,-1.774990192969085,1.1389371125874845,2.1089731936574125,2.571103945878658
774,-0.246563714947456,-0.6877406457660982,0.7306030805899055,-1.9150345703303615
775,1.3931006737358302,0.19868514327896492,1.407197666755814,0.1416654384791254
776,0.7555827397344501,-0.6293387079392119,0.9833475915947598,-0.6944933016577001
777,-1.7216207390132467,1.3749652723720374,2.2032946850636272,2.467677953259969
778,-1.836521013879974,-0.7450319102511003,1.9818884887185582,-2.75620304532235
779,2.369370647516689,1.5268757465927365,2.818734966407232,0.5724443057688314
780,0.9377576042961664,-1.6924646320784404,1.9348968590732933,-1.064827522034678
781,-1.650153422133144,-0.1191976368329506,1.6544528984544364,-3.0694836207168885
782,-0.3545212094800263,0.8574285841350502,0.9278302996038755,1.9628607834498237
783,1.9405946989264748,0.06988012451733994,1.9418524705301623,0.035994091730436606
784,-0.5105188768478683,-0.18629786616008914,0.5434486346967958,-2.7916895746233417
785,-1.988033629464553,-0.6503948044995695,2.0917196546387467,-2.8254130204649717
786,0.9024443512248581,0.9655317655318072,1.321611666605824,0.81915846888888
787,1.840399595515123,-2.147270600075899,2.8280455620662375,-0.8622017511578893
788,-1.229765276356602,2.0527432223340725,2.3929223497161165,2.1105419020494653
789,-1.580874689398911,-0.09826021504579785,1.5839254570348156,-3.079516910731441
790,0.737422150503221,-0.11505711808916885,0.7463441354199684,-0.15477819153668587
791,2.3008751624515753,-0.5484039164371666,2.36532732803521,-0.23398028111040878
792,-2.4434503924314868,0.6361242477476026,2.524896805583555,2.8869075403943674
793,-0.2916833714581344,-0.030316254480851512,0.2932546069048733,-3.038029012577215
794,1.720637625643576,0.06783007202727731,1.7219740873345302,0.039401072356009675
795,1.3183003768168646,0.1815282237648148,1.3307397865618567,0.1368381521805014
796,-2.4014355331211164,0.034674894109116394,2.4016858595616077,3.1271544210721838
797,0.3141391781814491,0.0888508112811337,0.32646269301994046,0.2756393625130065
798,2.2777148482988423,-0.17587980704763595,2.284495269570093,-0.07706473329145778
799,-1.6253380201389973,-0.24688731565208855,1.6439820638739493,-2.9908459550708795
800,-1.6324129518116024,0.22098474595031803,1.647302735742582,3.007037555396215
801,0.84388191188782,-0.6944500266283171,1.092884953092279,-0.6885630699687001
802,2.561050813052134,0.7981691862504476,2.6825464239999084,0.3021166033758391
803,-2.9176310358034243,-1.025853676481404,3.092724789992439,-2.8034887013565015
804,-1.3901156314949503,0.16124823452406645,1.3994364801818384,3.0261124674626543
805,2.650043605371252,-0.5765659734706219,2.7120397180228,-0.2142298628593902
806,0.9517096347462939,1.1453404381903738,1.4891460466398323,0.8774719402100729
807,-1.507994281895094,-0.9302236124546539,1.7718246875457193,-2.588867161512641
808,-1.3895711650867497,0.4817259751629308,1.470703212068031,2.8078853560048533
809,2.10534967841204,0.6444023531465746,2.2017610363367144,0.2970240639276235
810,-0.19523603054392424,-2.315728391276025,2.32394386545467,-1.654906111760737
811,-2.227389348135034,1.3683603086015523,2.6141295381716545,2.590700290665575
812,-0.43092049109623076,0.9014765914562872,0.999175917739345,2.0167028024314626
813,2.8678559637606895,-2.1698849212255027,3.5962478224170757,-0.6477261802234837
814,1.2145584361114743,2.421154735402581,2.7087160145522624,1.1058341551593522
815,-2.1410742218121186,-1.0209209359437637,2.372019894679777,-2.696655109128024
816,-1.5227416161111478,0.7226922369212048,1.6855343659335353,2.6984712325137954
817,3.030204027736545,0.2802309354256636,3.0431342111185837,0.09221693467423857
818,-0.28262453803563403,-2.3099603726953433,2.327185758147094,-1.6925416232966768
819,-1.4148267556836345,2.0443366121874647,2.4861711390265153,2.176181190984243
820,-1.159859592804878,-0.07647398077142498,1.1623779698344792,-3.0757541230152246
821,2.5561168682497737,0.02201541858539713,2.556211674100273,0.008612624292760425
822,0.5053312260798748,-0.7781189245923201,0.9278085518360446,-0.9948242159465474
823,-2.2582337102321617,0.26796083977637863,2.274076186428805,3.023485426057697
824,-1.409377448192231,0.7950897408576338,1.6181818462366657,2.6279563410684776
825,3.4995328231505027,-1.5200398696267712,3.815396596104093,-0.40976772769620434
826,-0.3746454562198096,0.5780269019388697,0.6888209616665255,2.14586665533284
827,-2.24784544112174,-0.1526917976907498,2.2530255019093377,-3.07376877581979
828,-1.05997994696952,0.9343967244858504,1.4130303346734607,2.4190801209297517
829,3.8308681386848775,0.08095139095792092,3.831723349054438,0.021128199165490864
830,0.30365114705148244,-0.09123528510201595,0.31706134477940884,-0.291879549132502
831,-1.9660924300416127,-0.7449710396892328,2.1024988212702023,-2.7793989162667887
832,-1.4695697188948316,0.627678733334676,1.598003676770882,2.7379299540775994
833,2.460266266861481,0.20483354658063035,2.4687784197171947,0.08306508462995124
834,0.7330865923943293,-0.14622958963059318,0.7475286247575147,-0.1968869513232986
835,-2.075906501192094,-0.7017329238117895,2.1913048391433456,-2.815614911536643
836,-0.07028991207221225,0.06909086170384171,0.09856073716292259,2.364796973577091
837,1.6215422931614967,-0.4373121331028642,1.6794764988741053,-0.26342195102152866
838,0.3470946187806021,1.1650285531796385,1.2156340749215173,1.2812415384350628
839,-2.8723923056082867,-0.7372531418890276,2.9654982300690946,-2.890347500549921
840,0.28266696051082363,0.6905291418242427,0.7461441591763301,1.1822571004295268
841,3.177894004631753,0.24878530648169317,3.187617359940749,0.07812687293989054
842,-0.8103908817564616,-2.354007023925078,2.4895948364990272,-1.9023485976908459
843,-2.454038742690159,2.0848270703241383,3.2200636738705377,2.4373602608678486
844,-0.4767155662840423,-0.08666132856831155,0.48452855128128414,-2.96176804667431
845,3.4285008310833973,-0.07320626285235221,3.4292823018323166,-0.02134902224580915
846,-0.10953921448890469,-0.5882563785581283,0.59836811949265,-1.7548977880364711
847,-3.1357941722709484,0.7807151514111297,3.231519957928675,2.8975846950227506
848,0.3906979757616682,-0.039796468956751596,0.3927195783325435,-0.10150982745966264
849,2.798658598614452,0.054268408898280995,2.799184704838707,0.019388434415354216
850,0.2448530069342496,-0.7185390676905286,0.7591122359719396,-1.242372198520914
851,-3.001967076999904,0.5326959149988397,3.0488639309171863,2.9659717967931774
852,-0.21582516418720843,-0.4520490654312539,0.500927997873652,-2.016231544164477
853,2.3156966374883723,0.6270987388890035,2.3991047799525416,0.2644605815300147
854,0.15436391459934384,0.06339102316132994,0.16687312530145107,0.3896617765193354
855,-1.961670873447929,-0.24312317461379962,1.9766794109739323,-3.018284656861925
856,-0.27834182391609374,-0.5537240378077399,0.6197454969477755,-2.036579617060027
857,2.955391814152449,0.587285418116096,3.0131785439119105,0.19616121904294018
858,-0.399313489441397,-0.7292031202434259,0.8313774434170156,-2.0717970233283856
859,-2.830158484204162,0.10994466303139916,2.8322932183377283,3.102764649178605
860,0.07519369881890725,0.5613282085302558,0.5663421669219544,1.437632323742224
861,2.3592794189337383,-1.8266844650287908,2.9837854332008926,-0.6588446105335352
862,0.9310977510148177,1.8934182820136698,2.109970571502941,1.1137665132306134
863,-2.8778233918196747,-0.8391871888963465,2.9976828739064856,-2.8578555378581925
864,-0.3218095344983567,0.29835846207845407,0.43883840805912755,2.393990546324629
865,3.1152310687469935,0.5722394065059575,3.167352609048261,0.18166563202321726
866,-0.2272824612691693,-0.036499159325842356,0.23019449565978908,-2.9823627338410303
867,-2.2678764906198694,-0.05527878992955948,2.2685500923105866,-3.117222787530292
868,-0.5537057682674913,0.10664765540758481,0.5638827894311261,2.951315663861808
869,2.0611933801110354,-0.5922717754674522,2.1445987984303554,-0.2798058272677418
870,0.5952462376807262,-0.5579952291677159,0.8158901637150625,-0.7531082551325292
871,-1.866949999666076,0.2536933633582521,1.8841079119480348,3.006533362729338
872,-0.2205909913064943,0.34627235441746507,0.4105665949385025,2.1380101994399343
873,1.9871550631183936,0.5944707720321958,2.074169892674566,0.29068295497839186
874,0.20976985337426868,-0.6952052921562313,0.7261637484938869,-1.2777458020247117
875,-2.912875290439956,0.0357406711141266,2.913094549311324,3.129323375257198
876,-1.0174691122410877,0.5694624688591716,1.1659892357152575,2.6313439617502046
877,3.8787939763992654,-0.6453093074772482,3.932107172200167,-0.1648585983897382
878,-0.23374865681205392,0.8552834044213,0.8866499514689709,1.837581051539343
879,-2.5078929626497484,-0.9703794568980584,2.689082260266112,-2.7724038946595058
880,0.9134322157132146,1.7179279215113752,1.9456707728213287,1.0821069784242587
881,2.881053550318711,-0.8228978157833353,2.9962694096200755,-0.2782161136006875
882,-0.5730758052566216,0.006395479154832628,0.5731114906579218,3.1304331985747633
883,-2.900466626923844,-0.6520556923802019,2.9728577631404445,-2.9204584758878545
884,0.12014359996373969,0.5548373794445638,0.5676962235572454,1.3575502004674314
885,1.8680965136470604,-0.7329011167564659,2.0067208653031883,-0.373872608593072
886,0.3559601966421724,-1.3530925612584497,1.399130851967208,-1.3135533388649712
887,-2.4804834912250726,1.2315901140415804,2.769406535567698,2.68073924056334
888,-0.17736012849559302,0.29221609426906525,0.3418287011499188,2.1163093807730164
889,2.778972516406384,-0.7617504959726489,2.8814843509997767,-0.26754071867514506
890,-1.3049082104895433,-0.6379507747255957,1.4525035727240088,-2.686876069525498
891,-1.1036497650840147,1.8997365888159266,2.197053005927707,2.097089823997449
892,-0.4369810846525297,0.09280686068365185,0.4467276370833308,2.93232028782573
893,3.428131519351382,0.21727565175200425,3.435010105198334,0.06329553404465493
894,-0.47113840532642826,-0.2118252520570536,0.5165668730983086,-2.71906890153692
895,-2.5868583532067078,-0.05831328173184147,2.5875155223460315,-3.1190543466804366
896,0.4896331938665526,-0.6893662436976911,0.8455569067104978,-0.9532138103443263
897,2.147216090928282,0.7007807432315758,2.2586789482406595,0.31546791991493245
898,-0.4787813868184685,-0.09705889373589116,0.4885202608050673,-2.9415824183614183
899,-2.6814821332247902,0.08750136578555612,2.682909413270994,3.1089725117160745
900,-0.20247837810904912,-0.01688720370844976,0.2031813752556118,-3.0583827286226026
901,3.080978267689261,0.024120262188148445,3.081072682203642,0.0078286074541602
902,-0.43304135466541993,-1.962346964830033,2.009559759058711,-1.7879905916639787
903,-3.0601963754584176,1.9316013566940455,3.618823794764138,2.578546066629798
904,1.5051715463563369,0.13642353930703166,1.5113413797146507,0.09038956251854616
905,2.5283493807087325,0.7740787179179733,2.644191455334459,0.2970982821352314
906,-0.06865531193773222,-0.918430543734928,0.9209930594323189,-1.6454104146218638
907,-2.7385152828311448,-0.7414529256506057,2.837114448741113,-2.877181940827809
908,-0.21840505651732656,0.6862711447453194,0.7201866791481135,1.8789100473937776
909,2.968491112347124,-0.7296797827182218,3.0568565667023986,-0.2410296685477282
910,-0.4000979703110943,0.7921228846535087,0.8874328426640818,2.038512289109223
911,-3.0213393566455125,-0.6709397858290913,3.094939693148076,-2.923071624257284
912,0.17965967099610225,0.7619675157524739,0.7828614771748731,1.3392416233678914
913,2.764328851655364,-0.12735753139520511,2.767261090120942,-0.04603921702605722
914,-0.32010460513561156,-0.588418601454407,0.6698532740582718,-2.069027751283418
915,-2.4964613210360085,0.6155050216934228,2.5712186914299364,2.899862738226207
916,-0.002194368294567539,-0.6110655316667248,0.611069471699699,-1.5743873636777141
917,3.5621041747205027,0.6597882426239607,3.622693290449255,0.18314863227864633
918,-0.4833788289824952,0.10000270271183354,0.4936148628821459,2.9375879860250014
919,-2.880550321107876,0.01353970452453268,2.880582141865303,3.136892300079974
920,0.583305267206697,-0.11426664682352339,0.5943920434590019,-0.19344544815018314
921,1.2361482871037879,-0.12024256748304651,1.2419826338337199,-0.0969669002064289
922,1.0813415781123012,0.18514581848864964,1.0970772911049769,0.16957431441947898
923,-3.0400861553919185,-0.14105127062231304,3.043356583305641,-3.0952287742271296
924,-0.07789802162153592,0.2372154525141923,0.2496783384358008,1.8880868857893152
925,3.171788399910838,-0.06539437243213797,3.172462462781041,-0.020614587282790007
926,-1.0674817366149227,-2.136144633917695,2.3880182484691725,-2.0342227351735036
927,-1.5548712209149471,1.0860108155663397,1.8965874630916986,2.5319029555358274
928,-1.2575217444820055,0.9698266447021524,1.5880568814180749,2.484648127016422
929,3.206876937889774,-1.9745461320235336,3.7660180724816485,-0.5518999859979271
930,0.2256596650058782,2.0813702624087114,2.093567398879213,1.4627993640657289
931,-2.8324940281642057,-0.9202522530389956,2.978235489146088,-2.8274592052894536
932,0.7609282131907094,0.08382175698295669,0.7655310787768943,0.1097148909854906
933,2.6430629511716006,0.8146100871244926,2.7657496918378035,0.2989688982256491
934,-0.7226596274774693,-0.8211818876063148,1.0938814514007196,-2.2924646057590756
935,-2.587947763991451,0.7762920149334605,2.7018702636503114,2.850168584972135
936,0.3025301967946916,0.07386551592577462,0.3114171389240093,0.23947388345741516
937,3.3279976201174577,-0.09582585260284304,3.329376931729798,-0.02878589292804488
938,-1.0404540439257062,-1.332559071203093,1.6906384284544715,-2.23371604993433
939,-2.582394044489206,0.4465386157260127,2.6207166455662128,2.970369260119029
940,0.5682377045800422,0.7663605490983514,0.954045376342615,0.9327731460563927
941,2.4491291316161323,-1.2036035945123444,2.7288999827868055,-0.4567773644768936
942,-0.6173925922855688,1.3958619291659602,1.526304077929431,1.9872302245917117
943,-1.6121795919713122,-0.21806865450730584,1.6268610803776127,-3.007145394505708
944,-0.07719910085870652,0.23148460135701043,0.2440180768689213,1.8926929328911926
945,2.288639777896492,-1.4201554077023957,2.693457520547978,-0.5553739835257532
946,-0.10675692387280833,1.3403066222214193,1.3445515543724513,1.65027964173935
947,-2.832159873251044,0.09196236972076122,2.833652523704702,3.109133303096644
948,0.7817782197330416,0.010988693169394992,0.7818554445845696,0.014055098098819229
949,2.8449863554586727,0.16582012695312187,2.8498146741935293,0.05821916746925689
950,-0.7915165737490497,-0.2733734728406034,0.8373956903234975,-2.809040149835638
951,-2.599516365133127,-0.694674573144141,2.6907356048426494,-2.8804623142162624
952,1.0347299644678287,0.07794367947298042,1.0376614652849843,0.07518556367044116
953,1.696078616921568,0.5505949679866831,1.7832098848847926,0.3138955923661937
954,-0.6007812067367695,-0.7776546242390054,0.982692613673471,-2.2285772495944443
955,-2.1618594928729635,0.24619607734990723,2.1758329383083224,3.028199541630064
956,0.9179993698201088,0.5165375304774216,1.0533441334064713,0.5125242372908906
957,1.511733016621065,-1.2768329700686536,1.9787973991787446,-0.7013597019916976
958,-0.8526348293719366,0.5231483581099496,1.0003351222721553,2.591257298258829
959,-2.5678901177750504,0.8063176826839822,2.6915066157034855,2.8373417555248843
960,0.4692420876140204,-0.8312458775716323,0.9545458845797812,-1.0568854197316595
961,3.022871477054764,-1.1113143260880065,3.220678732528237,-0.35229838451883777
962,-0.2201736806947565,1.96406483226491,1.9763671508630338,1.6824312831106787
963,-3.400815729768283,0.004253488801509775,3.400818389741852,3.1403419281987213
964,1.1766244219046484,-0.7938721043698251,1.4193935142584746,-0.5935456475339226
965,2.399458977883114,-0.4745920212232022,2.4459437796385677,-0.19527087478157837
966,-0.8325977522054018,0.37923146227944926,0.9148964525890878,2.7141910736841175
967,-2.141159864416636,0.8395206362168324,2.299860966150472,2.7679265119924503
968,0.9810533082205666,-0.6513596738249134,1.1775971375032361,-0.586111926755734
969,1.6203872014161789,-1.4568654696190038,2.1790162181777255,-0.7323092249049065
970,0.41329459149153536,2.071760023668105,2.1125818362907087,1.373891578242939
971,-2.170680952252951,-0.7583579111569065,2.299339582986394,-2.8054844851856418
972,0.6624213102110161,0.8468614193534449,1.075163362383136,0.9069990514154543
973,2.3856405336482567,0.09248660895798366,2.3874326228444827,0.03874863576679379
974,-1.6973046608464983,-0.9939245385158415,1.966908513377065,-2.611836171197337
975,-1.9688851347583523,0.1435004293089719,1.9741076584331145,3.06883719532057
976,0.24439325512321375,0.8675848808513251,0.9013498702676603,1.2962176838144182
977,3.1488022485906413,-0.11452352216991812,3.150884199373199,-0.03635447875744549
978,-1.4597745812144467,-0.7590995129269231,1.6453491722080469,-2.662064339953454
979,-1.8603358199688955,0.8657891772470521,2.0519357354696734,2.706011054824711
980,1.6557265640077503,0.021541885360079505,1.655866693784792,0.013009799116750436
981,1.5859477856513422,-0.9980277996774589,1.8738436081331402,-0.5616813470023626
982,-0.9657391315073482,0.854399644157013,1.2894381807826996,2.417289241278796
983,-1.9836281698401308,0.03007118414757315,1.983856091630475,3.1264341267510156
984,1.346392271559239,0.03568547384458043,1.3468651016185547,0.026498311002909714
985,2.0527708253166566,0.05170068907472114,2.0534217838822175,0.025180483334286272
986,-1.2304752496229412,-0.07896809806862848,1.233006610058201,-3.0775036354959155
987,-1.7326572145915407,-0.5813942164809873,1.8275995891424515,-2.8178478631729194
988,0.3218931590606644,0.46105558803895974,0.5623054873571883,0.9613025532527161
989,1.7327169421488406,-2.054739954402919,2.6877991520627686,-0.8702177140800043
990,0.597753002512377,2.044104907671283,2.1297120757460117,1.2863009451454042
991,-3.3137091142256168,0.026004862610761847,3.3138111513152535,3.133745154641951
992,2.3708305918082715,0.06513532775716158,2.3717251750521164,0.02746672298787146
993,0.9009078459523607,-0.08264882238682958,0.9046909830104709,-0.09148341356162291
994,-1.4663194674319584,-0.006917526767210802,1.4663357844458809,-3.136875076279376
995,-2.0117289859613265,0.13509037129881563,2.016259636399697,3.0745419399065326
996,0.3643087510922669,-0.09197611899776348,0.37573990018135955,-0.24729966275550086
997,2.378834075988493,-2.0072290312897394,3.112526296296366,-0.7008759624839056
998,0.08021273042322719,1.3183729490941687,1.3208108551284716,1.5100290202181463
999,-2.822266382747216,-0.09069572279167915,2.823723295458987,-3.1094679321463263
1000,1.0876999018281595,1.7598344180235017,2.068842249978742,1.0171963037847267
1001,2.1153390294558676,-0.9816905338452102,2.332032485575745,-0.4345025225714063
1002,-0.6349967470014235,-0.6085736148704655,0.8795355100386201,-2.3774390917123203
1003,-2.585866900928181,0.6623219136350258,2.66934035795308,2.8908515641020966
1004,1.214986950680327,-0.6689288907114133,1.3869603999941316,-0.503276636115948
1005,1.9449412148975398,0.7914391827132476,2.0998029215478606,0.38645925670417286
1006,-1.4458099076690587,-0.9145575354146445,1.7107839649405536,-2.5775773617563233
1007,-1.4759290346106582,0.9351522723663948,1.7472482043827606,2.5768311998609637
1008,1.1799534408979753,0.15157316295608325,1.1896489172926117,0.12775725229282706
1009,1.944422443067765,-0.3120535970785454,1.9693034516181795,-0.15912960502170434
1010,-0.6426640381930611,0.05526416263404599,0.6450358080434407,3.0558113738522517
1011,-2.7006073580333805,-0.7952571643604642,2.815264474206763,-2.85521376923647
1012,1.0242506904255606,0.6089645500601364,1.1916070241766712,0.5363998429230101
1013,1.9541545228252062,-0.5717969585156766,2.036092252538177,-0.2846594010445152
1014,-0.7732028701549325,-1.2582192879702347,1.4768068441865205,-2.121825069715176
1015,-2.115120005714857,1.9519066766732749,2.87813695174794,2.3963038400205363
1016,1.7969410648062194,-0.6055082622974624,1.8962166137067258,-0.3250164933458962
1017,1.464265173914555,-0.49263647570660396,1.544915271701217,-0.3245433919057034
1018,-1.384971217607358,1.1162785059296425,1.77882629180067,2.4632074985134578
1019,-1.682920727858459,-0.009662089827997988,1.6829484639273686,-3.1358514540732356
1020,2.0526917676816083,-0.10169223828916074,2.0552091875125766,-0.049500449932308475
1021,1.1636345573482458,0.35545496594130555,1.2167142704297433,0.2964671782792392
1022,-1.268295465801316,-2.2689485316042806,2.5993654663477774,-2.080507354102267
1023,-2.1310178618417694,2.1541843962217513,3.030139854926491,2.3507883722788403
1024,1.5956417406333685,-0.04921189096097578,1.596400443079192,-0.030831668066383027
1025,1.518755567703579,0.032660067503229584,1.5191066962000845,0.02150117841131853
1026,-1.6512989257105346,-1.418935772347254,2.1771924278987065,-2.431733023177476
1027,-1.3658421657439703,1.6335837406301152,2.129347472672147,2.267166178666745
1028,1.5442685442685615,-0.32532946532944607,1.5781649463313032,-0.20763282348372383
1029,1.2243475268336397,0.0786877987982848,1.2268735208420505,0.06418089971879971
1030,-0.8069216788901485,-0.899840836899557,1.2086505399059693,-2.3018064198770163
1031,-2.100575288131722,-0.013614897555612515,2.1006194102085978,-3.1351112353880364
1032,2.441809679455446,0.9413927429899331,2.61699346717496,0.3679710043308026
1033,0.9195067116269229,-0.05223502203421049,0.920989191171032,-0.05674666702924677
1034,-1.629631739512206,-0.08676143098773537,1.631939690164014,-3.088402970728779
1035,-1.6212096138084462,0.000458019064524251,1.621209678507501,3.1413101367280394
1036,2.271715820899203,0.057329236115776894,2.272439088784859,0.025230739688061037
1037,0.7602598636117364,0.07535921547099633,0.7639856488019523,0.09880023052864399
1038,-2.1197436004516703,-0.9551622811067091,2.32500492793129,-2.7182375988403265
1039,-0.33790865198545816,0.08818322128985301,0.34922562564005044,2.8863184453680026
1040,0.8697127290383833,0.7070347452624333,1.1208471626674648,0.6825887877878143
1041,1.1435657163177666,-1.1448995915873184,1.6181896126085396,-0.7859810322370541
1042,-0.8775784987614088,1.0880452594390704,1.3978506744556667,2.2495271138087443
1043,-1.6400964278287802,-0.45442135806001716,1.7018857374212393,-2.8713030906195134
1044,1.5312440005124017,0.57809515596864,1.6367352255204966,0.3609895395761802
1045,1.5301964415854172,0.08700241899538241,1.532667795300639,0.05679587700671334
1046,-1.4237331035224088,-0.17314223581769284,1.4342225015280925,-3.020575464982096
1047,2.1220577854859357,0.1259067057875427,2.125789675274519,0.05926288792340665
1048,0.448476067003412,-0.023237309157138952,0.4490776716913382,-0.05176764013973734
1049,-0.1677337922882316,0.07571181018022344,0.1840296260827528,2.7175910622659516
1050,0.5938369452709367,-0.013462384921297144,0.5939895229517829,-0.022666288226820052
1051,0.7106950748311647,-0.11985731216373097,0.7207310626498548,-0.167075852184474
1052,-0.021689831758521905,0.031962428699841894,0.03862700674535191,2.1670177655059635
1053,-0.1085950057052969,-0.6988842610793427,0.7072708714831626,-1.7249470003295226
1054,0.2477321065068736,0.7758434958224711,0.8144349738342318,1.261722315604469
1055,0.2240484431291634,-0.1570280983809198,0.27359738403305284,-0.6113074216051698
1056,-0.4889637193513181,0.05190104641394555,0.49171052201548127,3.03584363238681
1057,-0.020061205462866383,0.15564416403424275,0.15693169776224816,1.698981071878982
1058,-0.09419339479575228,-0.7470082566524638,0.7529234563553601,-1.6962285239291883
1059,-0.018970685634485562,0.5248195964736055,0.5251623518076678,1.606927656120836
1060,0.0503490066652148,0.14047156628339508,0.14922226176507344,1.2266326815194208
1061,0.2547153786171066,0.07376700097415778,0.26518200266378816,0.28189358286817295
1062,0.051858816227991156,-0.11797160936993123,0.12886674294751227,-1.1566353011321604
1063,0.4786745822574403,-0.09938750819947018,0.48888365945839785,-0.2047218282894871
1064,0.16139470861389782,0.22644903582857978,0.2780780785971062,0.9515845066823476
1065,0.08073078660470401,-0.11953556523519637,0.14424358308747098,-0.976792219105176
