180,0.03177173455571847,0.02315281008235104,0.03931279348238244,0.6297445253265461
181,0.4272149227714408,-0.01433724245141832,0.42745543248357354,-0.03354719799592258
182,-0.6678994902193836,-0.9095269757362132,1.1284188267780606,-2.204197651048179
183,0.6601555888147459,-0.0007952002031856864,0.6601560677496701,-0.0012045642452382377
184,0.3512833581864925,0.1961059059524075,0.4023152048931212,0.5091593895181636
185,1.4344336608444337,0.08656546922566122,1.4370433214854113,0.06027508481245177
186,0.4371325261191714,-1.4813814668163587,1.544530962984658,-1.2838553577927492
187,1.1753968005183424,0.430055793753894,1.2516012241964483,0.3507523897684647
188,-0.2938439250410738,-0.20285119264137563,0.35706142138233404,-2.537381732050893
189,0.017499568466860183,0.5529548488095628,0.553231687196723,1.5391595127845863
190,-0.4734274178006217,-0.40718490650540673,0.624446209061422,-2.4312763244602063
191,-0.028364423695279584,-0.30022363979453814,0.30156056509936097,-1.6649943685315138
192,0.775309146212976,0.5567417897935769,0.9544976127283132,0.6227640485686337
193,-0.0611704472476049,-0.183246448490749,0.19318665715039623,-1.8929804856919434
194,0.5386664712814309,-0.2237398137815063,0.5832847259733206,-0.3936761354358588
195,-0.10453707499846132,1.0789307443816512,1.0839831877022714,1.6673843507554682
196,-0.34588928295409005,0.24519437186920356,0.4239807496323717,2.5249310615728877
197,0.2906811856555578,0.3728156730959995,0.4727441991184493,0.908561910092832
198,-0.5188871006956788,-0.08626919843619874,0.5260096937007832,-2.9768414987624072
199,-0.3384214967546768,0.4828145524234202,0.5896091938712483,2.1821493635463924
200,0.11146300461439296,-0.656370553868868,0.6657674559362246,-1.4025838478928014
201,1.0150061049948818,0.40672410424690497,1.0934632550535606,0.3811191518130055
202,-0.7643848236664326,0.46498679309686963,0.8947049102391661,2.595081567160167
203,0.5373634235086229,-0.3168056651685589,0.6237990689379078,-0.5327044654272886
204,-0.6942885978519371,-0.33431550349176575,0.770586473396829,-2.6928361021595077
205,1.1338852433154898,-1.0202099186195284,1.525294733177261,-0.7326753405796614
206,-0.3359280494119048,-0.25595844972802695,0.4223297081296342,-2.4904909403882955
207,0.4602321291516773,-0.44643838008335024,0.6411870553238985,-0.770185707640819
208,0.12379467006917366,-0.5144699632700167,0.529154479754814,-1.334659853475629
209,0.1786772706929014,-0.36251344995206125,0.4041553766293478,-1.112857281165827
210,0.021668830457542754,0.013207465635190374,0.025376669637729596,0.5473860757046668
211,-0.06257001481935731,-0.10173758575820102,0.11943844904553098,-2.122182272906864
212,0.029813291542609477,-0.10774408123393187,0.11179275197233825,-1.3008459800014844
213,-0.3976395578135907,0.44053249556607454,0.5934526919543474,2.3050647091665386
214,1.267465251116164,-0.20769082306465236,1.284368965979883,-0.1624196779876753
215,-0.12069447143414891,-0.17240818111153544,0.21045601998744679,-2.181556331081808
216,0.35652697853061,0.37169055402459605,0.5150391775110678,0.8062180198083995
217,-0.49268062355361053,0.512202671090364,0.7106938673558947,2.336769754779005
218,-0.0330244261469943,-0.823280600296826,0.8239426919072955,-1.610888040787508
219,0.7146593253960418,-0.15885112652222233,0.7321008344298651,-0.21871953940201336
220,0.007756798222430916,-0.16609385627479867,0.16627488388477973,-1.5241289391887176
221,1.3744602636400032,-1.1490806061111982,1.7915153517807838,-0.6963236134549537
222,0.03618668498234001,-0.09705893355511819,0.10358529216480473,-1.2139276438912312
223,-0.11757133852552215,-0.3717090977183233,0.3898598119443102,-1.8771387527003882
224,0.25540200644115885,0.10636807803069104,0.27666650125758435,0.3946262180700727
225,-0.006780894030157469,-1.0161023468311399,1.0161249725105659,-1.577469663779296
226,-0.00024106720127292647,0.007453769030526303,0.0074576662674031334,1.6031267092242827
227,-0.08675261843154658,0.26753900754622606,0.28125279974348544,1.8843601956456517
228,-0.2863964506522052,-0.02864926556600267,0.287825828173311,-3.041890742248551
229,-0.1487943486624772,-0.2958925093642861,0.3311980303259441,-2.036734284500321
230,-0.09342764458983766,-0.5760031443312883,0.5835309306738898,-1.7315958248621948
231,-0.4739132396629202,0.09544907347714826,0.4834297098394455,2.9428453269856116
232,0.21651145003670536,-0.6754985874961932,0.7093486799214819,-1.260620892459586
233,0.009504161169616054,0.05714280770649083,0.05792779602331704,1.4059820810623334
234,-0.5590515741031368,-0.1124537719328842,0.5702495184821538,-2.943090627678637
235,-0.2474735366099594,-0.46864764605120257,0.5299752517538665,-2.0566382306995474
236,0.5517420506687358,0.8133698000083243,0.9828477613759535,0.9747550082065909
237,1.0293752242918117,-0.2273370765867,1.0541800125105791,-0.21736051032591489
238,-1.1558697925649994,-0.41803323726866637,1.2291406611228741,-2.794567257659595
239,1.4354611769848589,-0.1756734089912797,1.4461707842635232,-0.12177562217360541
240,0.30847917044093265,-0.02492732951039045,0.30948468516623817,-0.08063197343929179
241,0.24346565425764766,-0.28784444911364915,0.3770012621844184,-0.8687318276278587
242,-0.1996934514206714,-0.4485702421961548,0.4910119517121931,-1.9896327637311835
243,-0.29892699014249047,0.16013061086457014,0.33911525765071227,2.6498064770335956
244,0.46667247401444456,-0.9306332230639356,1.0410866409060926,-1.105983857447035
245,-0.47265666601253997,-0.4018438711181034,0.6203892493276078,-2.4369933296012274
246,0.29148247288674156,0.03352192332445725,0.2934037343721801,0.11450189896454958
247,-0.16901997950571968,0.25145190518957605,0.30297824030049,2.1626035115776383
248,0.2948443438290269,0.517138087438731,0.5952856361174508,1.0526174158820896
249,-1.0745837371812286,0.7551649857833098,1.3133942149893467,2.5290226473901836
250,-0.19838250963175597,-0.3577682774974136,0.4090889396100316,-2.0770878654626967
251,-0.1511689069784552,-0.24645467653262187,0.2891227179276304,-2.120991704864775
252,0.37345664366193887,-0.4880774962168104,0.6145644856388229,-0.9176641559388432
253,0.01777435703752417,0.057030467684626274,0.05973610309038067,1.2686730488895614
254,0.7132116370900121,-0.8389176730453727,1.1011147539782027,-0.8662111888074725
255,0.8996001034124674,0.037322014424781,0.9003739660943366,0.04146356085850397
256,-1.257765107803948,-0.10701803467173931,1.2623097584008762,-3.056711228629867
257,1.406641005970073,-0.31421252742028827,1.4413078894061269,-0.2197699780240419
258,0.09914208598422647,-0.33898765131451825,0.3531880249343643,-1.2862664616098878
259,0.07628090445427915,0.48069503177862316,0.4867098621982242,1.4134198236200624
260,0.31656720028820473,-0.6692360106957622,0.7403321081178978,-1.1289584038760958
261,0.2289600292065188,-0.7711629177454782,0.8044345471696059,-1.2821838938572627
262,0.12569588972291967,-0.516403181750789,0.5314806702181886,-1.3320328756124098
263,0.268601373640422,-0.12196896146478764,0.29499682283428147,-0.426249233290492
264,0.22180546939546275,-0.13291029387655584,0.2585784454901336,-0.539845841515275
265,0.09897449313280049,-0.672088945496732,0.6793375456647484,-1.424583261248037
266,0.2789536745750638,-0.07851509839520787,0.2897926383380706,-0.2743646946756727
267,-1.0189404234192807,0.2547618594647858,1.0503062370165277,2.8965892787996563
268,-1.08698843644288,-0.14805788316620294,1.0970255228244208,-3.006216507544305
269,-0.19685320137716644,1.0910046326334992,1.108621798144072,1.749308611131121
270,0.07294590820242774,-0.0010609005503283697,0.07295362248342917,-0.014542635578634394
271,0.252719414966009,-0.23953715334499748,0.348202743431735,-0.7586253122043196
272,-0.19596312853184372,-0.13527362753204386,0.2381186721986876,-2.5374054981854757
273,0.8841384588739629,-0.038425948935824294,0.8849730888629579,-0.04343412696700829
274,-0.8859646429096983,0.3681997288494756,0.9594291994779691,2.747717661132816
275,0.9517346682922607,0.29049195991728993,0.9950801262239981,0.29624224677438415
276,-0.4237934701239965,0.7033167307910588,0.8211305189373742,2.113099121815603
277,0.25915368876417233,0.18757415448647663,0.31991357869179937,0.6265179258129471
278,0.5133499320032797,-0.2614428845552652,0.5760907346697651,-0.4710502535695198
279,0.0460628707342039,-0.18529335857158458,0.19093301650320668,-1.3271411227359482
280,-0.2348829931736418,0.02540315216294431,0.2362527050046682,3.0338590333327846
281,-0.583260264952969,0.8938893791470264,1.0673475342290644,2.148925004750778
282,0.3921653461588903,0.019808434129409136,0.3926652935905864,0.050467524216371885
283,-0.42936612978860467,-0.6036980928581883,0.7408148626548057,-2.189017237300186
284,0.5213154056026497,0.6279626967577769,0.8161537236562453,0.8779282068140555
285,-1.0223029335054434,-0.11632284674868032,1.0288995541497488,-3.028294829216976
286,0.8806607094038554,-0.3185710037987022,0.9365098875874267,-0.34709589599337726
287,-0.8378714765933637,-0.3340417140056928,0.9020046995357645,-2.762225637918734
288,-0.16015864022961068,0.3102114123210882,0.34911589819777905,2.0473898024613932
289,-0.25460375830277826,-0.1459173482677869,0.2934534822887644,-2.6211758142459245
290,0.5510021061522821,-0.9721069596826482,1.1174055942439578,-1.0551371495202084
291,-0.17307228385402595,-0.18303588824569772,0.2519050452538418,-2.3282226365623937
292,-0.6024015887497853,0.11918353938131787,0.6140784886215472,2.9462678334601
293,1.1454333481334515,-0.303246135963235,1.1848948366808092,-0.2588061295541213
294,0.5453619046838867,-0.6219218265615964,0.8271676767343784,-0.8508924562799333
295,-0.5243431135784249,0.5295291338716268,0.7452092352996923,2.3512736106020924
296,-0.011276499015139052,-0.7575368344661371,0.7576207593532623,-1.5856809709606678
297,0.1460330824177163,-0.2449859847520841,0.28520833417936425,-1.0332586334006708
298,-0.19186749657365,0.4219535741225613,0.46352772835747746,1.9975621194479518
299,-0.39374764876777135,0.37068152109207375,0.5407790685569124,2.3863596538447447
300,1.0634209437957907,-0.6390467253685088,1.2406630569609722,-0.5411066203148968
301,0.05752902211293076,-0.01593139200495841,0.05969420102895866,-0.2701576909208323
302,0.07534785543134603,0.4419824115815274,0.4483589538143804,1.4019425606626152
303,-1.3843908207114737,0.5032933129361723,1.473038391664133,2.7928991863394224
304,0.6656233742133963,-0.6740126405936664,0.9472842846681634,-0.7916604291344435
305,-0.5776929678347642,0.15396248110117483,0.5978575170327521,2.881134063120458
306,-0.41955591135467785,-0.022767529906715822,0.42017320615516107,-3.0873800438374115
307,-0.10319131235132772,0.04527116832901612,0.11268507277658117,2.728166181710181
308,-0.4118484533383935,0.2872978644378392,0.5021545692590778,2.5324916842489062
309,0.36567276503205903,0.653373851460394,0.7487415848330987,1.0605603985502725
310,0.7332632935572292,0.00843363954512455,0.7333117917737123,0.011501008938756146
311,0.05352079711860824,-0.17895142514654339,0.1867835332308235,-1.2801837575265833
312,0.6306366317697893,0.0619485215291391,0.6336719819035642,0.09791757620769029
313,0.5315115464510427,-0.5596693104241126,0.771838235021679,-0.8111972931157557
314,0.5417853477672452,0.775415516864129,0.945938997424749,0.9609411894912877
315,0.04812600203774764,0.7916407092626514,0.7931022157540673,1.5100783201659882
316,0.05787226630297937,-0.8062425149232126,0.8083168884025309,-1.4991390057223728
317,0.48936144912806867,0.6531995602728742,0.8161766312713196,0.9278227715540478
318,-0.023672608535548534,0.062417880002442416,0.06675615431461451,1.9332965979936856
319,-0.2528949188781553,-0.3140203011329703,0.403192992893019,-2.2487883909416113
320,0.08294505050594125,-0.486419438426573,0.4934407274259552,-1.4018992050855046
321,-0.8646655432988837,0.6580852562973405,1.0866106507504378,2.4910338717292966
322,-0.6205864859005032,0.3490088979878294,0.7119935374404845,2.629290107202608
323,-0.164997308047532,-0.4467260284516428,0.4762229059580294,-1.9246025224600967
324,0.7788385786341223,0.34591222129417787,0.8521999744247193,0.417968846111608
325,-0.07461420089714466,-0.024982743407598207,0.07868555422496148,-2.8184996751586424
326,0.712874521384947,-0.4244278082021822,0.8296559814857756,-0.5370119700050185
327,0.9016564832619451,-0.021468982962495886,0.901912041741179,-0.02380610298743546
328,-0.5553079086699881,-0.4011001730375696,0.6850169503320368,-2.5160549959842187
329,0.11363403162954455,0.3771169155275018,0.3938652829602544,1.2781261371785138
330,0.7431178686567819,-0.4563248892696592,0.8720416109819329,-0.5506994375422603
331,0.6341058192070932,0.3151484472876831,0.7081022057444366,0.4612420176770955
332,0.12190303667603075,0.36164981580569133,0.38164242377273544,1.2456822470561895
333,-0.18795843099803733,0.6999996821317893,0.7247950929523805,1.8331209023189057
334,0.30193087351608483,0.5827107214171363,0.6562880748853094,1.0927353007335856
335,-0.29048958039800254,-0.1736655369568183,0.33844337051611395,-2.6027648138584065
336,0.8685996939860843,0.3754943527570447,0.9462882422101371,0.40803627303483725
337,0.6563463863504921,0.07559724296747561,0.6606856453863919,0.11467357031929097
338,0.13264417398806927,0.005945912835734646,0.13277737296854214,0.04479605045061668
339,-0.4504943456284991,0.9468783586853249,1.0485817953740493,2.0148710291592855
340,-0.47089574498636466,0.3897694230816384,0.611279809756266,2.4501768306543195
341,-1.2655113288039956,0.08105906233403459,1.2681046861035281,3.077627615452004
342,-0.043417507092840424,-0.15766400048691054,0.1635329232041468,-1.8395157547346936
343,-0.19029295398638624,-1.0104010008190656,1.0281641847453324,-1.756949918234342
344,-0.6411943732288137,-0.3572614948829127,0.7340068119481349,-2.633252715767832
345,-0.14260805870765125,-0.19351786041853813,0.24038764674860835,-2.2058764820288017
346,0.5765656316838204,0.25821600415998347,0.6317463355202872,0.4210661154736698
347,-0.1489099901073132,-0.4774691751560809,0.5001509755843613,-1.8731103457965277
348,-0.02268714627746249,-0.29813923994952063,0.29900119231182476,-1.6467457633081133
349,0.8994026820500949,-0.4234742477677358,0.9941104682083142,-0.440048216701152
350,-0.3693942387936886,-0.017465530276361108,0.3698069069146805,-3.0943462948676963
351,0.5826196775853987,-0.008793609757972831,0.5826860357707995,-0.015092078835439353
352,-0.43070732097089603,-0.12188411194828319,0.4476209703346662,-2.8658172501723214
353,0.1371188259788596,0.2801894738421069,0.3119418434415901,1.11568161590073
354,0.26383691938394804,-0.3310192292971834,0.4233008979372867,-0.8978603712353771
355,-0.38669784716967115,-0.13885096407364017,0.4108708011405017,-2.7968620646850506
356,0.04970157216848747,0.14556280720354664,0.15381409921394157,1.2417638654051693
357,-1.2259760934168753,0.2923884021824108,1.2603604085183278,2.9074717827115433
358,0.1678873546647992,-0.3315754015236081,0.3716563072946375,-1.1020956741687145
359,-0.6094728202061788,-0.07355897053724192,0.6138957897856703,-3.0214808355814364
360,0.4823637357212647,0.34029945023390695,0.5903206665605342,0.6143964073060275
361,-1.202416281669457,-0.28573422991175335,1.2359000625321879,-2.908286610503097
362,0.03515366095689387,-0.5278475250698946,0.52901681410054,-1.5042963913381475
363,0.8316649334612976,-0.1805661407541308,0.8510409465683922,-0.2137959240929273
364,0.39835175212795093,-0.5003386657823157,0.6395489808452799,-0.8983986445980965
365,0.5188401555676592,0.5155686927511667,0.7314411691821971,0.7822355339260362
366,0.18284896774696335,-0.9640122391778476,0.9811999502093433,-1.3833481290421723
367,0.5544317432179469,0.015959965096470796,0.5546614087653583,0.028778220418720926
368,-0.13934898884849645,0.02483200289699994,0.141544230051864,2.965243680193158
369,0.0718567900250946,-0.6143581706900534,0.6185461665602167,-1.4543629735453996
370,0.4046422484876757,0.02998576908334627,0.4057517659957645,0.07396919322088101
371,-0.48132090041053743,-0.06779739116604588,0.48607231501180187,-3.0016563403121506
372,0.32915505851588023,-0.42559635878671287,0.5380291006619446,-0.912488356014743
373,-0.3735182458408417,0.1346246191215812,0.3970386228689222,2.795662530501
374,0.4085330307326558,-0.1332715854435378,0.4297214826911069,-0.3153348189439554
375,-0.1876896969649806,0.07584678320647242,0.2024355622650721,2.7575504931955743
376,-0.29679082627092157,0.6029872802796845,0.672070275148118,2.0281851378450706
377,-1.1783348722639175,-0.37088300422065856,1.2353247645914671,-2.836657654243266
378,0.4205068605328961,-0.5054700972102069,0.6575150484429452,-0.876897198415216
379,-0.4985579555074082,0.05857501380761221,0.5019871186019506,3.024639935228186
380,-0.3641171371787095,-0.33617641445260915,0.4955763021184847,-2.3960719252385654
381,0.5342634650477294,0.04621327586305313,0.5362584423119146,0.0862842704959186
382,0.4755116478359014,-1.1579315313658256,1.2517654566886003,-1.1811375429436641
383,0.42298160237851334,0.07615695848033255,0.429782873408969,0.1781393557331338
384,0.08301448349800467,-0.46804603674442546,0.4753509198293452,-1.3952579008657044
385,1.0299069301280497,-1.3152052955608582,1.6704709677803766,-0.9064598454689853
386,-0.3821275687560046,0.067958430542852,0.38812346886683197,2.965590521858789
387,0.8421161366903789,-0.29845954239392114,0.8934414844411007,-0.34060358113623296
388,-0.3527130645534271,-0.14555590162152043,0.3815665425630551,-2.750207439663213
389,0.1713036970838857,-0.0650633946846142,0.18324355912962823,-0.3629837157139795
390,-0.08364757613355778,-0.32503582162340194,0.3356265816818139,-1.8226794516743146
391,0.34739857501892857,-0.2511611830452125,0.42868136161239023,-0.6259809096897518
392,0.8093028966783322,-0.5644417464237534,0.9866943111611802,-0.6090070517519761
393,0.5989014105306296,-0.4833672778946223,0.7696277183644277,-0.6790491237756346
394,-0.29447038843682094,-0.002541740446972085,0.2944813578320909,-3.1329613024373923
395,-0.6540561416106812,0.6191436089550706,0.9006265846001665,2.383608716553279
396,0.5504468851127058,0.4404576119564254,0.704978497020042,0.6748518221828114
397,-1.149993059956273,0.035219639862809515,1.1505322511688485,3.1109762647880905
398,0.08018741052785572,-0.022300938392753267,0.08323071945117526,-0.2712554522929838
399,-0.09463517070685157,-0.10509235455461408,0.14142212882200456,-2.303885004266554
400,0.17880493353789007,-0.5240111216995444,0.5536775775867252,-1.2419614680279292
401,0.019518233785333905,0.14327442329212658,0.14459779327427655,1.4354000921735721
402,0.30583107365293927,-0.602902871075365,0.6760358848187186,-1.1013542186761425
403,0.7376565653364651,0.36342055664623274,0.8223209284561886,0.4577656656884196
404,-0.6284272718366992,0.4719521759996539,0.7859132855594979,2.497448499638959
405,0.37931198064575256,-1.2302999569437318,1.2874453630026992,-1.271734558326879
406,-0.01569455292406019,-0.1470013688836218,0.14783680680109665,-1.6771580914227668
407,0.24556402374309982,-0.018994722525370378,0.24629756239296707,-0.07719768689594779
408,0.07553241232710661,-0.3000140835195211,0.3093761393870093,-1.324159163736013
409,0.056662309794774046,-0.26668819873409433,0.27264117938292953,-1.3614429808768898
410,0.22348306622109249,-0.2501439026621526,0.3354350204236786,-0.841629611265918
411,-0.22243901375350106,0.44328585921767427,0.4959651881150349,2.035879600166863
412,-0.6814120697787303,0.1650341726776574,0.7011124638683383,2.9039738424277766
413,0.011158369205077179,0.03302661064201118,0.03486066857958724,1.244977359687314
414,-0.2203108913156484,-0.5124170196925633,0.557770643636705,-1.9768475645258037
415,-0.6162693405209438,-0.13244515763244635,0.63034087591271,-2.9298983097535465
416,-0.20551937408822596,0.6590645503242598,0.6903653341671604,1.8730752166198013
417,0.7581906076067071,-0.4078969823999614,0.8609488635883215,-0.4935737185688584
418,0.21586762653703317,0.18476904948162343,0.28414509292450335,0.7079306118896488
419,0.016834482684544128,-0.08220181492145429,0.08390791490459788,-1.3687949138639541
420,-0.7420194055152933,0.3127441628368288,0.8052339470922585,2.7427097420531608
421,0.5221688477071211,-0.8240739956743752,0.9755809837540463,-1.0060058374176521
422,0.15576820776868772,1.020140594801326,1.0319644217283233,1.4192737995352938
423,-0.13552067722434913,-0.4098324301068672,0.4316578213384375,-1.8901510210240877
424,0.5183796790778388,0.12909587006954126,0.5342127248108707,0.24407237735835616
425,-0.7031207901388825,-0.6781741346212797,0.9768822868671784,-2.374252866625085
426,-0.569790548344713,-0.5024896293214951,0.7597085602773094,-2.418876571410425
427,0.45794626997735577,-0.02710885350742842,0.4587479440004723,-0.05912757986597324
428,-0.23251869924536095,-0.8032485290402889,0.8362255347118637,-1.8525674913079273
429,-0.8478738956756615,0.8079664856427939,1.1711959634878313,2.3802908260020295
430,-0.22936342009745658,-0.02704482592266544,0.23095237839864224,-3.024222049588959
431,1.0711208373339787,-0.5116153685466074,1.1870341753732807,-0.44560409641467197
432,0.6278190037483,-0.07848213664218662,0.6327054190058995,-0.12436246154030588
433,-0.889789635910688,-0.9194740458973385,1.2795147975904366,-2.339789061194493
434,0.5543697316055614,0.07634135631820982,0.5596014671218492,0.13684766777942958
435,-0.2350380070746496,-0.43624606872518257,0.49553354805482114,-2.064979835993063
436,0.47322700267432083,0.5456438782263007,0.7222679820578783,0.8563544556779403
437,-0.39508946753176133,-0.09852061824176417,0.40718791678200633,-2.8972137923252563
438,0.4509621093209262,0.6157736891536985,0.7632457404382513,0.9386869803515727
439,0.6461998622313558,-0.5749124530142069,0.8649269278838738,-0.7270852725490166
440,0.22429022808580612,0.8696463920327346,0.898104088394177,1.318387218940718
441,0.5540767625972194,-0.2338682479417642,0.6014111873299048,-0.39940018822956996
442,-0.16512147768889918,0.5163779110095632,0.5421358218866984,1.8802894148542124
443,-0.26949300824378497,-0.5027308524906005,0.5704075661649401,-2.0628727074322715
444,0.19376948863180132,0.34402675330930066,0.39484303427712664,1.0578452164591194
445,0.12043968749208034,-0.29217005524633777,0.31602066309948473,-1.1797961139390012
446,-0.03800799115299469,0.817329333054623,0.8182125922173289,1.617265513341819
447,-0.048719620523570484,0.09031700931875974,0.10261950884819926,2.0654874531745855
448,0.2834232971285928,-0.12667697173506554,0.31044455305772267,-0.42031738305418714
449,-0.7870643132646364,-0.15123073965875733,0.8014617706618754,-2.9517609331751133
450,-0.35020008723142837,-0.49556997330124375,0.6068193302249818,-2.1859789394164464
451,-0.4439144423915877,-0.5993384623497917,0.7458328395931939,-2.2083020569360636
452,-0.11717590241585185,0.703335648675484,0.7130296114501369,1.735880392284922
453,0.7534400372378514,0.2977977442292783,0.8101576304528777,0.3764055082269727
454,-0.9910026832500307,0.4190008091435118,1.0759405170694514,2.7415827277408127
455,1.2611829811716007,0.3168393286881255,1.300372897364609,0.24613025294256083
456,0.5113106696258001,-0.6975553463916881,0.8648826869308993,-0.938261863994633
457,0.5238026308870758,-0.8286671049638414,0.9803358439705121,-1.007105820537922
458,-0.2959073870000566,0.4874651266151915,0.5702485697896715,2.116371062226637
459,0.3057440178880597,-0.11806507593433224,0.3277480230752183,-0.3685157609229605
460,0.6291207782038555,-0.19576213624879557,0.6588746220310179,-0.30167074285945866
461,-0.36500564523055345,-0.4525422732467561,0.581397996320519,-2.249528705007927
462,0.020294601809041524,0.969277952335915,0.9694903917765724,1.549861530058703
463,0.4598444460262954,1.1299725050457923,1.2199568749348042,1.1843113448170322
464,-0.8047106776015198,0.5976102739831646,1.0023459054718238,2.502818660450747
465,0.03752448144302889,0.5800591002538198,0.581271577229473,1.5061955523369155
466,-0.19583975067791926,0.03271864299493643,0.19855406705736267,2.9760530803160097
467,-0.0629709527305522,0.016381661432703254,0.06506688650219217,2.88708754762631
468,0.07723606550962359,-0.6001533303491371,0.6051028257615125,-1.4428059420323214
469,0.1806713405450182,0.07327456010145994,0.1949648544030344,0.38529736009488064
470,-0.15186789658605448,0.016668127685342427,0.1527798563096831,3.0322760715168404
471,-0.16986565753063587,0.47739852983446696,0.506718558863227,1.912642310444281
472,1.097756321764109,-0.24879009250055617,1.1255955988273505,-0.22287018960972
473,1.0088611252908777,-0.16729569634658503,1.0226380689859267,-0.16433090122518143
474,-0.1303013379690583,-0.31439595560928524,0.34032815866454896,-1.9636970250595822
475,0.41915051604996734,-0.9157519856286669,1.007119086447973,-1.141547779238407
476,0.9474837620173275,-0.40926401716128424,1.0320961752809181,-0.40774118388962055
477,-0.11986889963930025,-0.08690625007916708,0.14805826354364474,-2.514277364477024
478,0.45291320996352624,-0.02355965725473652,0.45352555959882335,-0.051971197416153025
479,0.5257503715693019,-0.6948991618838818,0.8713772422964582,-0.9230940400086256
480,0.2858668596110192,0.2171041874201336,0.3589625184043909,0.6495274963754412
481,-0.6711573234566686,0.6587452342715778,0.9404240726954171,2.3655273008865882
482,0.6836694784961992,-1.2406736821068876,1.4165716153092744,-1.0671496522870618
483,-0.8183274074760902,0.5043090534686243,0.961242616219734,2.589297133491567
484,-0.41729884300252706,0.33639086645867877,0.536001062879607,2.463134145202686
485,0.11486805510116938,0.08757317174156753,0.14444282776103273,0.6513776930048062
486,-0.04009956168215467,0.04468433448585074,0.06003885904599051,2.3021711215385223
487,-0.11592814990353872,0.3103082309371956,0.3312559948550807,1.9283305368826549
488,0.2280880953920814,-0.09026501676109433,0.24529971975211848,-0.37683401264062916
489,0.5496462330586382,-0.13085869018711094,0.5650088302965159,-0.23372689214433898
490,-0.1227476871908948,0.14396742572682797,0.18919200400948102,2.276802153270517
491,0.36730312129282083,-0.331276294285054,0.4946266936455071,-0.7338722555489458
492,0.21644401136529723,0.10677740118568835,0.24134917331507552,0.4582939560471225
493,0.4004725963342253,-1.0374806999510469,1.1120901506557772,-1.2024126341791865
494,-0.15454427553049754,-0.5161312879244164,0.5387721591487104,-1.8617284747513858
495,-0.029314456639099262,-0.2549654295187196,0.25664510051374606,-1.6852679303131648
496,-0.5463671618430226,0.21166879395291716,0.5859357933032271,2.771985516487287
497,-0.1731815163839201,-0.09135581246987812,0.19580020962467207,-2.6561762694097713
498,0.27062814396185786,0.39472334841752144,0.478587624255141,0.9697902875489944
499,0.6571289090073833,0.07305894024605664,0.6611777459980869,0.11072428957383026
500,-1.0994508831371377,0.7284394010098936,1.318869290481314,2.5564465937113905
501,-0.334352422805523,0.12236600362179217,0.3560407019966842,2.7907540637364896
502,0.566807865176429,-0.2376999686083252,0.6146319476745898,-0.3970889693621789
503,0.07377124967115378,-0.3394801605901705,0.34740319041766393,-1.3568166104090484
504,0.2740526881622145,0.2823476792954196,0.39347819239755216,0.8003053725908006
505,-0.05298976419510382,-0.06249758947140549,0.08193817058727294,-2.2740518922141706
506,-0.2240991397269454,0.6510944234699352,0.6885814205306474,1.9022844107387618
507,0.25985509338750035,-0.08841081762861336,0.27448340975947244,-0.32794576036655476
508,0.4532219251124161,0.43859723880349577,0.6306961640034409,0.7690009203620652
509,1.3042446134899137,-0.8100705027470241,1.535339777130219,-0.5557922130168773
510,0.5777249630041297,-0.27820638015360544,0.6412214304250097,-0.4487830749368125
511,-0.10926496699346444,-1.0389245650118752,1.0446545289219769,-1.6755823371579117
512,-0.13242238939824347,-0.9110485520984639,0.9206221556614025,-1.7151371176525896
513,-0.6500087019288685,-0.011873992388046872,0.6501171465808944,-3.1233272490859236
514,-0.42655054940814807,0.062323250584661594,0.4310795271917138,2.9965093760362986
515,0.2610958104199881,0.23403868762413538,0.3506353226982387,0.7308064544341845
516,-0.5320415255132502,-0.3792676135181523,0.6533851142582153,-2.522292230706225
517,-0.09487885165015086,0.6249797841155029,0.6321405912006537,1.7214570226648958
518,-0.7351395560951914,-0.35694695458612813,0.8172155745726746,-2.6895717885170765
519,0.0322455296014823,-0.6324048369526523,0.6332263828840289,-1.5198516997270284
520,-0.5051936916607929,-0.3580721411436585,0.619222354535965,-2.5249970852700603
521,0.31621731156587884,0.10074253200536987,0.331877154816063,0.30842011734579305
522,0.25255766210955244,-0.7541383287638297,0.7953049676702296,-1.2476403275955972
523,-0.13401876787929723,0.7480977818469796,0.7600074482189343,1.7480619985117027
524,0.25630753754262514,0.34003927719520277,0.4258171718432691,0.9248940355995835
525,1.5675331877897634,-0.13630909726452956,1.5734485898240873,-0.08673951859242118
526,0.11857392657350374,0.6232576146306386,0.6344366243039034,1.3827943942299592
527,0.484355184594051,-0.7297319891487177,0.8758474301098802,-0.9848198807951971
528,-0.7819656145076124,0.9386041619911367,1.2216578879454558,2.2654059933450896
529,0.6827691761961887,-0.49622934831864285,0.8440481704833955,-0.6284800421277886
530,0.10996864792957695,-1.068449786583919,1.074094060117028,-1.4682339133678446
531,-0.33694281967837014,-0.4278702483412644,0.5446130857300676,-2.237861493609171
532,-0.42507573319733183,-0.5739231963093232,0.7141969015720799,-2.208285988217347
533,-0.4050339777111276,-0.30650659296366456,0.5079358371198982,-2.493790028103958
534,-0.716411056543393,0.867405293279802,1.1250052198756413,2.2611460596061614
535,-0.6274918258615116,0.15100839906396857,0.6454064828547017,2.905429411784174
536,0.6319327231593661,-0.5593011172630753,0.8438937767108704,-0.724501805608367
537,-0.6032806799538548,-0.594914729032304,0.8472727504323299,-2.36317650240493
538,0.38084035425072216,-0.15693043645732985,0.4119059811565057,-0.3908625555576544
539,0.35760447992788613,-0.3787386559625716,0.5208876400768491,-0.8140918180025374
540,-0.0599616541959449,-0.7309351173556564,0.7333904456410932,-1.6526472150680607
541,0.14713754587023686,-0.3165855722401858,0.34910726425464417,-1.1357327950818057
542,-0.2387899172389325,-0.27145310000030776,0.36153479787532666,-2.292266765426715
543,0.4535165457406265,0.5459089580032881,0.7097139196103917,0.8775816756136363
544,0.22871546034298262,0.26366278623873995,0.3490398639798582,0.8562559205251259
545,0.38609350169519985,-0.13159827753807463,0.4079047667069477,-0.32849630372655086
546,-0.47003321175168367,0.6748889021821967,0.8224392077462588,2.1791425856837696
547,0.5763636445620932,-0.4532078460186497,0.7332069301812163,-0.6663453375731239
548,0.32188144686892883,0.2001821688837424,0.3790521950568737,0.5563761739216666
549,0.1643930234065465,-0.13078120027780926,0.21006853284309335,-0.6720154120490939
550,-0.12007207569558886,-0.7660551149421124,0.7754081135059269,-1.7262721157523258
551,-0.7461981438577823,0.44940342532636635,0.8710769820124227,2.5995148831806736
552,0.3649420217217312,-0.6536951064634096,0.7486654602908784,-1.0616217052987746
553,-1.061360770329543,-0.8779364986068856,1.3774103166379432,-2.4504968056870697
554,-0.6257486205807936,-0.04278958730236582,0.6272099209517279,-3.073317506987917
555,-0.7404713704160031,-0.601582111711636,0.9540434411163806,-2.459317486934203
556,-0.23885295126365236,-0.303832759845875,0.38647778497983276,-2.23702438537859
557,0.5575755927225146,-0.3762335558271559,0.6726382609770344,-0.5935895139868176
558,-0.08157029964706908,-0.12981633612427856,0.15331664915867524,-2.131802135986834
559,0.7957633310226129,0.08492623797216226,0.8002822907551491,0.10632054724009771
560,0.18527771804940585,-0.21347276240098978,0.2826631442064999,-0.8559891654291094
561,1.0091221109546495,0.04375346374312983,1.0100701957820006,0.043330808634613555
562,0.3193363390463446,0.1679164085382041,0.3607930399715203,0.48409690440415687
563,0.2619316501211415,-0.10306937853167142,0.28148088056933646,-0.37488800081885254
564,-0.13851397660266684,-0.26073129747670265,0.29524046334838483,-2.0591316981152583
565,-0.06691488247065536,0.22413423495846985,0.23390971928605317,1.8609207042674394
566,-0.4870054361417715,-0.23640856649938513,0.5413532166210258,-2.689666314847956
567,0.12377664214932338,-0.035762064949679484,0.12883936677594604,-0.281264775156619
568,-0.12802368217694493,-0.07003224906705441,0.1459266223399053,-2.641035813636045
569,0.13504620688092928,-0.013788604615520228,0.13574830978752514,-0.10175026053272601
570,-0.41424512865273755,0.20356228449502822,0.4615589131209123,2.6848443509647426
571,-1.2661099214557225,0.01664329056411873,1.2662193065695284,3.1284481929501813
572,0.19839335328856578,-0.3452805967722341,0.3982193028175201,-1.0492733297538326
573,-0.2863909017333981,-0.430088332479059,0.5167162880443062,-2.1582600498053486
574,0.23374967448887674,-0.3460403517725652,0.41759170894371994,-0.9767044018120379
575,0.1264197013994135,-0.04568277529880049,0.13442044807586964,-0.3467572892640728
576,0.1266086367461412,0.3410218343824667,0.3637659115754236,1.2153063420703654
577,0.4160764511315165,0.5054926778552158,0.6547079200310885,0.8821214676001978
578,-0.22416346096110829,0.282799985139782,0.36086713458712644,2.2410439234490385
579,0.026557109257851153,-0.76095173713977,0.7614150158147442,-1.5359106255782895
580,0.7833244941721205,-0.0982809374629241,0.7894658990979913,-0.12481423443088087
581,-0.4215126340718598,0.11264708883192753,0.43630524556152855,2.8804505237852545
582,0.09750972893687049,-1.1262624284651395,1.1304756543196919,-1.4844335224363088
583,-0.2626409317316529,-0.27292311020389803,0.3787707527043764,-2.3369980643077355
584,0.14805564835558016,-0.2687725477993723,0.3068536417586682,-1.0672942210808603
585,0.028871044380252897,0.19480471615784722,0.19693251290974265,1.4236622836192578
586,-0.231380441080546,0.21374816098183658,0.31500029339310964,2.3957854455219465
587,-1.083581647328515,0.32748297277362326,1.1319868744308954,2.848097932934937
588,0.7658317304924367,-0.22493754678951916,0.798182397315756,-0.2856823508943687
589,-1.260968468376518,0.4867491468274281,1.3516531397429783,2.7732026215798418
590,0.5766584025251404,-0.15774528981895486,0.5978448709012338,-0.2670182775731671
591,-1.5747336615994527,-0.0233302460405298,1.574906475113596,-3.1267783774505515
592,-0.2703561504242771,-0.2240989926084822,0.35115923248630515,-2.449474772828345
593,-0.09885920484077815,0.15340477278815,0.18249977176954185,2.143248546752037
594,0.12076676079163917,-0.6711669438251704,0.6819455088170348,-1.3927658633608013
595,0.6150886162928373,-0.2853833955893279,0.6780690881990802,-0.4344114336306054
596,-1.0030540807680381,-0.3495610379385212,1.0622195668457959,-2.806257703434434
597,0.4825879375529212,0.28145251126507986,0.5586650459524043,0.5279861340327691
598,0.4565427977447598,-0.10436173462366582,0.46831901288146854,-0.22473010096601215
599,0.8460698357140473,-0.5146262967824171,0.9902900546027813,-0.5464673304879655
600,-0.15948568476289893,-0.7548788559215254,0.7715424620600487,-1.7790076484641324
601,-0.1280101074931963,0.09262489334138735,0.15800619762187512,2.5152192409238765
602,-0.15988361207450907,-0.4002314262221134,0.43098487670193153,-1.9508525418850744
603,0.2794458816856604,-0.17882537335089665,0.33176575312283774,-0.5692624390663922
604,0.13643894012261626,-0.3087476345696345,0.3375510127878858,-1.1546896388264412
605,-0.09735715318197435,0.624708072658045,0.63224883655079,1.7253969518496248
606,-0.3449744796299683,0.007308996103937204,0.34505189902392186,3.1204087597633885
607,-0.9848159901084728,0.8163224496993848,1.2791578777682355,2.449471380668997
608,0.4355995415636471,-0.2698773954382645,0.5124263548833148,-0.5546734305366681
609,-0.0692815640321669,-0.05127333335596518,0.08619100781505674,-2.504475916979799
610,0.08713856845383816,0.33980795189854973,0.3508027569527801,1.3197706542336327
611,-0.24707146605305752,-0.29893781097355543,0.3878248627502733,-2.2614869781770643
612,0.9758453075197622,-0.111186182066632,0.9821590661857648,-0.11344908555784748
613,0.8133991762206279,-0.147581450815494,0.8266792028962638,-0.17948537715278268
614,-0.1826255774889205,0.23784630016844943,0.2998715792751655,2.225611459680094
615,0.05966475159345919,0.4294013392179963,0.43352669203281813,1.4327316387564202
616,0.6207185881116857,-0.35733953011344255,0.7162283891392888,-0.5223503142875582
617,0.09004156354058068,-0.9567972868941155,0.9610247298445409,-1.476965417806766
618,-0.27829130370537314,0.05963747978881884,0.284609695396341,2.930486852626335
619,0.4717412489733306,0.5558823718119328,0.7290713389471416,0.867095236423589
620,-0.022923280495774634,-0.7480221650493561,0.7483733267519722,-1.6014319277777265
621,-0.09771463065430908,0.1427944119619795,0.173027145649102,2.1709094582894544
622,0.46467900564721276,-0.5129974052571669,0.6921653820365969,-0.834779653398655
623,-0.36347707149525377,0.5382569289394041,0.6494891092651551,2.164742067630557
624,1.0764830588576615,0.06592087873340802,1.078499577311244,0.06116089049629187
625,-0.47216234733502915,0.27011402961190356,0.5439658732256142,2.621956567293461
626,-0.4569502874993532,-0.18656464357898273,0.4935685681640337,-2.7539669490288095
627,-0.3858532453876933,-0.14209510437119377,0.4111857799857333,-2.788742279193124
628,-0.15551227113360255,-0.23190045248868785,0.2792165581364925,-2.161516553569228
629,-0.7998268846326937,-0.14981016314714424,0.8137359094715031,-2.956434792521504
630,0.073964435665971,-0.18627003849125146,0.20041772621930892,-1.1928081982047005
631,0.464084926307919,-0.4009455164767104,0.6132961160883074,-0.712536406285369
632,0.8283487926743192,-0.017020210541687675,0.8285236326695127,-0.020544263563535642
633,0.4519695374481216,-0.3340847878991866,0.5620401304948904,-0.6365373288585883
634,0.20370671337116164,-0.48991710656329346,0.5305800565191177,-1.176745322017961
635,0.5717011151933775,-1.038323256582384,1.1853089682750226,-1.0674923360172017
636,-0.23498271661890158,0.4309324816049305,0.49083569635040064,2.0700154082779205
637,0.6888117119241315,-0.5470577027943051,0.8796213416410694,-0.6711974008899749
638,0.19198881719512428,-0.3646279706601412,0.4120840483635779,-1.086147980620426
639,-0.05420678486518682,-0.45716305419253445,0.46036554350219006,-1.6888173890142737
640,0.1756029587215835,0.7910234106433514,0.8102804670591623,1.3523442621005368
641,-0.9507407460648665,0.18683572313271313,0.9689249473857625,2.94754937308446
642,0.6845171936759016,0.14096175758810858,0.6988805373883725,0.2030897097581858
643,-1.4850708722221952,0.37494668216465143,1.5316724551904273,2.894283777722832
644,-0.19915592639097213,0.3286639463966061,0.3842955538093532,2.1155838139754954
645,0.8590176794318722,-0.5656644997880846,1.028536678926436,-0.5823285296606019
646,-0.39889881496424096,-0.7454386135016158,0.8454578588428208,-2.0621433158609737
647,-0.06589655339200817,-0.14247045728206942,0.15697193044333674,-2.0040194322244838
648,0.571524166525819,-0.4908246994720251,0.7533583201470837,-0.7095805278534805
649,0.04915825941077401,0.7159661141438711,0.717651733830952,1.502243878703865
650,0.6125028667283914,0.4712165865616136,0.7727902905713013,0.6557577151131877
651,0.5682676713349792,-0.12752960693033444,0.5824018775109552,-0.22076060612575207
652,-0.03657996005676978,-0.01632051817961866,0.04005562122107378,-2.721936586239576
653,0.34194714542252314,-0.9256920265050006,0.9868300655115585,-1.2169475782739116
654,0.33201351148272806,0.7098195104554748,0.7836304672677942,1.133285214027328
655,0.34582009573932737,-0.3789220986448818,0.5130043815198844,-0.8310406188329829
656,0.35532615183194594,-0.5261753210496956,0.6349150672786473,-0.9768406471554627
657,0.12872094752606245,0.6804350305330082,0.6925033668571318,1.3838312515011442
658,-0.5873390483855019,-0.8839040167606171,1.061250898046235,-2.157285523784056
659,-0.5101014812760241,0.32009455458086933,0.6022159455480393,2.5811893414693445
660,0.44502369301733324,-0.3691070177124196,0.5781747814211047,-0.6924182831050791
661,-0.9900614231690952,0.2308908723366585,1.016627865335196,2.912478984018887
662,-0.0994355792247461,-0.5762444507799529,0.5847607215523717,-1.741671560714421
663,0.10986839602344389,-0.5475768748653849,0.5584903744310242,-1.3727809431161457
664,0.4278710952785332,-0.5544380328678464,0.7003393509329736,-0.9135385151044043
665,-0.35967597065632617,0.257745657711105,0.4424925173791084,2.519809000431453
666,-0.4257564608983557,-0.08354419294584403,0.4338757842651114,-2.947829225273228
667,0.3407973159065705,0.11788564379407873,0.3606103652723632,0.3330276946570129
668,0.07311380201156226,0.07938327002536028,0.1079228039132842,0.8264870793180852
669,1.0749682346895497,-0.7004984345826095,1.2830645979233677,-0.5775312620494549
670,0.1704268311279975,0.14297630960619756,0.2224579283301412,0.6980325902111485
671,-0.10292299260788695,-0.589926971304628,0.5988380197348984,-1.74352511967367
672,0.10805491034352599,-0.5353040982166775,0.5461010357222532,-1.371615773721471
673,0.8213722941991364,-0.24221808305848924,0.8563422478416454,-0.2867661932246978
674,-0.23950556263571343,-0.3884489712538084,0.45635021398219117,-2.1233098572450935
675,0.01814866937672832,-0.47758441299560417,0.4779291220845426,-1.5328136363205216
676,0.07404518332725729,-0.34627397434519835,0.3541021808500849,-1.3601348217296498
677,-0.22263272552334,0.10551674882311346,0.246371903341576,2.699001486799287
678,0.28787385835141777,0.7352484118055997,0.7895958367321784,1.1976105166276931
679,-0.874447442812766,0.21404274556646286,0.9002625323600972,2.901537788281664
680,0.7733028511900102,-0.4571293618706562,0.8983120577743975,-0.5338784742354717
681,-1.1626928688034468,0.19575138133682657,1.1790561099717285,2.974796519522181
682,0.40867767407860356,-0.4230812635126391,0.5882305643416945,-0.80271345664241
683,-0.06815016562097753,0.6628589456527685,0.6663530797603223,1.6732488208940541
684,-0.253148769745394,-0.25530141417088714,0.3595317951186812,-2.351960778351909
685,0.05432309466050356,-0.49533687912484226,0.4983067553572123,-1.4615638656012024
686,-0.042331161342758605,-0.27320957826331593,0.2764695297414267,-1.7245142817199823
687,1.1442384278835789,-0.3851011157902029,1.2073046215551166,-0.3246487787606918
688,-0.744389932007266,0.36104644350287884,0.8273275682822733,2.6899980493314373
689,0.844334964832683,-0.253040590660067,0.8814369366895193,-0.2911743716688657
690,-0.3079189528916686,-0.6609285140545644,0.7291368748323432,-2.0067842394808015
691,0.5395121278014585,0.28457978048802346,0.6099663822764898,0.4853861504966097
692,-0.49412005950273397,-0.3135693021687054,0.5852181990211465,-2.576118705241824
693,0.05072062027602442,0.15247842220867724,0.16069303208425778,1.2496687334773506
694,0.5355264709829726,-0.46863469374659417,0.7116228476562853,-0.7188818530255254
695,-0.14332373970285062,0.1756803436097698,0.22672731968877785,2.255110136255906
696,-0.5112878560639729,-0.1569429155499158,0.5348330117894761,-2.843766415947075
697,-0.7135501036948426,-0.09210566402203213,0.71947008542945,-3.013221616087584
698,0.03499688108195187,-0.17559096261139828,0.17904459733893607,-1.374065158189684
699,-0.11163084659347078,-0.277555385265817,0.29916289509434674,-1.9531918323107285
700,0.5346340471915028,-0.02325541306671397,0.5351395880079042,-0.04347041296417742
701,-0.3279051199535843,-0.11940984109255837,0.34897059738826786,-2.79235948135677
702,1.09022903707978,0.6635137224161305,1.2762640060451498,0.5467192659986662
703,0.7042585185241705,0.045747101422072944,0.7057427705633128,0.06486669176543254
704,-0.7628085012939891,-0.09315022795732375,0.768474966810815,-3.020079446506753
705,0.914900825896666,-0.38397503554735124,0.9922098312101081,-0.3973647327126681
706,-0.023541609856465584,0.27773764223208275,0.2787335740582222,1.655356246066407
707,0.6376010627876667,-0.5166762794182844,0.8206640561042522,-0.6810165902249965
708,0.2441129134072071,-0.34810146623538074,0.4251655504475598,-0.9592189105093836
709,-0.23003836990460513,-0.30852081041797774,0.3848411907388991,-2.2114864273650157
710,0.451057708530584,-0.009617532078362245,0.4511602302377057,-0.021318946122347228
711,0.2810290400194617,-0.07312021887191023,0.29038575678248457,-0.2545435965288272
712,-0.06206861146517895,-0.3675306827177991,0.3727349128646616,-1.7380978204862618
713,-0.04888147583415048,0.23107685553300783,0.23619041437523922,1.779260854741603
714,-0.00986716442434954,0.46176288101087337,0.4618682920630503,1.5921615413273977
715,-0.08421022413381252,-0.20887845186884135,0.22521449665550133,-1.9540188766597142
716,-0.31214967179244013,0.052129615665649,0.31647261244786473,2.976117735572679
717,-1.0439881625111411,0.39493767428481874,1.1161931060676242,2.7799345298699336
718,0.21403342782934942,-0.21004832714977795,0.29988432430989365,-0.7760014295385946
719,0.47819227880086146,-0.596065307265544,0.7641738715962016,-0.8946860753994674
720,-0.280657059719033,0.16413481599089152,0.32512862530158226,2.6124071663290107
721,0.11577991924309572,-0.2795196353881124,0.3025495269661499,-1.1781000076827277
722,-0.6130233868511823,-0.0393252206970196,0.6142834409369697,-3.0775308070766596
723,1.5001869010703786,-0.6079939668174958,1.6187085598802584,-0.3850487783887077
724,0.14249590589110994,-0.07040772089916203,0.1589412795907418,-0.4589192640967692
725,0.4784504117398001,-0.3070353658363416,0.5684940741716138,-0.570538612504293
726,0.30696384816724276,-0.5658824062859154,0.6437776804344647,-1.0737668552995443
727,0.39813255258138724,-0.09765398913453538,0.4099339349442286,-0.2405314871961352
728,-0.4210401930121179,-0.7419094682566012,0.8530559789489047,-2.0869825889975013
729,-0.08029079216544233,0.8433723195062832,0.8471856234710091,1.6657123334427486
730,-0.06377235686670701,0.13357293245354285,0.1480156808739309,2.0162293086075906
731,-0.11091182169252534,0.5338293345503473,0.5452294843619714,1.775648344762111
732,-0.4115665477378343,-0.48741391702894177,0.6379336562138223,-2.2720234017703285
733,-0.9511577725365896,0.425505328489983,1.041996109796066,2.720940362022371
734,0.39171789034810445,0.04400348579504154,0.39418169970317496,0.11186566006126103
735,0.22620349561100284,-0.09961622672692272,0.2471667737661085,-0.41482790249657364
736,0.9069357897745931,-0.05774824852675309,0.9087724616107008,-0.06358817682114574
737,-0.06080288207931517,0.14336106983495966,0.1557221461879308,1.971924829587154
738,0.13346693680909993,-1.6377339906800863,1.6431634268842905,-1.4894811439799522
739,0.10486014992545734,-0.05594700869474778,0.11885166731804638,-0.4901176501789228
740,-0.1726608972297754,-0.06053604884768404,0.1829655668214111,-2.8043775421743375
741,0.1841860889454665,-0.08160941262337218,0.20145622747822695,-0.41708546207530245
742,0.2933254550827087,-0.12719727151470295,0.3197170131229541,-0.4091648982077066
743,0.5458388722737482,-0.030266560175086,0.5466773629389727,-0.05539289890996463
744,-0.23241025181494024,0.4899734637405295,0.5422992903541143,2.0136997586764394
745,0.5456417265111213,-0.11188815621526871,0.5569953798832533,-0.20225417806270451
746,0.6591438735016482,-0.47818674976593556,0.8143299169418168,-0.6276138519714265
747,-1.17857712843454,0.4619024813011734,1.265858582109861,2.7680751626454545
748,0.7067703650736803,0.10124615554187955,0.7139853870762299,0.14228383681098405
749,-0.17446622352895247,0.7510135083769072,0.7710121613288893,1.7990553665182607
750,0.12176470686836183,-0.003770891470487925,0.12182308262895124,-0.030958779095371033
751,-1.0483285563294658,0.18476638683270252,1.0644864394246802,2.967135796202027
752,-0.330146091218694,-0.600040842429582,0.6848689320815952,-2.073797706260872
753,-0.08323374348276502,-0.6712626349955073,0.6764032681731117,-1.6941624428755129
754,-0.20349309559833273,0.28324071218807845,0.34876172524662463,2.1937950373810895
755,0.23459105479969367,-0.05624786354903577,0.24124009854471504,-0.23532736016349756
756,-0.021967669289438163,0.2675502513872239,0.26845058299690244,1.652719265767832
757,-0.10279259761091453,0.7663405144011435,0.773203790818571,1.7041348153453975
758,0.3718220983015499,0.02164368352315904,0.3724515026440598,0.05814417038296725
759,0.2412608229946045,-0.2971010280141222,0.382721577075401,-0.888751025947871
760,-0.17859708825574216,-0.2941647425772054,0.3441363330265243,-2.1164440936099425
761,0.5567599073957581,-0.1662530119764014,0.5810521994404277,-0.29017932320642675
762,-0.49672289031661876,-0.8909992997815763,1.020104593645061,-2.079371559867075
763,0.05660603145599907,-0.26583567459389457,0.2717956009283236,-1.3609936419012254
764,0.25338351543587123,0.13321319787614172,0.28626729115116956,0.4840249181660076
765,-0.03328827259440459,0.17437226856509724,0.17752125826744747,1.7594301278048703
766,0.20109883986322075,-0.40792054188341,0.4547965609861052,-1.1127761905803115
767,-1.039608751439232,0.33538122045679586,1.092367575088225,2.82953000686666
768,1.0582504904029975,-0.6884657214510987,1.2624892673014556,-0.5767756199748205
769,-0.5538652786283365,0.26880937800717675,0.6156502485784036,2.689746931257425
770,-0.44021277219383137,-0.608099789847337,0.7507147522294694,-2.1973931980098707
771,-0.021356150353653902,-0.3967666116540336,0.3973409484074736,-1.624569908769006
772,-0.07645090622111184,0.022681062117232642,0.0797444144802318,2.853189228549515
773,0.37828287654008363,-0.29476482377745583,0.479566716964381,-0.6619399074909899
774,-0.7118088506060758,0.3269777024358511,0.7833174692877536,2.7109808892134253
775,0.43772559941453437,0.30965595583748495,0.5361814164706195,0.615688661367022
776,0.16373012217559335,-0.08625515934570416,0.18506081546720674,-0.4848672169075043
777,0.5154197234144249,-0.44046395423078977,0.6779867154017293,-0.7071431387574728
778,0.3793980522120819,-0.5667687837967463,0.6820335301939081,-0.9809001122406247
779,-0.41914970249013095,0.4262312755788784,0.5977955949813976,2.3478179030200943
780,0.14878533499972946,0.06300229339066732,0.16157464183300993,0.40055216872498656
781,0.12427324845066323,0.7654311176602917,0.7754538259388263,1.4098435574630495
782,-0.09324988448781824,0.020135055368502464,0.09539895917505654,2.9289317719530157
783,-0.40137214409332955,0.02026508294558127,0.4018834055305939,3.0911459803951598
784,0.04585339672985356,-0.5516637985987032,0.5535661484195145,-1.4878685777242653
785,-1.0207879199834906,0.1970121062516057,1.0396257728595975,2.9509367981832706
786,0.3895151475022658,-0.05702562939682565,0.39366733740788806,-0.14536885713415237
787,-1.007941127471895,-0.2071419979914637,1.0290058910332878,-2.9389046581390774
788,-0.29276664246958717,-0.31075017065595745,0.42694024816784576,-2.326405413867472
789,-0.4834320997017585,-0.641010197985155,0.802870269061583,-2.21696232876603
790,-0.09009211336615408,0.003867640006989248,0.0901750937343767,3.0986891573408646
791,0.3241710690220998,-0.29233259005459367,0.4365148625178278,-0.73380038513706
792,0.24590077518689668,0.28159366353261106,0.3738478067064645,0.8529601338006757
793,1.223532679667187,-0.16918859614883353,1.2351748861114284,-0.1374074033322257
794,-0.573062047652229,-0.49098439240898095,0.7546295674359584,-2.4331793276285603
795,0.058441225180104084,-0.13680953130566564,0.148769031241813,-1.1670872663632157
796,-0.05318259361808941,0.2894503174203642,0.29429555640324645,1.752506147673143
797,0.18344620057325756,-0.10611075149428295,0.21192451506950608,-0.5244080549813019
798,0.9660782863581971,0.10667199727403442,0.9719496748161514,0.10997206585788047
799,0.292887702787084,-0.40570437284077343,0.5003791008685521,-0.9455073400056094
800,-0.004408551820461071,-0.46880629043179844,0.4688270185021096,-1.5801998308994654
801,0.31576193249202333,0.3071405443467192,0.4405007514099109,0.7715583762513615
802,0.7622569067659697,0.15437103178309464,0.7777313208082861,0.1998158995007563
803,-0.81251901109556,-0.026639042159578352,0.8129555842473108,-3.108818646911248
804,-0.08894426015615409,-0.3129284543881692,0.32532337601299743,-1.8477249747753508
805,-0.4549217228368434,-0.8887667707143692,0.9984288390440702,-2.0438846843387397
806,0.3519312496665634,-0.21410685128953943,0.4119433799213066,-0.5465562466343374
807,0.018261436450984547,0.1899222744717317,0.19079819286819555,1.4749388528526683
808,-0.47343035668768607,0.5623049112407514,0.7350667424383306,2.270595991371581
809,0.15265780332867962,0.44475528712233725,0.4702251272958629,1.2401564292473681
810,-0.38239192324863325,-0.31778212841467024,0.49720123099761787,-2.448210670705099
811,-0.06977183857691216,-0.5397970549385658,0.5442875802172522,-1.6993393170674649
812,-0.1269729969101263,-0.3650285841168568,0.386481576749392,-1.9055491293599123
813,0.7110820681413088,-0.4989416207143691,0.8686659015485771,-0.6118427487980385
814,0.1119023927960825,0.16698136249896045,0.20100975333425483,0.9803867515551175
815,-0.05023958198682976,-0.267295320002388,0.27197574100163857,-1.756584113345379
816,0.07820688723029434,0.00434591979543697,0.07832754451098507,0.055512434504962405
817,-0.13868893291942186,0.1785889826344338,0.22611644087224173,2.2310938052611804
818,0.45812354372583286,-0.5324364328485345,0.7023999831580202,-0.860278983077144
819,0.29317365127485573,0.626967739610409,0.6921266764935565,1.13339838955821
820,-0.03512360565900963,-0.04687913852781023,0.05857748119882959,-2.2138092174191977
821,0.3703110996650594,0.290765203551306,0.4708234426315006,0.665646045206161
822,-0.5601807788857514,0.08961742652987859,0.5673039645294974,2.9829574048067604
823,-0.5716758872817991,0.08705387430113376,0.5782661127286207,2.9904752160019528
824,-0.1563479113330004,-0.940659550741028,0.9535643972897188,-1.7355015650319714
825,-0.003424018014015928,0.33258988927003763,0.33260751396205135,1.5810909784504268
826,-0.33780772838804296,1.2310983028657585,1.2766037336141707,1.838600371997059
827,0.958251523796207,0.14765033885261047,0.9695600060960866,0.15288076075173207
828,-1.0804444074212824,0.18343463427241424,1.0959052799300588,2.973419219052206
829,0.35145191680896914,-0.1772310109884252,0.39361057034164854,-0.4670676456579944
830,-0.5382618583016665,-0.15532212486044195,0.5602238754047582,-2.8606618330071187
831,0.3894610948332229,-0.5860019548001443,0.7036179612675354,-0.9842208912888674
832,-0.9016290325105274,-0.5614693180955754,1.0621594548035527,-2.5846290651398154
833,0.5787998199878075,-0.4364955069241052,0.7249396934799818,-0.6461447987392042
834,0.305683406995513,-0.6740604943587467,0.7401350521138305,-1.1450393380942323
835,-0.11448958896232853,-0.6228704113790542,0.6333051518440973,-1.7525768847680772
836,0.31710710439631384,-0.15931655053771188,0.35487840020752176,-0.46557065329376013
837,0.2496346825795399,-0.02491339891861699,0.25087477392568946,-0.09947006395124058
838,-0.6452948638457201,0.4707973203154747,0.7987838118802222,2.511285812999166
839,0.2632710768449442,-0.02297482832436515,0.2642716455460755,-0.08704629489899278
840,-0.8318957963499543,-0.04648402871114499,0.8331934834778433,-3.0857734742296103
841,-0.5313323355089778,-0.2926961765805771,0.6066177565339753,-2.638080105978875
842,-0.36167338117343206,-0.29489274236668095,0.4666576519783688,-2.4575578810588117
843,0.4030970543821013,0.06203107585459833,0.40784199100044327,0.15268845305496093
844,0.5961080653602266,0.20467521783293208,0.6302672214088801,0.3307405748192626
845,-0.2811305844592198,-0.36572731897624067,0.46129261577000275,-2.2261515257223765
846,0.3416951881032446,-0.18672103301435428,0.3893845730673717,-0.5001174235446368
847,0.7065355429117517,-0.17130618948143983,0.7270063850835525,-0.2378691408385907
848,-0.5797425939402956,-0.2759981238093214,0.6420875637908648,-2.6972715609322555
849,0.3362532889090062,0.21480389697880398,0.39900750426452414,0.5684726074501313
850,0.6762018137792438,0.2942157915582708,0.7374359802454712,0.41039471667036015
851,0.04247614707355751,-9.427505913173206e-05,0.04247625169434401,-0.0022194787151028454
852,-0.10171558738454678,0.2566565118024542,0.2760772097939029,1.9481177796248847
853,0.283342928772754,-0.7901624198544841,0.8394282965422455,-1.2264911210882428
854,-0.12316211893983109,-0.09100537791534968,0.1531368223232568,-2.505228811291293
855,-0.42169554180145497,-0.2240445887855298,0.4775176517567699,-2.6532238744701924
856,0.4110455034374354,0.03918888334197845,0.41290940225880773,0.09505222411511537
857,-0.10658761280717499,-0.3191971701236671,0.33652303430655317,-1.8930784347921132
858,-0.16527632476618237,-0.5537610837898548,0.5778993004393855,-1.8608409918226212
859,-0.9080047519222489,0.7312854648514016,1.1658692296378335,2.4635820947447944
860,-0.9778361590052782,0.020938665759802078,0.9780603159222833,3.120182659567849
861,-0.4757039891758268,-0.35176792188489614,0.5916375209408321,-2.5048661094817835
862,-0.21412649700926067,0.1631210953921709,0.2691814415657191,2.490583608575727
863,-0.3186485998508033,-0.017099031392648456,0.31910704639892257,-3.0879829800945457
864,0.4884909323343436,-0.012783221022239388,0.488658164479608,-0.026162827937354784
865,-0.32562755396884313,0.06790941065277956,0.3326334197866169,2.935990254360275
866,0,0,0,0
868,-0.8973275143223418,-0.12808822391960994,0.9064233343569619,-2.999806365829049
869,1.127973729055725,0.08191733180540162,1.13094437647923,0.07249616598200151
870,0.6870974873357909,-0.6771291106378676,0.964679630538754,-0.7780913132685728
871,0.16998889830063035,-0.5927669361245016,0.6166594409460469,-1.291519150325989
872,0.3032232536228321,-0.18776251153103019,0.3566498314510419,-0.5544335599263086
873,0.04415332678354389,-0.06697396512722165,0.08021862795458867,-0.9879382250005377
874,-0.16908383278382644,0.26264167341494904,0.31236195530677824,2.142787541786037
875,0.42769696080642916,0.3731673867347922,0.5676077772595529,0.7174146891176071
876,0.19509854953969352,0.10867645795831216,0.2233249125083385,0.508227285999904
877,-0.8546676887705189,0.47981149671478285,0.9801407708120404,2.6300382546521828
878,1.380591853826445,-0.5029271030448861,1.46934323349892,-0.3493426160996651
879,-0.3086622207424625,0.34301005107338156,0.46144150404036316,2.303536002087877
880,0.5391195049689941,0.3117515205431225,0.6227670922575808,0.524281188032324
881,0.06855476304144759,-0.3735074179424611,0.3797466876665462,-1.3892734754690155
882,0.13470608873251422,-0.24463893775786083,0.27927395189832244,-1.0674678328050866
883,0.04250918482364341,0.7255733006916998,0.7268174774116392,1.5122761911168772
884,0.10645244977536095,-0.24336442450306883,0.2656282499601381,-1.158453092624466
885,0.20882145897849114,0.6895853845312345,0.7205098224791916,1.2767527775141163
886,0.6414005917231407,0.27255819380804347,0.696909382972204,0.4018217094805676
887,0.7751826870789955,-0.20253082791287902,0.8012034289754932,-0.2555558822578711
888,0.15491345140048907,-0.04355672667806765,0.16092037118935432,-0.2740915882249785
889,0.7991620491977756,-0.48811038266490847,0.9364356499745571,-0.5483066353508296
890,-0.8590611393111658,0.5221302683111251,1.0052890420974685,2.595463618555409
891,0.29745769345322515,0.4340237293869933,0.5261726684896383,0.9699711294064673
892,-0.18511755663689655,-0.10278620486175605,0.21173925872425614,-2.6347289849747346
893,0.01428229399095926,0.3500567347643866,0.3503479719872063,1.5300190025985105
894,-0.3601629989614139,-0.7375387588171272,0.8207806080667281,-2.0250651889489415
895,-0.3024830597107666,-0.6142137594107648,0.6846565150946072,-2.028403395190478
896,-0.32487385980005,0.023228411578468666,0.32570321442356276,3.070214335701891
897,-0.7209972717093933,-0.7027905441012354,1.0068523301311365,-2.368981321987015
898,0.491040964676813,-0.4366887474306207,0.6571288238414592,-0.7268787918528156
899,-0.18201864083607688,0.007984822619919285,0.18219369638954122,3.09775260264276
900,-0.5387851352073767,0.2642845413791086,0.6001131066160753,2.6855582788822376
901,-0.2222023308398775,-0.5447263691430102,0.5883032322454139,-1.9581077337973807
902,0.14973190040996087,-0.19089119163515633,0.24260892202115822,-0.905650443676557
903,0.8710459728919204,0.4767598392814101,0.9929859169408537,0.5008000481492112
904,-0.07912178996502917,-0.17037572284807645,0.18785138962295367,-2.005557197679729
905,0.21511092005403043,-0.199673416379758,0.2934998826835467,-0.7481971886332152
906,0,0,0,0
