180,0.1034515390465458,0.7587664339687308,0.7657863424276534,1.435290105383424
181,-0.04320703805512949,0.3595550459557444,0.3621417943426785,1.6903909394887469
182,-0.3902849018014649,0.1946650387545219,0.4361384893442433,2.6789241154197843
183,0.8908616979178987,0.9414765904790556,1.2961530523966793,0.8130142565073867
184,-0.25720544035641524,-0.963752256510304,0.9974833584965918,-1.8315971401314897
185,0.5489253906187059,-0.3330301389365786,0.6420499652721864,-0.5453275564803998
186,-0.5629292528469705,0.9568118784316653,1.1101253597764444,2.1025970557041687
187,-0.13668338975026018,-0.06657175869185039,0.15203337820671975,-2.688357939942278
188,-0.010171157962304278,-0.03911234208163705,0.0404132126587969,-1.825211060837259
189,0.22855126024558103,-0.03694851458863013,0.23151861974828186,-0.16027732016214952
190,0.1838529155742208,0.25277863546205026,0.31256828551725724,0.9419640550474646
191,-0.5544413416376983,1.2296398427273516,1.3488585337757095,1.9943962359751632
192,-0.07577624244891012,-0.8144435943581243,0.8179611282393907,-1.6635697471076198
193,-0.14601397385376913,-0.4434028752374388,0.46682565303268936,-1.8889153624009027
194,0.04776638665327937,0.04754577916190783,0.06739605930633849,0.7830835890140585
195,0.3778398018091593,0.2856933617688924,0.4736914742635717,0.6474083208487089
196,0.12961641305912508,1.2496559798922249,1.2563600131390327,1.4674442202175788
197,-0.24832064995166547,0.033556100512441844,0.2505776467963946,3.0072741543307067
198,-0.9762929943506151,0.19232928085642698,0.9950570652444213,2.947083799163028
199,-0.5422077163883614,-1.0660197384778485,1.19598799765527,-2.0413226582271258
200,0.8750045815882004,1.1649067856166653,1.4569285627566277,0.9265679386956415
201,0.09940380226908019,0.36557993159891566,0.37885327277643815,1.3053077687846637
202,0.019163996916518045,1.3632272412162934,1.3633619365274954,1.5567394373222045
203,-1.1463719809593158,-1.551028566508137,1.9286934263518587,-2.2072876819015947
204,0.4162524299042616,0.15359685624190433,0.44368691624680395,0.35349943413413815
205,0.7861319256051047,2.028811513666483,2.1757940073548494,1.201125981350885
206,0.033878903507456926,-1.2939601936179201,1.294403632091085,-1.5446199688512043
207,0.2704247331593024,0.7187617003785363,0.767950466003716,1.2109416201516126
208,-1.1578697676773118,-1.2923836750460396,1.735199689495886,-2.3013515842184575
209,0.22085152213139736,-0.06286030697378919,0.2296231979147449,-0.2772941474216039
210,1.1291931768845416,1.349578570656604,1.759670295566225,0.8740741093439807
211,0.5637481985271506,0.3390341179101597,0.6578420512932628,0.5414430020781243
212,-0.877552777419055,0.7156529114681689,1.1323683000017106,2.457465790741511
213,-0.6729844269151499,-0.6789041353144967,0.9559387343430734,-2.351815674711684
214,0.08970774472970788,0.582887288959796,0.5897500072873176,1.4180920665575192
215,1.1676804203074198,0.32319054585565254,1.2115814842179569,0.2700202759571594
216,0.09449905553788085,-0.20817918746098485,0.2286233706108528,-1.1446779172526793
217,-0.5480111425980567,0.619740938850839,0.8272817196695132,2.294846035672272
218,-0.3711175632522554,-2.000161139769091,2.0342991006232785,-1.754253877488855
219,0.1310029049187733,0.9027521054558747,0.9122078299390836,1.426687239063881
220,0.7936562237118778,1.4553260411554447,1.6576682682315473,1.0715332710884853
221,-0.44511923792026664,0.6530584654105382,0.7903268280977725,2.1690606044532568
222,-1.0096132687864383,-1.0093647999412951,1.427633094275335,-2.356317556830729
223,0.723658513034934,1.36024635630298,1.5407633800566087,1.0818733678547523
224,0.4378368143887883,0.5690700894829206,0.718012425225512,0.915000695094047
225,-1.5981747124059211,-1.3281440237004176,2.0780108178411596,-2.448210490789297
226,1.4510954340680655,-0.20227539594674226,1.4651256924163876,-0.1385024870967889
227,-1.1795120554522782,-0.8891329827234244,1.477093818930914,-2.495654897629783
228,0.2317998228018041,0.8925724220142115,0.9221803979652048,1.3167105893119124
229,0.6123441231580955,0.0319653442472827,0.6131778766386669,0.052154262864675366
230,-1.2691892852850515,-1.0416529550044515,1.6419142244806473,-2.4543427890287486
231,0.76381367362319,1.5346133754279094,1.7141906370226139,1.1089712971755985
232,0.0013176549325635278,-0.49759598474048516,0.4975977293400508,-1.5681482912537537
233,-0.9189986212689973,-0.284087273791954,0.9619064637608288,-2.8417836531695535
234,1.3002782784074043,0.4312493121996681,1.3699268486203233,0.3202431190284134
235,-1.016731874996026,-0.483432355675518,1.1258110623665567,-2.697755413357921
236,-0.5846685305103847,-0.6612475602962036,0.8826582728139208,-2.2948076807386757
237,1.1141030917486887,0.9941002653566215,1.4931379831167957,0.7285376757903088
238,-1.8220740102522086,-0.4289524366937485,1.871885117143162,-2.9103828289905387
239,0.41709196722376873,0.9889457699451896,1.0733030536689427,1.1716781658643927
240,0.07280986241107712,-0.03554970836120219,0.08102504445470246,-0.4542067511193678
241,-1.1081472744932626,-1.5845190949607968,1.9335695343747608,-2.1810917842928164
242,0.49608189358798427,0.9755393257474907,1.094428719115918,1.1003554545853527
243,-1.085037425391988,-1.3568172943672607,1.7373138417670446,-2.2453501055626996
244,-0.5942681310006037,1.182424196040074,1.323359962710058,2.036509436502249
245,1.108462076692831,0.3771351321842076,1.170862538214364,0.3279471496236871
246,-1.0178339090520012,-1.5584037265289794,1.8613457608073485,-2.1493659114747667
247,0.04013378375191223,1.350324453023802,1.350920741210333,1.5410834883536095
248,0.12321373085046616,-0.26935482558366175,0.29619865890192004,-1.141772364611818
249,-1.1289181128631753,-0.9157373634805595,1.4536268518519047,-2.460081565541261
250,1.3903878851629088,0.8019583326561701,1.6050905390427204,0.523176585243146
251,-1.198464442691261,-0.47590543543014974,1.2894971903293295,-2.763592229573955
252,-0.08118567379335673,-1.5873078610558196,1.5893826975901313,-1.6218985691475178
253,1.2119359552743845,2.1349663177302887,2.454968418845681,1.0544954018451023
254,-1.5365793168010669,-1.3411382780591339,2.039541094878025,-2.4240056535240653
255,0.7838228024636464,0.868975754758651,1.170255120911817,0.8368731175197301
256,0.8650899035716293,0.475627066433276,0.9872191487129364,0.5026902129187564
257,-1.5630635458729785,-0.8969959452947478,1.8021568672877029,-2.6206076918435586
258,1.1621001003537685,0.42362991227975044,1.2369070077497288,0.3495673106168147
259,-0.020496211032195788,-0.1789075496714645,0.18007777762990038,-1.6848621763265905
260,-0.4377370990739564,-0.22900585216444824,0.4940217082591086,-2.659590409383323
261,1.8721868062772273,1.3063932422532503,2.2829250406010893,0.6092412062851456
262,-0.89057039456236,-1.6417251519828255,1.8677197601149882,-2.0678323248874944
263,0.4225307590588727,1.7721318191307773,1.8218077359388463,1.3367356360682738
264,-0.6398780838874245,-0.2689230914790528,0.6940919185310349,-2.743733139386964
265,-1.1080135556443338,-0.27417842760911526,1.141432367535548,-2.8990150242267445
266,0.905924553162663,0.5333800959447217,1.0512818950086467,0.5321203194822571
267,-1.27986159235968,0.39385062515771097,1.339090740216874,2.843060134052645
268,-0.1812409152771579,-0.7081967406051035,0.7310204462080347,-1.821337893858855
269,0.8133161549433225,0.764031773796944,1.1158977189971737,0.754163233181615
270,-0.1065003077764004,-1.4107793500801904,1.4147935150293671,-1.6461438208404011
271,-0.09238098945274942,0.6682227231698903,0.6745782793515166,1.7081743203563213
272,0.8987803786949371,0.2932925769347321,0.9454240872814857,0.31542790827294237
273,-0.18032577134056282,-0.9941641005208908,1.0103858879527567,-1.750229808508764
274,-0.41506879251994633,1.2521732205667035,1.3191739372911961,1.89087681315722
275,0.6025869509377344,-1.135169651783258,1.2851930484445357,-1.08278665836831
276,-0.45194592645043485,-0.021920824560822894,0.45247722924426625,-3.0931274335716763
277,-0.0014027718195848138,1.3108017535405452,1.310802504137731,1.5718664896019636
278,0.40516765364554885,-1.4611208543144016,1.51625689725491,-1.3002938208418566
279,-0.6215667390099497,2.6952168986398988,2.765960835181427,1.7974520114884303
280,0.19801629852838687,-1.6481183566672257,1.65997125639764,-1.4512225963160839
281,0.3031171895784155,-0.8368446503297378,0.890049998260445,-1.223281784214018
282,0.5588835360761095,1.1908716288165238,1.3154946002234507,1.1320037936404315
283,0.06233871698907478,-0.7631814588027055,0.7657232232968186,-1.489294573762592
284,0.32766186462231417,0.7466480912445377,0.8153806900380234,1.1572585547471879
285,0.11976174877759149,0.8370606413199653,0.8455846460983422,1.428686601092462
286,0.14389985108300607,-1.114325431611178,1.1235783616095272,-1.4423707731107043
287,-1.4244880724802442,0.8146260814698962,1.6409698111938193,2.6221116711109853
288,0.8564865367322909,0.13302087756682113,0.8667547181713643,0.15407895993103365
289,0.05543342685768948,-1.719381838392735,1.7202752021138852,-1.538567166846557
290,0.24269674350500736,1.7397603006749591,1.756606846483458,1.4321907049631375
291,-0.32339169355407194,-1.8224851459005436,1.850954968249605,-1.7464137857021074
292,0.5303305544555315,0.46425509527080067,0.7048285539576356,0.7190604830460239
293,0.5861825087184798,1.8935632282840515,1.9822188660783677,1.270586792253942
294,-0.2890388763831879,-2.1708030095656454,2.1899609992874574,-1.7031661194723176
295,-0.20485969445576302,2.034563152066198,2.0448507804135865,1.6711478724667135
296,0.07239901841603569,-0.29626269919140213,0.3049806629932145,-1.3311193170508278
297,0.039992671436493765,-1.9905689707026113,1.9909706780594938,-1.5507079539244089
298,0.07557080644744474,2.5061499153480895,2.5072890429677934,1.5406513168512017
299,-0.49073027730003105,-0.11572186422290542,0.5041901971659007,-2.910007899745788
300,0.11553416022491092,-2.3481267278132236,2.3509673056105465,-1.5216332805093367
301,0.08844808513515545,1.8265182848928134,1.8286585544633147,1.5224097060390516
302,0.1424683013937056,-1.657906010255033,1.6640160923926695,-1.4850742388369562
303,0.18656605892238076,1.567604805117071,1.5786677039098378,1.4523400575520642
304,0.49088244975200723,-0.6650143900297962,0.8265650116120533,-0.9349204322378109
305,-0.03836978624246967,-1.3650956819119529,1.365634819880832,-1.5988966914076783
306,-0.14022181348661888,1.3829606753843677,1.3900512172711705,1.6718434820494161
307,0.056178501212116316,-0.631807701078742,0.6343003981875186,-1.4821124665447165
308,-0.0719039852451715,-0.7022800762844099,0.7059514775394797,-1.6728272685689678
309,-0.06520600353144346,1.6009422536132547,1.6022696159825378,1.61150359289636
310,-0.16678528347404153,-2.3728679801635053,2.378722300326112,-1.6409693959549074
311,0.15208507172769714,1.5644846078242267,1.5718593948446353,1.473889842421304
312,0.733893364417213,-0.4390530798372083,0.8552000217786212,-0.5391331213746982
313,-0.4087331478666556,-1.0133422597567119,1.0926688984197477,-1.9541886080807316
314,-0.3238041415161206,1.1824559200782687,1.2259898551746409,1.8380840998295418
315,0.26796502286140367,-0.2810136684569784,0.38829619536735244,-0.8091626360466958
316,-0.4509789966044764,1.4478638039111615,1.5164734254362913,1.8727506522536048
317,1.1045422996285197,0.4216205898911767,1.1822764539179669,0.3646449363715902
318,0.1914946987710664,-1.8487380890217082,1.858629264123714,-1.4675831021965635
319,0.15001948281712885,1.4399707514508577,1.4477643490080374,1.4669885084762553
320,0.28052135056725547,-0.0632641257516866,0.2875666491984115,-0.22181255594705057
321,-0.6131742667835169,-1.5773538439052572,1.6923438865455787,-1.941554828097203
322,0.36503529079607233,1.006090899355513,1.0702661637614068,1.2227417993079108
323,-0.4191636425573506,-0.662952518477482,0.7843495400633461,-2.134604983376264
324,-0.16036354665743602,-0.24587130134233348,0.2935458463687133,-2.1487344964021133
325,-0.16505442147808935,1.1669390261735089,1.1785540517329887,1.7113064621648069
326,-0.04971402626040344,-1.3599239105245715,1.3608322919535174,-1.6073365317817592
327,0.16536687002894723,1.6301136517741384,1.6384800027475426,1.469697192561867
328,0.45184683660829705,-0.2002734552493166,0.49424186450605856,-0.41721230501475864
329,0.11341069249010616,-1.8654233426832434,1.8688676337821817,-1.5100748432809818
330,-0.4291740939054307,1.9166566208653535,1.9641188877424256,1.7910807554133492
331,-0.05776702079469942,-0.3410850950034501,0.3459422939234343,-1.7385668147290425
332,-0.10061473427890633,0.4299892460548449,0.44160398150019986,1.8006543492416656
333,0.6596315076467363,1.3104472035738581,1.4671010869176162,1.104461407671552
334,-0.6486595514036253,-2.366244030451867,2.4535423422627636,-1.8383539485401021
335,0.006515034913036288,2.1213145220975207,2.1213245266440848,1.567725111111841
336,0.3312457236376076,0.5586206562678626,0.649446508218606,1.0355614058454812
337,-0.6451784409952097,-0.7438067645811657,0.9846338018581887,-2.285306003017563
338,0.44057567230242967,0.8345673982703374,0.9437211798409835,1.0850715757242058
339,-0.27294135111640117,-0.5502657203320496,0.6142388331274701,-2.0312527526524375
340,-0.7992521785479312,-0.49520460331910954,0.9402295698721939,-2.58689680301004
341,-0.1835502916733276,1.3124691336171281,1.3252418406732631,1.7097462572393165
342,-0.3091956223578336,-1.5337338940764198,1.564589911358266,-1.7697266591630578
343,-0.6562505476954357,1.8672852990113142,1.979247121825451,1.9087590461976212
344,0.8078998887659736,1.0463983290763395,1.3219877810939962,0.9133151223914759
345,-0.1806807506638961,-1.9029071405465743,1.9114656991961978,-1.6654623727214475
346,0.0301003228562422,1.83774662629952,1.837993115305745,1.5544188614826926
347,0.02835276284599786,-1.5115646185131482,1.5118305047530296,-1.552041297701975
348,0.0466771985518335,-0.13459359090984435,0.1424576975057993,-1.2369741898264668
349,0.062697911943701,1.154987946408255,1.1566884561153268,1.516565081658057
350,0.3434006007141761,-0.8626591838544755,0.9284960097164267,-1.191952988673857
351,-0.0893072178885177,2.144593890575493,2.146452593154742,1.6124152311135445
352,0.08876277602018945,-0.9145716552348517,0.9188689476556637,-1.474045415262929
353,-0.6421401443669765,-1.7803185656329674,1.8925850470045114,-1.916961137940021
354,-0.6877538634012126,0.6132057704776344,0.9214264450135795,2.4134342821832093
355,0.425454817851346,-1.1504303712409296,1.226581363427011,-1.2165727097829702
356,0.1547321332757292,-0.1718499631261352,0.2312454170238019,-0.8377653312656583
357,-0.31800156089502707,2.790225306238881,2.8082881355565226,1.68427653138815
358,0.02525232566347313,-0.14547280711428812,0.1476482900717952,-1.3989210837281947
359,-0.8418063900670631,-0.02127631296235677,0.8420752222046511,-3.1163234414795657
360,0.9053023236117497,0.7238695005323734,1.159120076151656,0.6744900941570159
361,-0.6610957101017902,-2.274355101418166,2.368488688016438,-1.853675275625683
362,-0.30762561146525513,2.282685209976023,2.3033204910894733,1.704754055485734
363,-0.7749589495811051,-0.8108153261947564,1.1215983535687626,-2.333587068521182
364,-0.4166371220775318,-0.5642271984605145,0.7013835063470262,-2.206845492762402
365,0.12993202263839976,1.973469283332065,1.9777419808362464,1.505051819748513
366,0.2944759066280085,-0.7213441562487333,0.779136349645288,-1.1832134382636104
367,0.058624993912872014,-0.7678526719030287,0.7700874078050521,-1.4945948882689168
368,0.53595440721881,0.7234706375313067,0.9003648649226721,0.9332026982772326
369,-0.1494386532687031,-2.080186294670966,2.0855471540168273,-1.6425121965857066
370,-0.06896686985305678,1.6101055104105626,1.6115818886397881,1.6136039174968746
371,0.4970230741605519,0.7733315490917789,0.9192788592525643,0.9995674038191349
372,0.2212761982372058,-2.3477327730997217,2.358137470503537,-1.4768229182865515
373,0.5603528237334103,2.52669238771972,2.588082245452564,1.3525552501683835
374,-0.3151311514570807,-1.797473840251655,1.824888996352298,-1.7443514084756144
375,0.2023577291492984,1.3423747986597618,1.3575414360612708,1.4211768035968848
376,0.740525076261747,0.6361857147202841,0.9762733491121351,0.7097538999659138
377,-0.5215878767493223,-2.038910588341764,2.104568910828064,-1.8212422236722317
378,-0.056227014756359495,1.2289204838795627,1.2302060936636554,1.61651761663186
379,-0.039604066285050976,0.34177354085380784,0.34406051109370306,1.686159899161895
380,-0.0924588008513183,-1.2376329521180196,1.241081767662078,-1.6453639681066905
381,-0.11493617052303762,1.5924600172251644,1.5966024019007587,1.6428466220244506
382,-0.32557636756121155,-0.383598796996921,0.5031381601228813,-2.2745595391373907
383,0.13827406252221408,0.2435459434473728,0.28006131995701955,1.0544250345118928
384,0.4438148579411063,0.2789462285770128,0.5241971256756598,0.561126085941909
385,0.3412070511175216,-2.073637352875153,2.101521858789812,-1.4077124967791195
386,-0.12618343288602318,2.4718895617661474,2.4751081318405745,1.621799414300822
387,-0.13355804491015988,-0.8039487632671012,0.8149670946234122,-1.7354204203696948
388,-0.5177030106583516,-0.5455965406446239,0.7521249845657981,-2.32996751201249
389,0.059174724887952834,1.1883524477810852,1.1898248561081843,1.5210418219630861
390,0.7867805021603544,-0.9505952699188356,1.2339590454191596,-0.879408847221235
391,-0.147858362685497,-0.2729282740954204,0.3104060859853442,-2.0672820067452706
392,0.7624172226570636,0.6232481642998096,0.9847427561080065,0.6852990113011913
393,0.5100957770683863,-1.7347678698460527,1.808208302169087,-1.2848138936074378
394,-0.002693458952307992,1.4827101999836714,1.4827126464209937,1.57261290294685
395,-0.1568654338587976,-0.3242383296023945,0.3601905866663645,-2.0213974729204978
396,-0.01941564643379934,-1.0565191491977544,1.056697534750597,-1.589171252840118
397,0.5238128622708018,2.693017778013541,2.74348768311019,1.3786872990138865
398,-0.8087344092800777,-2.0114271592485125,2.167923098662897,-1.9530858654382734
399,-0.1902921837828444,0.0554755590059699,0.19821365456463558,2.8579260573602725
400,0.7457085933282315,-0.4386567297747206,0.8651595417841855,-0.5317286661023312
401,0.2816470751492943,-1.3116651419886125,1.341562715510594,-1.359283193522606
402,0.005933914648267091,0.6548805078239752,0.6549073910644471,1.5617355100685049
403,-0.20335445275134134,-0.10510146282854294,0.22890904513036855,-2.6645649635308555
404,0.03861665827844263,-1.5582435237458867,1.5587219526241978,-1.5460192267775783
405,0.13477524569907473,1.179318680592985,1.1869949103719126,1.4570076945655586
406,-0.01837529038368757,-0.8730909914061158,0.8732843354665186,-1.5918394691555704
407,-0.08631732856531471,0.10183643547287602,0.13349659471489803,2.2738997925389146
408,-0.06674356568544226,0.269120135523508,0.2772730619887158,1.8138979561477324
409,-0.22075458679648818,-2.2397956684359883,2.250648178622395,-1.6690391783979859
410,0.07068182004161372,1.826051081893354,1.827418527149236,1.5321081694204932
411,0.5195059957499097,0.14908215616816278,0.5404738373944235,0.2794593642801536
412,0.4499935729320441,-1.4696496550031384,1.5369984788967719,-1.2736693912826655
413,-0.4410011507853824,1.5249542948348562,1.5874405867084618,1.852306192433095
414,-0.07198585193998497,0.01935946103264996,0.07454362220203771,2.8788744220037485
415,0.17867522272899805,0.27132803738925304,0.32487495916238446,0.9884542202699277
416,0.14604410571814697,1.130876546688171,1.1402677951535667,1.4423647673381954
417,0.3485602394346188,-1.6969142250727032,1.732342959049625,-1.36820594333909
418,-0.363510519137094,2.1484965280639017,2.179031259212671,1.7384020223212915
419,-0.025871090349824044,-0.010672170126952096,0.027985863058111456,-2.750345666490605
420,-0.6319003117359898,-2.2813645885420897,2.367260524282416,-1.841005630139991
421,-0.08004236645695073,1.8773751346304266,1.8790806732433394,1.6134057757042872
422,-0.11347934762557088,0.5498847096268946,0.5614719549710203,1.7743086886224528
423,-0.15122754714161601,-0.5654430575468155,0.5853166855150816,-1.8321295758347818
424,0.46825092005349234,0.26540359236804534,0.538235999328181,0.5156482634290173
425,-0.04215579966921723,-0.14704464918497706,0.1529681022294653,-1.8499951213391028
426,-0.2694111896466893,1.3010477172942956,1.3286487691574256,1.7749830161003384
427,0.6080695189191374,0.06961905019403503,0.6120419528010076,0.11399555519356946
428,-0.6913242814215437,-1.9602014360037288,2.0785376907321393,-1.9098568752295595
429,0.7825541754808683,0.37327926500603326,0.8670227489783564,0.4450798527693881
430,0.09719204173029539,-0.32098483904519526,0.33537674318976474,-1.2767788943449034
431,-0.9711458045176187,-0.8004343250909756,1.2584988209831658,-2.4522590272797014
432,0.6737634126980083,0.6444799894701987,0.9323688074565634,0.7631878433102675
433,-0.3991724515357191,-2.125530647239543,2.162687952160364,-1.7564330707559237
434,-0.4832787778150305,1.2641371123212934,1.3533665489564932,1.9359510071802462
435,0.21745056255224426,-0.1763296853432621,0.2799587560472816,-0.6813493278334132
436,-0.03669107712323694,-0.2300921803429219,0.23299924161984523,-1.7289274735482456
437,0.11669538620310504,-0.19754448802143543,0.22943765582123368,-1.0372211464656884
438,0.16578802292031014,0.5444676752884448,0.5691491175235437,1.275220229602036
439,-0.45113588255992454,-0.11303320773851055,0.46508073555542945,-2.8960940903804193
440,-0.20078935910237306,-0.9002496166293099,0.9223696325063836,-1.7902419816352704
441,-0.056513372779363635,-1.0398356034642688,1.0413701760348237,-1.625091283567962
442,-0.4921195664217066,1.0884151907652608,1.1944996003112214,1.995431139504241
443,0.5261653628630256,0.053330606815677584,0.528861175262571,0.10101215619335523
444,-0.0026743663171373555,-1.2905868616824137,1.290589632603044,-1.5728685332992343
445,0.538390573258539,1.7218627927266539,1.804072029146866,1.267748266566694
446,-0.3885325038360179,0.44813420081129607,0.5931119358720277,2.285077542628054
447,-0.2607959445482493,0.17123081251975236,0.3119848006698212,2.560612609033117
448,0.4454450385119344,-0.6203057521199753,0.7636756565768134,-0.9480220195266085
449,-0.37483505964416963,-0.5996847878544713,0.707193867848492,-2.129434094057011
450,-0.15145287781683692,1.1348909974861385,1.1449522044059675,1.7034639355574175
451,0.795805935771341,0.8676027191800131,1.1773026653063572,0.8285338337846554
452,-0.2214801380755489,-1.4520638020471779,1.468857629853101,-1.7221575565238931
453,-0.054577540964828586,0.4815226788595055,0.48460581737511366,1.6836583230759832
454,0.21466098742212125,-0.04576546246403268,0.21948534592447597,-0.21005389506778788
455,-0.308445559162692,-0.9214257932255805,0.9716810975770682,-1.8938196552842643
456,-0.08682814933467853,1.4784264789009853,1.4809739974194183,1.629459051456854
457,-0.16579495498979213,-1.4177802968802098,1.4274413954071121,-1.6872074181998513
458,-0.14038898100864117,1.6266300800617728,1.6326770909614716,1.6568896274129075
459,0.009814941241415909,0.7486366695446236,0.7487010057816393,1.5576866577688249
460,-0.020086618778350385,-1.8476555876895873,1.8477647693834032,-1.581667307100447
461,-0.19352240833188716,0.5600523115840588,0.5925449470185543,1.9034954427831314
462,0.1386679552433634,-1.1748939646531085,1.1830488704993023,-1.4533138977742435
463,0.005901118459519239,-0.028066986388353143,0.02868063674323287,-1.3635635243518154
464,0.30971305067407684,0.1160161288674999,0.33072936959883625,0.35841320055769893
465,0.15858601977447506,-0.19377667007535138,0.25039753100500367,-0.8849386309416977
466,-0.18721845529137227,1.5027700942329716,1.5143872378366974,1.6947399612280387
467,0.3855224056243287,-0.1843281661410856,0.4273223584968438,-0.44599552766221706
468,-0.4002860938943513,-2.5489518030297518,2.5801907392930894,-1.726563651512508
469,0.6289653758100258,1.9395938442807505,2.0390246993942047,1.2572186340607274
470,0.5843043490366426,-0.4215689679427328,0.7205081311376267,-0.6250027815658916
471,-0.21465421223160774,-1.2655728400588373,1.2836475545582453,-1.7388077233488242
472,-0.010196156092433739,1.5365079471636136,1.5365417772699848,1.5774321573812569
473,0.7790915700587675,-1.5300305800252545,1.7169674575684455,-1.0998158353924505
474,-0.17153529192569295,2.2083837220871487,2.2150356702219316,1.6483152636921397
475,0.08821655643930626,0.3127606444592743,0.32496366189558784,1.295880515402406
476,-0.34511336776438384,-1.8664959604149658,1.8981334007005568,-1.7536305015572131
477,-0.21468567709587205,1.48434472760772,1.4997897220367091,1.7144335814513125
478,-0.027073338450577467,0.09022594184324362,0.09420024541560333,1.8623096135328723
479,-0.0964255012410149,-0.1429443083983415,0.17242665859159115,-2.16424840915152
480,0.2119110740892438,-0.5477652339284873,0.5873270424749634,-1.2016644505138125
481,-0.8595874376143229,-1.8230359900516078,2.0155274207829086,-2.011396759974885
482,-0.47351414626018595,1.5784873373957566,1.6479799516460318,1.8622344905352761
483,0.1533957480880872,0.1947549979047949,0.24791079996724744,0.9036409578071487
484,0.3844533127825116,-1.664115101524203,1.7079471364273417,-1.3437540155169672
485,0.6242812231892003,1.1109034753783362,1.2742972876194432,1.058818601291354
486,0.11508292189239455,0.5379839531637458,0.5501552624241474,1.360057309217495
487,0.1644452090466757,0.043614193544954105,0.17013061058193374,0.2592514835341303
488,0.5066323131502486,0.11522607997636669,0.519570351573963,0.22363119825129654
489,0.8491060191526003,-0.4672680878004485,0.9691854815451291,-0.503078068940143
490,0.4293844214288356,1.8818352974572576,1.9302007844060733,1.3464636272005124
491,-0.3277520190403038,0.1653687051255588,0.3671078787221812,2.6743082104105405
492,-0.7198753659040449,-1.4701104236216338,1.6369010966079969,-2.0261493463119087
493,-0.09393108244046289,0.88232882931311,0.8873146067125686,1.6768550003362928
494,-0.6072057822005945,-1.541770384495635,1.6570319189580067,-1.945978260773302
495,-1.027881031838433,-0.25362292368009776,1.0587086487930863,-2.8996813086931166
496,0.2136242535036672,2.2279896115782094,2.2382075486838615,1.4752064741646727
497,-0.11828321007033082,-1.9832824020562612,1.9868064838052535,-1.6303658899690783
498,-0.2163407220616591,1.4100138128552544,1.426514023928532,1.7230406935753508
499,-0.2791701570532723,-0.3465003391233381,0.4449701805758865,-2.248994186975618
500,0.0058933759748924786,-2.198300748904728,2.1983086486013446,-1.568115455281244
501,-0.2534436665046087,1.7666237525797897,1.784710950061773,1.7132862518237855
502,-0.19987152250428153,-0.4110083854752702,0.4570301067097963,-2.0234203393664463
503,0.14171919703494495,-1.545780201850107,1.5522631101846063,-1.4793705759533022
504,0.3598055325809355,1.3179433679633235,1.366175223913228,1.304285511013166
505,-0.167210080843347,-1.0943551043303614,1.1070556921445076,-1.7224169404832934
506,-0.07949590737075596,1.133501415268256,1.1362856408948585,1.6408147248701723
507,0.5065770090892556,0.12824890761947927,0.522559133920177,0.24795774540098103
508,-0.04637465579196487,-2.0591876371854596,2.0597097693212167,-1.5933133704611262
509,0.4369780162396637,1.9345776233857919,1.983315498749952,1.3486465986370384
510,-0.37953326907063456,-0.8866225805021486,0.9644403053521413,-1.9752613090224445
511,-0.25454746738239464,-0.7321501285349541,0.7751375515768418,-1.9053949302912465
512,0.6564262026628285,0.7719685998774253,1.0133266397065919,0.8661121077339087
513,-0.20924411395276366,-1.3243998708515505,1.3408274002031286,-1.7274927530906223
514,-0.5650409241665102,1.191624927461305,1.3188029472707834,2.0135728116950133
515,0.9239766400241933,1.0828565297326236,1.4234855444629488,0.8644028321787118
516,-1.0548462505620364,-2.0776441947409694,2.3300871254666933,-2.040595005663678
517,0.1987070230009067,1.3972422215919096,1.4113009270842904,1.4295298770495541
518,0.39505425063077837,-0.22346251745779,0.45387592759477663,-0.5147792721748236
519,-0.6917710482495067,-0.26183278871559423,0.7396645134402532,-2.7797602547069062
520,0.2732947634044649,0.4471378192269526,0.524044136583301,1.0221754861208787
521,0.003653442775885196,-1.6208886084043002,1.6208927257838335,-1.5685423553807154
522,-0.16928251506419656,1.521641952415962,1.5310293273672848,1.6815906422354068
523,-0.007074229385466424,0.8496654985524401,0.8496949477028594,1.5791220337243217
524,0.18721333060761935,-2.2251417136603777,2.233003465520965,-1.4868585491930357
525,-0.22651318946475385,2.078664157564617,2.0909693696812766,1.6793386036851459
526,-0.37724759873276525,-1.0337963378291875,1.1004774504089927,-1.9206960091005263
527,0.12073299396968196,-1.323183857713616,1.32868053991423,-1.479803981357382
528,0.00636389872147447,1.110245701394149,1.1102639400931307,1.5650644162651275
529,-0.469925135789822,-0.4188846670749058,0.6295188619553328,-2.413557127117761
530,0.307341978779732,0.7451679221318841,0.8060609927881333,1.179606380169456
531,0.5781051467620273,0.2529339064942633,0.6310159441465752,0.4124291777550808
532,-0.6648631069759858,-1.4537822026167646,1.5986011521524102,-1.999731920443403
533,0.28944489841876475,2.3414688466531857,2.3592911454646814,1.4478034781261186
534,-0.49905894949677077,-1.2094528237823283,1.308371494655806,-1.9621447145381339
535,-0.034666475993617496,-1.205778345590602,1.2062765782576668,-1.5995386983312474
536,-0.0017413369838550352,1.2995970887818658,1.29959825539464,1.5721362312597393
537,-0.2533489219387093,-0.7462778742400928,0.7881093463649687,-1.8980716576631715
538,-0.11388131763874298,0.5806758245292372,0.591737583477546,1.7644569807066428
539,-0.5510469487672935,0.2223516640438561,0.5942162924801171,2.758066095123043
540,0.03542462361940579,-0.5616356913328673,0.5627517691998172,-1.5078057458843865
541,0.3480647829815098,0.9808104670526632,1.0407392879256692,1.2297854418838998
542,0.11141373048110381,0.09667703040321385,0.14751090653677096,0.7146975821892126
543,0.03788727142853077,-0.909174541988989,0.9099636218757248,-1.5291482590021424
544,-0.25468371595491135,0.19762141790459964,0.32236318025982186,2.48169034853457
545,0.3786959469849762,-0.1841093931847695,0.42107824560491364,-0.45251992568392946
546,0.6973357392276966,0.5677237050259691,0.8992148455472985,0.6832991247725784
547,0.580427463386286,0.8022240960124805,0.9901815694487955,0.9444570412258906
548,0.032515198098508336,-1.2470242697158938,1.2474481020739274,-1.5447280029950907
549,-0.01691981202623083,0.8786600283089001,0.8788229203808923,1.5900503279003686
550,0.12093979121743814,0.08823772816447217,0.14970748067930612,0.6303170690339399
551,0.05865378362807405,-0.8840863028530066,0.8860298286323023,-1.5045494516742361
552,-0.2026395913306942,1.5782166562754014,1.5911727178781627,1.6984954644359225
553,-0.1388000381693928,-0.6077037886887524,0.6233533070277952,-1.795345342921196
554,-0.14532568607478424,0.9947250910147432,1.0052848162224455,1.71586633615954
555,0.4870656293956017,-0.14781782984994152,0.5090020021179483,-0.2946523160615932
556,0.1529917055365786,-0.978694929553285,0.9905807524358126,-1.4157291452121046
557,0.4421884460148249,2.079794401948959,2.12628205470658,1.3613041439203093
558,-0.13224418228207924,-0.5508740257822637,0.5665251239168604,-1.8064003795175525
559,-0.27323439695021534,-0.6046042924019162,0.6634782483756114,-1.9952480108392123
560,0.25371614297250744,1.8216052224627788,1.8391893506946249,1.4324050161889046
561,-0.8182116911295907,-0.8465486380076754,1.1773338388128471,-2.3391744963157937
562,0.12734653069708202,0.2514873788967975,0.2818918952807339,1.1020629703860438
563,0.06241370023406034,0.016431518894705732,0.06454041206944852,0.2574265193784704
564,-0.1667638352432732,-0.316258533738619,0.3575327074654105,-2.056046416591233
565,0.008723495384515445,1.358774898089564,1.3588029007365374,1.5643762968510297
566,0.2085943445514431,-0.24467268714931834,0.32152188792633446,-0.8648269245022512
567,-0.13577387643863403,-1.0020908655215521,1.01124707578559,-1.7054668263628734
568,0.8455683438863844,0.7036613593322159,1.1000568770750105,0.6940546453672259
569,0.31401608410499193,0.08200857140576545,0.32454815799916026,0.2554546907133245
570,-0.2185076160552626,-1.6312766985752205,1.645846057682378,-1.7039525624416434
571,0.5100741828348418,1.601499336595566,1.6807664314563966,1.2624565442236517
572,-0.8744070010893665,-0.9549520377258318,1.2948053899759677,-2.3121938056881
573,0.5167596676578796,1.55069664893432,1.634533771793661,1.2491265729614212
574,-0.22139189686231475,-0.4761114747419697,0.5250680987998291,-2.0060541051817116
575,-0.5737391229677087,-0.8801921472733625,1.0506734970224805,-2.1484597105526584
576,1.521152971497827,1.2797891579311909,1.9879050911587544,0.6994381469810921
577,-1.2283067914160029,-2.0647080333940835,2.4024480924675022,-2.107461674645611
578,0.18951151222586304,0.943534809528785,0.9623785897756942,1.3725809995548632
579,1.0752424008021535,1.069402931767172,1.5164988793121483,0.7826753567330315
580,-1.1273163732644207,-1.2409738029058985,1.6765614169867964,-2.3082399389557304
581,0.3122133592346472,1.223994147677729,1.2631859939193093,1.3210445849754882
582,-0.096109686512591,-0.22446665366783236,0.24417688352991795,-1.9753481706865699
583,-1.1946788507035535,-0.8318720439035019,1.4557708108581355,-2.533344555906623
584,1.6406934967490088,1.3684964213352373,2.1365059338747088,0.6951883993113327
585,-0.6423916869757704,-0.6301776916991457,0.8998838828486928,-2.3657920967764143
586,0.34826092495859484,0.2449631863145214,0.4257847278876721,0.6129973843634328
587,0.9082453562127739,1.4088982392302682,1.6762767896705542,0.9981917374144619
588,-1.180926378287495,-1.6824245156931852,2.0555143789184904,-2.1828093065656433
589,0.5478482141708128,0.2748743983599411,0.6129384966241623,0.4650343168555151
590,0.9465313899117973,0.3142450483396715,0.9973322528096448,0.3205468649258517
591,-1.0758212327286856,-1.643919454548893,1.9646532767473752,-2.1502756587738774
592,0.4568897078685268,2.7845421518014177,2.821776603545195,1.4081647464649654
593,-0.745715638048182,-1.7806643278059369,1.9305069958822154,-1.9673911194392653
594,-0.9033595304968003,0.15186956785271377,0.9160364659658312,2.9750337404096707
595,1.0824660255528897,0.7346097026281768,1.3081988043381356,0.5962492284156695
596,-1.1865514800645087,-1.4065999301161582,1.8402249259930312,-2.2715397552729875
597,1.0429558198384257,1.2030308969038401,1.5921809510982414,0.8565494563341117
598,0.023402798334586805,-0.8089716422837228,0.8093100821002497,-1.54187532158754
599,-0.929603636290949,-0.7526440999342867,1.1960919955301295,-2.461001363388327
600,1.6711859495915178,0.6904204824470526,1.8081877448690233,0.3917756029323884
601,-0.6742684238198535,-1.4143942986292473,1.5668915531572152,-2.0156461562113566
602,-0.5920081031239306,-0.06349685003800687,0.5954035976790395,-3.034744407224815
603,1.2924611346921893,1.4983777276075898,1.978785384846044,0.8590477552021736
604,-0.9989183875235312,-0.9092745663394339,1.350784284008508,-2.4031383598673774
605,1.3582754758252804,0.6234628410489336,1.494529418377972,0.4303218278500665
606,0.4583308833433648,-0.19481681697936892,0.49801685795189904,-0.40191904921774263
607,-0.5668933658312199,-0.43851120038738145,0.7167008867642285,-2.48319922984641
608,1.524220636111977,0.7896188806504938,1.716609019034136,0.47798124503900674
609,-1.9311228559598703,-0.6587225698545467,2.040380089308456,-2.81286077781557
610,0.07859011578682384,0.07208128999121755,0.10664013628172264,0.7422261925672722
611,0.8715498798562749,0.6143090451705575,1.0662902025508108,0.6139713731924232
612,-0.91728006358926,-0.5870133277589389,1.0890304688230446,-2.5723149721978777
613,0.8091112635156605,1.2271440844438075,1.4698787843673842,0.9878797424395906
614,0.7294445870298887,0.23269736642203043,0.7656614590580837,0.3088012226269574
615,-0.9627856805333295,-1.5112100629804672,1.791846009313706,-2.138046545159662
616,0.8955061317474247,0.25930171705243765,0.9322921282857527,0.2818504376863686
617,-0.30511795784263995,-0.15344102888269617,0.3415276233961807,-2.675635040604339
618,-0.6005837596746915,-0.1910927456381728,0.6302517670110279,-2.833543028038921
619,-0.3797218140290397,0.5125921121724559,0.6379179645619993,2.208375297676071
620,0.13345863798531354,-1.5773257762791673,1.5829617217632184,-1.4863866724806765
621,-0.5514182031212158,0.9320842474639903,1.0829787990094468,2.1050142063202877
622,0.35733263822305616,0.4389771227496908,0.566027851467617,0.8875696981454686
623,-0.3418135432223153,-1.2890811400994266,1.3336291403873235,-1.829992123847494
624,-0.26804972442198505,1.4500382083713816,1.474605527081595,1.7535898292687808
625,-0.04513945659050478,-0.1925097571362926,0.19773107275782534,-1.8011143055671173
626,-0.3161005450214134,0.13092203735720886,0.34214051854259675,2.748923532891631
627,0.9122771018172671,1.200778337440454,1.5080179462348493,0.9210918840094998
628,-0.006705243790179338,-1.1427842992946466,1.1428039705079092,-1.5766637217604298
629,0.03285859141453784,-0.37321374307470023,0.3746574235879704,-1.4829804727511253
630,0.18665437154834308,1.1966285578894826,1.2110985756637525,1.4160596944781807
631,-0.2616002378910025,-1.0247293253307816,1.0575939081979944,-1.8207449155342965
632,0.5468512452565619,0.07191557021218387,0.5515597281143684,0.13075811682138003
633,0.3613175283858254,-0.02193024626001261,0.3619824471156945,-0.06062085070870273
634,-0.6069249964721166,0.5745685737088024,0.8357553453232868,2.383573680539005
635,0.2569191318484627,-0.28891213627349543,0.3866234121155657,-0.8439445384943797
636,1.1046465082351915,-0.4582815942056868,1.1959372591168431,-0.39325685989421627
637,-0.8478141708119438,0.09972066541092772,0.853658643334408,3.024509711264631
638,0.7413304634688984,-0.4385798241864336,0.8613495911941995,-0.5342288497639783
639,0.47892875879904295,-0.38943032885612183,0.6172752522479571,-0.6826946472338786
640,0.12818913632838758,0.5513674049107635,0.566072848554537,1.3423613579490654
641,-0.05355043311112695,-0.8111903716560391,0.8129560061613741,-1.636715312082628
642,-0.895143281116134,0.4737784176522837,1.01279192471132,2.65479898018624
643,0.1756850912590835,0.6718603500106042,0.6944505606643889,1.3150326641829888
644,0.18258876286654413,-0.4794542543053808,0.5130448696719069,-1.2069275261324934
645,-0.5082228238320567,0.6485445121307407,0.8239541388200743,2.2354792660214753
646,0.15364012879240363,-0.6364003762179209,0.6546836854738765,-1.3339085971379214
647,0.35873253861257126,-0.8403877736008667,0.9137508655411722,-1.167346654379464
648,-0.6126352162264084,0.7274126599894544,0.9510263330075103,2.2707512778848518
649,0.5840712069284564,-0.36232583199017654,0.6873275662231491,-0.5552451157307581
650,-0.34149565917846303,-0.10221515814492932,0.35646489840140766,-2.850763383424841
651,-0.33497447956131055,0.4701028886967151,0.577238796269245,2.1898993063086807
652,0.40834184272068796,-0.4312748073083412,0.5939200450695143,-0.8127049875516271
653,-0.2142158217902761,1.086274880689075,1.1071953462336026,1.7655002752392739
654,0.2761541205265985,-0.09563433374302122,0.29224480162064587,-0.33338180037831866
655,0.33650676042202576,-0.49542092939225313,0.5988979020581142,-0.9741436229637329
656,-0.538904528384478,0.6403463268077871,0.8369357854516211,2.270383497667521
657,0.470916988822637,-1.2221800771376934,1.3097659910511028,-1.203018397575681
658,-0.024376639159299884,-0.482852015841047,0.48346694792763795,-1.6212382020531015
659,-0.7333868668611103,-0.05400565199408902,0.7353726313452674,-3.0680866327373284
660,0.637307216254726,0.3942598761720433,0.7494006524213486,0.5540083734826181
661,-0.6348606191788804,0.5296595828414183,0.8267933716956957,2.446288458310054
662,0.5021363304866782,-0.7226856528487247,0.8800087767903305,-0.9635554464441787
663,1.579276037619934,0.11554199298961976,1.5834970019373362,0.07303124996122197
664,0.29051582810302534,3.710787648446285,3.7221424500198665,1.4926661612513084
665,0,0,0,0
