180,-0.4771317930976693,-0.8467922701242969,0.9719629091312371,-2.083913151124971
181,0,0,0,0
183,-0.3796684534935366,-0.0017004679227170527,0.3796722615221317,-3.1371138602193533
184,0,0,0,0
186,-0.46615948867156476,0.9171008264635816,1.028775288767532,2.0410593878654995
187,-0.18745912965539446,-1.00616820056581,1.023481984756448,-1.754994379432316
188,0.8588686093107754,-0.855890355554493,1.21251952099363,-0.783661329928383
189,-0.1340471758134072,0.829415364461795,0.8401776551116096,1.7310273027303258
190,-0.24844405485600873,-1.7366953739426094,1.7543760344541177,-1.7128878956589786
191,0.5613794141355584,1.964159740127002,2.0428094212018295,1.292406805649957
192,-0.717558671951906,0.7753399678589403,1.0564291331901472,2.3175097007462724
193,0,0,0,0
195,0.35422326432899354,-1.9660995026281398,1.9977540827705764,-1.3925431046511154
196,-0.38432027223348086,0.065267566786531,0.38982294304446874,2.973371633587333
197,0.4475549000345609,-0.9485117479432574,1.04879927752231,-1.1299215609579847
198,0.002027319138619532,0.9894444903226827,0.9894465672550504,1.5687473828456038
199,-0.6512522232161473,0.8036290045648684,1.0343834082301862,2.2518400887277696
200,-0.029865329813105745,-0.8208155507049355,0.8213586952141507,-1.6071652296881036
201,0.6803133617934236,0.857434528259148,1.0945411095457571,0.9000749963914335
202,-0.45450102711083673,-0.004626473656685448,0.45452457348673847,-3.131413768181191
203,0.21070542336349263,-0.7856984214946579,0.8134609916732245,-1.3087853800160176
204,0,0,0,0
206,-0.11060986614666035,0.9376794868998104,0.9441807891721129,1.688214984831657
207,0.5026684334867468,-0.8722135197644434,1.006693586988563,-1.0479754710038542
208,-0.7305942617821302,2.65135652655232,2.7501744319661903,1.839678343313985
209,0.11603570329339163,-0.9814878937108915,0.9883232112724228,-1.4531182756496168
210,0.5363628125838886,0.16404355597842368,0.5608880057381739,0.29680995599027155
211,-0.31139156388530864,-1.0068859467885432,1.053937387086728,-1.8707285621489547
212,-0.1695662154876345,0.8539404780020163,0.8706130262091827,1.766815669693349
213,-0.27315603640204245,1.950253264776336,1.9692897239851812,1.709952906763132
214,0,0,0,0
216,-0.2018500356293771,1.9026464303797752,1.9133235157496187,1.676490079664707
217,0.9619672837636699,-2.5822013037009697,2.7555661174914023,-1.2141861481809806
218,-0.5491507143934768,-0.2851847455601728,0.6187865918223232,-2.6626090668270317
219,-0.2586179431560822,1.8979916767520422,1.91553012128296,1.7062210520961325
220,0.6870367317569617,-0.8999199227125132,1.1321993367239636,-0.9187476510622237
221,-0.49405439307145116,0.9318407865914651,1.0547118065465089,2.0583046740239603
222,-0.25678116531992146,-0.0016061519464756202,0.2567861884664594,-3.1353377906272932
223,0.8331542904506932,0.01462021472991637,0.8332825585449073,0.01754622702073622
224,-0.5773710352649459,-0.8953251179588619,1.0653470698373209,-2.1435589135234787
225,-0.2962176517193029,-0.01444571664023897,0.2965696813892956,-3.0928640209123746
226,0.7994303120018458,-0.038600302690554145,0.8003616726925215,-0.04824729083584373
227,-0.23489487323274716,-1.7692506839231328,1.784775499617109,-1.70278958151704
228,-0.5348943631253178,1.7984299237438108,1.8762894686909077,1.859887196758192
229,0.33612845745733466,1.9706948495868915,1.9991549539995512,1.4018586241159512
230,-0.10305425717547223,-1.0781765667576906,1.083090434371659,-1.666088821365563
231,0,0,0,0
233,0.012441310852068455,-0.03293590963062343,0.035207390685968044,-1.2096229650327885
234,0.1348088485514154,-2.549840209605634,2.5534013629215173,-1.5179759763411829
235,-0.014126371315001052,0.8050395882669932,0.805163519444106,1.5883419505071985
236,0.15097232427035578,0.003934274087214362,0.15102357831870752,0.026053674928520617
237,-0.5958211585325444,1.736194639713517,1.8355856503919976,1.9013793975258302
238,0.2697805744242032,-0.9235486059984623,0.962145303983944,-1.2865909057221494
239,0.106900914271705,1.1094317185916793,1.11457011609383,1.474736424712614
240,-0.41413902545980363,-0.18190162625626272,0.45232657897084594,-2.727732400995921
241,-0.04000538739956028,-0.9621966481593631,0.9630279439092628,-1.6123495368040464
242,0.6894901144193,0.22746729107649344,0.7260426890972855,0.3186632672841111
243,-0.27053385759211324,-1.8371962391011607,1.857007966884127,-1.7169992844351916
244,-0.5859433094550468,2.55896811344104,2.6251947294444897,1.795892326733434
245,0.5374511624823981,0.9847183457590063,1.121839548477426,1.0711897477958534
246,0.06287573070937924,-3.648915821696505,3.6494574982234442,-1.5535666860236959
247,-0.9179855339739333,2.7065061147041547,2.85794905299524,1.897797230386138
248,0.8179882964510625,-0.025894662849111683,0.8183980612727407,-0.031645951627795585
249,0.343822651767141,-1.8032612403291637,1.8357464739831757,-1.3823905699647123
250,-0.6418640338005162,0.9464753527873313,1.143593035708321,2.1667153731790325
251,0.041318053623058404,0.8595185467029296,0.8605110770242961,1.522762143687432
252,0.12669010569561578,-0.0033608662293431735,0.1267346767975436,-0.02652202508536704
253,0.08412830365500668,-2.67629683807678,2.6776187811142274,-1.5393720808472173
254,-0.27653567696370374,1.8336096831578175,1.8543452889912078,1.720483155698673
255,0.300292790362505,0.8832168052510383,0.9328706689683999,1.2430587571984693
256,-0.17088242337558768,-0.042605345681579365,0.17611365108747382,-2.8972489144955658
257,0.022120706499435983,0.1500958242323236,0.15171711211334984,1.424472419119574
258,0.3531619658554064,-0.1572294159042258,0.3865804746135521,-0.41885911842077705
259,-0.17126383358663588,-0.938700655816092,0.9541961129266625,-1.751259192343621
260,-0.2841086203504801,0.034522219720884095,0.28619834348212125,3.0206748011331355
261,0.7195994402478618,-0.8098610013881853,1.0833735256016321,-0.844345089584382
262,-0.7786307472772478,0.8985233655456,1.1889533544411728,2.2848301381156557
263,-0.24117430456510647,0.8521847494840813,0.8856544994724009,1.8465912974808578
264,0.4611792327244757,-0.01366306511096127,0.4613815818219909,-0.02961770346488959
265,0.1415650915267861,-1.878769701217891,1.8840956093981405,-1.4955885546620749
266,-0.4523004804190123,0.8528200048993995,0.9653381196989379,2.058434875932
267,0.3475024636801436,1.1002637192257794,1.1538363029946295,1.264875502649727
268,0.19556106944946805,-1.0368889383366309,1.0551695609375231,-1.3843823938445428
269,-0.33804152828327005,0.010233494527312814,0.3381963915453999,3.1113290047947886
270,0.007430642881558924,0.9702217582309913,0.9702502123671344,1.563137770861402
271,0.4781299496031579,-1.7810589907450662,1.8441202176705704,-1.308527295307867
272,-0.8351150164220371,1.7831752952496345,1.9690432255900836,2.008788735547658
273,0.19353186518333132,-0.9121151230177134,0.9324208172702696,-1.3617178851348355
274,0.5955162083126879,-0.024934328302094855,0.5960379812486762,-0.041845666703096605
275,-0.5004564650628254,0.009202641263982514,0.5005410692734539,3.123206230661267
276,0.018472930239681773,0.015164954515682894,0.023900313744862855,0.6873725743838134
277,0.6344858265969151,-0.060637395190838106,0.637376778560296,-0.09527996882138415
278,-0.5107282257035877,0.010448803419137676,0.5108350986602492,3.121136870148013
279,-0.2507859107886361,-0.026897372899611582,0.25222418940099006,-3.0347487532134956
280,0.8062304642072604,0.20516997658165792,0.8319268481701817,0.24919119076481322
281,-0.5278055123660579,-0.24387460039440612,0.5814236661863087,-2.7087600311738114
282,-0.1062193158328455,0.08082390179401955,0.13347301658839925,2.491142279509049
283,0.3742045387014059,1.0110665333623388,1.0780930255177748,1.2163207841543202
284,-0.2679195954891611,-1.0071808544301462,1.0422064014281023,-1.8307850066902414
285,-0.2760593918039831,-0.036015680396189964,0.27839884525188957,-3.011861858414937
286,0.47924418866580254,1.0915058714466,1.192082237000596,1.157071405089388
287,-0.29949186296892094,-0.09623058941565432,0.3145722529465674,-2.8306992453442623
288,-0.17938517083894112,-0.9109746632325368,0.9284685652021559,-1.7652244171162281
289,-0.0001689024153392893,-0.088331866523788,0.0883320280057138,-1.5727084590313862
290,0.49217719344835587,0.0749472130218578,0.49785085566908893,0.15111598901941084
291,-0.22262181506243905,-1.8719885928322242,1.8851795045129431,-1.6891630460883436
292,-0.4265911059467271,1.768908982816356,1.8196205541709092,1.807438384033342
293,0.7279229361531634,0.09371004907148972,0.733930088138389,0.12803202926321575
294,-0.4322270338425369,-0.9475241354538753,1.041451965311858,-1.9987649529565308
295,-0.18379937647659972,0.9263147102608968,0.9443734183250374,1.7666722074103085
296,0.5834551643862369,0.9158027962637334,1.0858704759286182,1.0035453389006341
297,-0.7196939326852316,0.018710811817754802,0.7199371161586365,3.115600218386642
298,0.016536656349217083,-1.0591274683134202,1.0592565577513349,-1.5551841240439965
299,0.7553899417229104,0.09993400635937633,0.7619716331223741,0.1315307992558658
300,-0.46815157374169303,0.050815542723114504,0.47090138604496434,3.033470894523542
301,0.03333423210949604,-1.0492736916066292,1.049803053400081,-1.539038145061729
302,0.3986754820838314,1.04588511342655,1.1192934425350856,1.206614443475094
303,-0.17233515574343983,-0.8147204230444913,0.8327477250829993,-1.7792503264233388
304,-0.7126004620031381,0.7070484044240857,1.0038510171562967,2.3601053370253853
305,0.34185731795514585,0.031419637763633546,0.34329814953868254,0.0916511437324249
306,0.22103347948950613,0.0827387197199414,0.23601164123011592,0.35818019666725365
307,-0.21902218722902944,-0.09156600639420276,0.23739219032135664,-2.745608719892354
308,0.15464562137356097,0.0972728401456493,0.1826944816901042,0.5614739987145778
309,0.07034085562077053,0.9433511431384431,0.9459699864319532,1.4963691889012058
310,-0.37800951169901964,-1.0889540697539815,1.1526977734726005,-1.9049127945178228
311,0.16265170896792824,0.018972000232224673,0.16375443573533868,0.11611716760704845
312,0.20986771593618414,2.037767983858373,2.048546512586544,1.4681691384397262
313,-0.13816941939273875,-2.8647167059309027,2.8680468255757137,-1.6189904216994073
314,-0.2313363618383164,0.9169275346031327,0.9456598839022239,1.8179339535736712
315,0.7308251881319165,-0.09688593499618037,0.7372193296490097,-0.1318020488291341
316,-0.5590741146979781,-0.8292232524899532,1.0000875302668986,-2.164005978920655
317,-0.25206237002191756,-0.025158360781802003,0.25331478736602286,-3.04211206205074
318,0.7567276849204063,0.9534811416115758,1.2172769103757417,0.8999410350481118
319,-0.45340115500653155,-0.0437016260746077,0.4555024033776569,-3.045503260798931
320,-0.29717723871726776,-0.07423526629094113,0.3063089714208627,-2.8968009928235983
321,0.49576420157472967,0.20237703797374706,0.535479793327495,0.3875658251797084
322,-0.21471994570231345,0.007099278436555778,0.21483727524972054,3.1085417265933506
323,-0.22977757732564896,-0.13552533639023068,0.26676741151296907,-2.608698772567637
324,0.24324981935353662,0.9284812118395394,0.959816563388311,1.3145681759973458
325,0.22666470056117305,-0.8145832020632611,0.8455310044960633,-1.299403244554094
326,-0.21309004567865486,-1.8880924797948069,1.900079098307498,-1.6831807382427746
327,-0.19188467749472693,1.7807878811507862,1.7910960909763503,1.678134868207896
328,0.23745810799186984,0.09738151686008223,0.2566505657056867,0.38918264527562496
329,-0.5896648534792348,1.8122788538898362,1.9057962335163081,1.885364679411672
330,-0.18873994923376358,-0.9008982317736809,0.9204566217099579,-1.777311473310519
331,0.9677514743956408,0.034101106136347425,0.9683521062272024,0.03522288866281129
332,-0.35009925848567036,-2.023350956383183,2.05341632006005,-1.74212933903691
333,-0.32038752437779294,0.9950702189297544,1.0453769207218229,1.8822895980108219
334,0.5647260748885401,0.9889319951405469,1.1388160653378927,1.0519383437838077
335,-0.22562503953054147,-1.0180030866459333,1.0427065468691592,-1.7889055450676958
336,-0.20320810242708376,0.01867155296082501,0.20406410703988356,3.0499660328151887
337,0.6490935974668446,0.08206976637308117,0.6542613734777426,0.1257701197249609
338,-0.2149920357657038,-1.0453893303831592,1.0672677393801575,-1.7736257143853698
339,-0.27649938469642166,0.8742315444738438,0.9169147741696727,1.8771185101741643
340,0.45995399947651094,0.2905875933014386,0.5440577460299233,0.5634566388955125
341,-0.2348600685454585,-0.13158881403552414,0.2692115669440175,-2.630886617553459
342,-0.10974587094574417,-0.08773688457688422,0.140505932632389,-2.467184120578765
343,0.025035851649363394,0.06732330420709332,0.07182771858530494,1.2147682207953174
344,0.4588749209448224,-0.9782311600037588,1.0805102477415087,-1.1321840133554812
345,-0.49415423930111047,-0.004207406173009076,0.4941721506580109,-3.133078501181831
346,0.18551961626599223,-1.691146936867085,1.7012923000161981,-1.46153275723094
347,0.31814697062350206,2.64856862086134,2.6676081485720973,1.451248768018524
348,-0.2760336597281139,-0.9535327332237671,0.9926828570253865,-1.8525788637309537
349,-0.5237895784498505,0.8504024583931482,0.9987691744010637,2.1228478088230656
350,0.5543566273886427,1.029444496399492,1.169216507536955,1.0768245649596917
351,-0.1740238694923164,-1.8203306014275427,1.828630035203031,-1.6661068162703854
352,-0.225667538040625,-0.9236550917979116,0.9508230993878543,-1.810422133265661
353,0.41050415713539223,2.7380431469045448,2.7686447835243113,1.421978644345953
354,-0.4522763337810147,-1.0201041304981118,1.115870207128815,-1.9881171552955115
355,-0.11308452289006254,-0.018699369007663336,0.11462013661899832,-2.9777180726664128
356,0.6858065638805328,0.09097153862285268,0.6918138939780211,0.13187906888794193
357,-0.34434397818881735,0.015122690276257345,0.3446758927979912,3.097703461669259
358,-0.477975064120983,-0.05424442208197888,0.4810432613065749,-3.028588171420635
359,0.6167502516102559,0.01742478854066576,0.6169963501650564,0.028245070852246198
360,-0.1857124609374523,0.06455715940165874,0.1966131861739083,2.8070406638315384
361,-0.2165747978760919,-0.06664741386447304,0.2265977070711273,-2.843055699169334
362,0.07664716184649478,0.031407580915640665,0.0828325030292776,0.3888989000196269
363,0.4082457598157134,-0.012164434730323137,0.40842695048174465,-0.029788029104018263
364,-0.4101245016312305,-0.04548798064985249,0.41263938641611336,-3.031131512838581
365,0.06407116076820785,-0.9189487803754446,0.9211796646668351,-1.5011867433097508
366,0.6177619087244466,0.09400147030203243,0.6248728288938601,0.15100620356979652
367,-0.42361869378351,0.8612541106003277,0.9597976040545261,2.0279128571160165
368,0.03983237317788735,-0.03756752455399237,0.05475341865214718,-0.7561448620229558
369,0.44687156161080566,-0.013899239731870239,0.4470876663939681,-0.03109340887803804
370,-0.7005157168201777,0.02599769925052442,0.7009979671000538,3.10449744960635
371,0.08651921455884803,-0.8601300638601401,0.8644705323167058,-1.4705450101554163
372,0.312079641547939,1.895549733789494,1.9210680612456477,1.4076220702705267
373,0,0,0,0
375,0.7232249416567811,0.05208529624809444,0.7250980584167263,0.07189399004852423
376,-0.2166781956042314,-1.0327837728235068,1.0552685733299663,-1.7775971092287262
377,-0.30237588944658,0.018640792551707364,0.3029499260035661,3.0800228245505883
378,0.4082279637090096,-0.02888158877146907,0.40924835555438543,-0.07063099005018035
379,0.009379989650938114,0.07470248066329077,0.0752890750580789,1.4458854235146872
380,-0.4100573355254937,-0.11447029318730984,0.4257352069545764,-2.869366021611241
381,0.014262834473697694,-0.023511663438966934,0.027499577540234212,-1.025517510226959
382,0.3857867821969876,1.0621002432225737,1.1299948530729491,1.2223841829474937
383,-0.14606276184451872,-1.8903801133915863,1.8960145842013019,-1.6479094578532858
384,-0.2870612843391882,0.8365915767398633,0.8844713942454865,1.901339546330143
385,0.7343209791083609,-1.6870230480976716,1.83991142862134,-1.1602539435538806
386,-0.47561476883504383,0.819699656190835,0.9476903158170317,2.096552606466955
387,-0.11232809132332022,-0.014964334261037493,0.11332048093886748,-3.0091525996883193
388,0.8101992771063351,0.22066027510231834,0.8397105606289936,0.2659037365496477
389,-0.9134340561469116,0.7625541909733897,1.1898952345059965,2.445976885334854
390,-0.24739984164932594,0.02885412751692229,0.2490767799753208,3.0254876637994683
391,0.8788059278189166,-0.018097015357454893,0.8789922415667358,-0.02058982234654223
392,-0.5222303355684517,-0.03463313541618618,0.5233774712926547,-3.0753718809663075
393,0.05100390426650847,-2.723589271903336,2.724066798057157,-1.5520717915438444
394,0.11111271316087823,2.7509781703578824,2.7532211914068174,1.5304280129546373
395,-0.20557113615541311,0.8836463069391698,0.9072432351841819,1.7993702592666363
396,0.023123891440945954,-1.734556133302533,1.7347102622434696,-1.5574658145930076
397,0.0583536342807065,0.9082364390486646,0.9101091010695174,1.5066351284779373
398,0.24455323272127316,-0.04226715284033844,0.2481789593089102,-0.1711434154570838
399,-0.05764964501747727,-3.520764176879652,3.521236128232484,-1.587169048944288
400,-0.11009554116083109,2.5376570149700797,2.540044124382557,1.6141538582603816
401,0.2228575336589529,1.980093171728413,1.9925949033945756,1.4587189634359938
402,-0.18161412540757738,-1.0890711093246637,1.1041103077651313,-1.7360363739821425
403,-0.11466009079686046,-0.009780602929595261,0.11507648159033491,-3.056497797101717
404,0.48379978546745406,-0.007637769388452398,0.4838600706191675,-0.015785734492301095
405,-0.24950270682177234,-0.7624118271895668,0.802199099320066,-1.8870659972892339
406,-0.7040836735901621,1.7375339599318522,1.8747688074353812,1.955794668506514
407,0.7764247976888328,0.0358452246040315,0.7772517909873597,0.046134268842097134
408,-0.3028298972523089,-0.9516625941631673,0.9986829525926701,-1.8788759802174526
409,-0.09165030507926986,-0.8646914074139431,0.8695349380425315,-1.6763939893630693
410,0.4351075591305289,0.8949728666906935,0.9951356792543842,1.1182750700797315
411,-0.14124669717614324,0.08338925902739902,0.1640256016123939,2.608276533863525
412,-0.4270404221405215,-0.9964569147072666,1.0841078843961423,-1.9756774801173935
413,0.22965324770802908,0.8425677065454806,0.8733046171274698,1.3046966692950688
414,0.23954299984382033,0.10683632495283746,0.26228772198409284,0.41952306036549
415,-0.12000927353778934,-1.0229532901131506,1.0299687662683696,-1.687578987602194
416,-0.14781207188434564,0.9069130780998762,0.9188796111696761,1.7323594756406253
417,0.3913336392600968,-0.0073484423318177505,0.3914026275093917,-0.018775740347324127
418,-0.3648100605548734,-0.867077463738724,0.9406963954462825,-1.969049161153
419,-0.19780284426030903,0.839598214686589,0.8625839827532016,1.8021694811077988
420,0.4734983150469816,1.1207831788076987,1.2166986431531108,1.1710697707317894
421,-0.15849473335049424,-1.06955995274933,1.081239600192757,-1.7179125645960798
422,-0.11758558394694774,-0.04972044549748489,0.12766554841699876,-2.7415489474197607
423,0.6952635524619382,0.0935813634402507,0.7015332343982932,0.13379429752931643
424,-0.8259977648474432,-1.0678044039697738,1.3499920565211545,-2.2291984965490967
425,0.026669721540429236,0.1349984892344196,0.1376076529217025,1.3757521527934375
426,0.6994818675270835,0.08028255930008754,0.7040739821403348,0.11427429181044249
427,-0.595883234632538,0.7570115569970426,0.9634019549197641,2.23765393721736
428,-0.13288096403618965,0.08962914769739427,0.16028329519993167,2.5481817127460897
429,0.6262297454647978,0.14711398998133518,0.6432777161950614,0.23073629441175872
430,-0.3962608825290772,-0.1679415574208747,0.4303801270175844,-2.7407256017917256
431,-0.022767226920791472,-0.8779772426651675,0.8782723867113171,-1.5967219711875902
432,0.27816319784540156,0.9281297525339482,0.9689167158091081,1.2796121041937547
433,-0.00389035251396308,-0.8779727267850603,0.8779813459414028,-1.5752273608510836
434,-0.46722773203464385,-0.10493565847878017,0.4788666265283186,-2.920666488270985
435,0.24293046787829553,0.09170947880454605,0.25966486232482255,0.36097227495805356
436,0.3579572814005587,-0.8533344887520684,0.9253719063173642,-1.1736099156283648
437,-0.4881419456992262,1.697481612444676,1.76627471921522,1.8508092577669524
438,-0.35577578374045515,-0.04746363420179023,0.35892785468360694,-3.008966935378457
439,0.7284362809220966,0.10884092511184917,0.7365227507299545,0.14831994438529195
440,-0.33318693325304594,-0.13805992035378267,0.3606578352104145,-2.748767093455852
441,0,0,0,0
443,-0.37607595330496224,-0.052549711146525624,0.3797296338130847,-3.0027599193349896
444,-0.5734435446094039,0.8832546542080877,1.0530794286446041,2.146636528015672
445,0.9282253789833703,-0.8149709153715321,1.2352246545023031,-0.720519918582878
446,-0.3165458859057253,-1.046656929573544,1.093477035016355,-1.8644857391721588
447,-0.199744428316194,0.02377008766433164,0.20115380610600728,3.023147176624866
448,0.4235466774633778,1.0239859506366997,1.1081240973336932,1.1785993115492164
449,-0.19537266273778187,-0.13915958172873388,0.2398663513962874,-2.522674092900952
450,-0.10941267171290292,-0.9077828815423459,0.9143527179117915,-1.690745091490163
451,0.21827720011322072,0.9183673652043467,0.9439510334554653,1.3374465101911344
452,0.0280824214240738,0.08104861163786836,0.08577586980885295,1.2372531059537222
453,-0.4700208008273421,-0.08800610498610695,0.47818890380810974,-2.956497097484127
454,-0.20956928931263974,1.0807031068948731,1.1008353611122947,1.762338370067142
455,0.7181799208699431,-0.08899267410947687,0.723672643386437,-0.12328573440752669
456,-0.10370355897759964,-1.9284011909163041,1.9311876090302673,-1.6245215389884147
457,-0.12198560407944115,0.04638470683414653,0.1305068144991513,2.7782294922504547
458,0,0,0,0
460,-0.10655327046276852,0.05132289452637906,0.1182693491521693,2.692720998057569
461,0.400245433760233,0.9595413547181693,1.0396711108135575,1.1756176265635747
462,-0.25398085096946943,-0.9488446992838817,0.9822487139305889,-1.8323387372275648
463,0,0,0,0
465,-0.25674059253594805,-1.0463281558384665,1.0773663915103515,-1.81141537015523
466,-0.3314084537958024,0.03205789242923629,0.33295535994233366,3.045160411956187
467,0.1503477838687104,1.8329065632380548,1.8390625127154787,1.4889525817772384
468,0.025697271773196917,-1.9154976082639905,1.9156699708043798,-1.5573816766217474
469,-0.16464606001773063,-0.8546954209515434,0.8704094368025304,-1.7611022695883627
470,0.20586945005106827,0.9919018018761108,1.0130406778749828,1.3661515803185642
471,0.009785927877487666,0.7833042090718436,0.783365335162394,1.5583038383242689
472,-0.16118806937970476,-0.8774965683417122,0.8921781330888119,-1.7524619468443854
473,-0.13573319883596469,0.9177653242253996,0.9277481833001864,1.71762727753068
474,0.5699093440676961,-0.8526108346196111,1.025544682481666,-0.9815750142618533
475,-0.48655393261208246,-0.7648167651543076,0.906465340540598,-2.137388128605741
476,-0.10342106789357786,0.6970558805114706,0.7046863258499271,1.718090199985723
477,0.4995171762650443,1.054389620116865,1.1667282804466472,1.1283682995498934
478,-0.2001034565817008,-1.0511061166875493,1.0699838605670295,-1.7589193834792003
479,-0.22460739969824317,-0.06370872454277787,0.23346795407951368,-2.8652073221094305
480,0.7602365879577064,0.10324233649981807,0.7672148654161474,0.1349771770088847
481,-0.49147861333199216,0.005670294841422674,0.49151132195131225,3.1300559496076987
482,-0.17982199715527258,0.04365035708775622,0.1850440605228914,2.903456597543129
483,0.44577723133863856,0.8363970527619244,0.9477749573863911,1.0811194066488576
484,-0.32713932194201334,-0.9341804638762028,0.989804665097431,-1.907639128515234
485,-0.5746334301493334,0.9991900146492299,1.1526422968206211,2.0927051940113954
486,0.09131641499777743,0.922729145213907,0.9272366273369672,1.4721541143056478
487,0.5865392645498559,-1.7046535261177382,1.8027401235242768,-1.2394040627535692
488,-0.6160532473037392,0.8565040605669196,1.0550454062651065,2.194335036669453
489,0.6587374044341914,-1.0779237845067655,1.2632714091619754,-1.0222427346437364
490,-0.0527530815238606,0.9606990320909858,0.9621463079338922,1.6256523790291921
491,-0.053869537938453504,-1.9643644258595145,1.9651029297978473,-1.598212848525318
492,-0.13034723653231595,1.030062951385048,1.0382774609359906,1.6966702745910027
493,0.4142143877822946,0.013167425713106695,0.41442362401988053,0.0317782129419732
494,-0.44520759718363934,0.0015562376873958783,0.4452103171151465,3.1380971351870044
495,-0.4314628986229536,0.9971918929037429,1.0865320539041041,1.979152212845074
496,1.0393788906096688,-1.7966182496466558,2.075607287809618,-1.0463209890233915
497,-0.4788786456672369,0.7841387210560811,0.9188026399263084,2.1190511125036267
498,-0.13197267991301942,0.024394070427661063,0.1342082669415486,2.958813836520959
499,0.7166870026338756,-0.05778185649859324,0.7190125191432711,-0.08044954804852812
500,-0.5529723089216532,-0.021681971421003254,0.5533972192908503,-3.1024028606785903
501,0.07456331510195469,0.051720743152259274,0.0907453758117479,0.6064505848776411
502,0.24570274916322887,0.9597929428223324,0.9907433239936172,1.320182775719326
503,-0.28400771564440674,0.014305413450358628,0.2843677678632723,3.091265381210812
504,-0.1574552795582349,-0.04376296126127954,0.1634238716929634,-2.87049614604991
505,0.3097055812399958,0.06408521988862503,0.31626644219609684,0.20404337891044622
506,0,0,0,0
508,0.3640255953456517,-0.7714296198312809,0.8530054468875277,-1.1298931164529498
509,0.2400382817412492,0.8165791256408852,0.8511285714471838,1.2848937269518157
510,-0.4147417255067012,-1.5972748799024998,1.6502417219437342,-1.8248419756612548
511,-0.06883058310575052,-0.10646175413722858,0.12677442275417125,-2.144727418047981
512,0.18531466497120164,2.7601123838426247,2.766326426236572,1.5037566794046442
513,-0.2078311519470617,-1.8479157170320946,1.859566155040977,-1.682793564578639
514,-0.07193439364527876,0.7949584047385656,0.7982063782340999,1.6610388052629756
515,0.34834816407271774,0.9749567364372069,1.0353197966508332,1.2276365539744754
516,-0.37080514670503817,-0.906228623416041,0.9791561544112756,-1.959186180016253
517,-0.13621615601834947,-0.02117671797850562,0.13785243757277738,-2.9873632032937723
518,0.6544472580384308,-0.7678530217474417,1.008910043839736,-0.8649638862421251
519,-0.38017461505182837,0.770123757741942,0.8588500102860658,2.029354198972583
520,-0.269018297028083,-0.056059120887880454,0.27479714185306203,-2.936148662787905
521,0.6225762294367314,0.05687289307076071,0.6251685272195776,0.09109804817299566
522,-0.5573269466908641,0.9635566916910534,1.11312839493491,2.095186518997379
523,0.12095979466539575,-1.01263996287787,1.0198386962371984,-1.4519096760421102
524,0.3849095683061705,-0.8388960838843218,0.9229853819698846,-1.1406247848910438
525,-0.25214387861137766,1.873005048400671,1.8899006447047921,1.7046118055126485
526,-0.31973712461376635,-0.11892335164122869,0.3411372046872966,-2.7855065238776238
527,0,0,0,0
529,0.03544274793262048,-1.883335380685196,1.8836688521397988,-1.551979410248293
530,0.054948886237866645,0.03653245247664927,0.06598484813001124,0.5867398869250995
531,0.48741941736591343,0.025464463078719746,0.48808413957555924,0.05219597880545852
532,-0.3758486536810324,-2.6803256272531826,2.70654903494912,-1.7101129335225702
533,-0.25865205789000356,2.7100208455346433,2.722336105311583,1.6659509233102612
534,0.42162707165141455,0.9727216509202208,1.0601682874517173,1.161789524667426
535,-0.14044999474299402,-1.8399931211041576,1.8453457363686423,-1.6469803969563568
536,0,0,0,0
539,-0.40167120472472106,3.4720653262453993,3.49522207969974,1.6859708741337514
540,0.280621157307678,0.97902531339912,1.0184492123836837,1.2916473129840553
541,-0.12950577955018616,-0.12406081177158512,0.17933998983585922,-2.377664712543396
542,-0.07656825154106173,-0.8809500848522589,0.884271309692482,-1.6574939902453492
543,0.3689705734592508,-2.5921815277758924,2.6183094463835643,-1.4294063149920455
544,-0.03737568140491021,2.62859780689422,2.628863513377898,1.585014235212992
545,-0.49317398771825083,-0.05883393969389772,0.49667093192759587,-3.022857280458139
546,0,0,0,0
548,-0.36187339992420675,-0.9621456019759762,1.0279477209344932,-1.9305405368651178
549,0.041791153564645356,-0.044510772753199035,0.06105497037384176,-0.8169005827847754
550,0.7357517394747219,0.06367659931902381,0.7385020862806785,0.08633119266452742
551,-0.5304344199831803,-0.9262746084089599,1.067401201088918,-2.0908653806007007
552,-0.11433133959087627,0.8835388897425105,0.8909055084014648,1.6994828236537605
553,0.2944582722419682,1.9008208016878712,1.9234930190206165,1.417106826229475
554,-0.2357357592779863,-1.7688534480408293,1.7844926082358257,-1.7032859982558821
555,-0.17379260928987605,-0.19493719400566079,0.2611596841983543,-2.298912835673343
556,0.4427764279138273,1.004608838372178,1.0978569502679416,1.155665373571373
557,-0.24524467577816722,0.09863721530712155,0.2643373814674758,2.7591918431069
558,0,0,0,0
560,-0.09330285663520499,0.8387740503869168,0.8439474691346397,1.681578073719769
561,-0.5248240713395944,-0.06605058661506291,0.5289640685809024,-3.016398052865577
562,0.30023671710534927,0.09631159605800121,0.3153062159765283,0.31041535041817453
563,0.24404349061944686,-0.00314843484255789,0.24406379894544353,-0.012900406308509535
564,-0.3105401299447976,-0.013002444614983233,0.3108122196312389,-3.0997466793936805
565,-0.11339255584698549,-0.08960654567187021,0.1445240628710551,-2.4728356048020026
566,0.5572449859455446,0.03825985779656094,0.5585568825823054,0.0685513707281748
567,-0.4318362503204298,-0.00468016251750214,0.43186161094961795,-3.130755260282385
568,0.05297231330973773,0.06268631300770267,0.08207094379794039,0.8691900525077119
569,0.6604755976111392,-0.8284812411791904,1.0595325299515834,-0.8977573952253665
570,-0.4289289947985253,-0.07356343695818168,0.43519152316649473,-2.9717402025476174
571,0,0,0,0
573,-0.4137371778913348,-1.080721125345974,1.1572106995437583,-1.936417722339833
574,-0.26100834666999617,1.0753334008808224,1.1065564965609846,1.808914582811992
575,0.3857664771519467,0.8802601726335979,0.9610794693568036,1.1577637393388307
576,-0.2336153180887095,-0.9033886508777869,0.9331061951249048,-1.8238515621747138
577,-0.1395860473024868,0.11378848856719515,0.18008910220204546,2.457660747441754
578,0.10050302171430303,1.7376620696575173,1.7405660934592952,1.5130226210328814
579,0.20228025381231873,-0.9648519787388068,0.9858278967236457,-1.3641403296806338
580,-0.6726427728330009,0.965005996417915,1.1763013529563762,2.179529458339899
581,0.49941844401200797,-0.9741463382223969,1.094705380680793,-1.0970618606432723
582,0.18784509910062752,0.042026193846993465,0.19248891455195452,0.2201033316963614
583,-0.28034818248386273,-0.986678443450046,1.0257336175591647,-1.8476336916627343
584,-0.055368650257150875,0.922570841686138,0.9242308398667336,1.630740034206264
585,0.36269995257282517,0.16423816076320463,0.3981525198302905,0.42519740651603677
586,-0.3484941155247725,-0.9408832242610288,1.0033490869339659,-1.9255195938250207
587,0.0591688006647928,0.7633440766976491,0.7656338069870586,1.4934383851194826
588,0,0,0,0
590,-0.5122719271688538,2.546305716814402,2.597324648719716,1.7693285628227147
591,0.4477466965665826,0.9377907181990395,1.0391961005635835,1.1253521959807213
592,-0.027620872309285005,-0.9355786915056683,0.9359863249997749,-1.6003105216209028
593,-0.3717634754756318,0.07020646865805702,0.37833454764157537,2.9549436348752764
594,0.1613944202847506,0.010056698124799368,0.1617074397676992,0.062230854277196206
595,-0.0026979213184858963,0.8251379299580321,0.8251423405903172,1.574065976154583
596,-0.056983832212154084,-0.9420831820424951,0.9438050005275962,-1.6312097703139243
597,-0.38110629840048205,0.9987894470382912,1.0690287041027349,1.9353129538002918
598,0.37203908852404766,0.00617302642103823,0.3720902977033922,0.016590891145812903
599,-0.16785223333374688,-0.9322982527683621,0.947287920513118,-1.748929314240283
600,0.07724291772808556,-0.0889238344881278,0.11778759136352071,-0.8555790674220535
601,0,0,0,0
603,-0.46107930472726366,0.8794585718218286,0.9929962259740303,2.0536758463233364
604,0.7373446695592065,0.024263063820455955,0.7377437617447747,0.03289413095286998
605,-0.11996106209835489,-1.8197853818466,1.8237350389797147,-1.6366215340670054
606,-0.4093972431862767,0.7757837324173806,0.8771809974070148,2.056373886196411
607,0.5890361223994205,0.1444699940111036,0.6064941324208449,0.2405173307573079
608,-0.4265369904231875,-0.0053668197261345085,0.4265707525759861,-3.1290110096563235
609,-0.017194277882367714,-1.9188733685835473,1.9189504026553335,-1.5797566980185704
610,0.43659044238347633,2.7675334581637117,2.801758850514475,1.4143314245942658
611,-0.3137972487772913,-0.8464428036301683,0.9027370232562177,-1.9258135247736972
612,-0.47117828061743694,0.8738734720987509,0.9928060320946537,2.065297322196086
613,0.6175341250462907,-1.0031858727255099,1.1780196478975768,-1.019004725079177
614,-0.10910633238563605,0.9818736505604875,0.9879170296293223,1.6814628639979992
615,0,0,0,0
617,0.4483425301858688,-0.7024062364736778,0.8332979931636598,-1.0026934920622037
618,-0.24799222069088955,-0.042630280499452056,0.25162965313861724,-2.9713548095108706
619,0.005393142720549804,-0.0034907757162159214,0.006424290116825525,-0.5744479495559023
620,0.4090671580440812,0.9827241902858077,1.0644636085668489,1.1763531652995862
621,-0.3897360211117302,-0.18917954657240443,0.43322403787572034,-2.6896896233426064
622,-0.47694020674964577,1.0069328275307612,1.1141748875169861,2.0131478587145035
623,0.9453548422839049,-0.8942147592433116,1.301274687941866,-0.7576052955919811
624,-0.8626277275069469,1.863878226838267,2.0538180641784125,2.0042545986120133
625,0.10516186055133403,-0.9880249319818972,0.9936056980173025,-1.4647591019313795
626,0,0,0,0
628,-0.11862225586526165,0.0974741539841375,0.15353322207746098,2.4537480433064807
629,0.6336270518883111,0.05744424679136273,0.6362256536592182,0.09041223493151973
630,-0.6686954526494446,-0.04639079436077509,0.6703027034075496,-3.072328560941566
631,0.07723245568138282,-0.9289896759241856,0.9321945452448754,-1.4878511026070782
632,0.17234744924633105,1.8151704200693075,1.8233341156124685,1.4761317620444692
633,-0.013497641882736389,-0.9480948965064613,0.9481909718606226,-1.5850319588397006
634,0,0,0,0
636,0.1670818743809832,-1.048874019399534,1.0620984235549908,-1.4128271595533004
637,-0.40053931910676965,0.9330927081746836,1.015427864596634,1.9762696407533549
638,0.21327910446325404,0.0008272909032029929,0.21328070895157433,0.0038788926659928916
639,0.24554384332680002,0.1603512286563955,0.29326488969413256,0.5785129819084529
640,-0.2764455154342613,-0.23983142585910855,0.365979829817611,-2.4269954244043386
641,-0.09184483303545221,-0.0067861964575399725,0.09209519975368109,-3.067839051435895
642,0.42160984823874514,0.16178623200448783,0.45158570504180895,0.3664062134242783
643,-0.17882140599806462,-1.0122467398749677,1.027920501610229,-1.745650196374761
644,-0.2393697977759075,0.9299393212704672,0.960252592463179,1.8227309236624682
645,0.22341020289786684,1.9043309301417821,1.9173910426028205,1.4540132454006445
646,-0.2070701540480968,-1.9420846874694462,1.9530926711246446,-1.6770176365036873
647,0.32938422914924104,-2.523396552856923,2.54480335849009,-1.4409981100116096
648,0.04302539348930168,3.475090239091969,3.4753565794486745,1.5584158726891109
649,-0.3372843450925984,0.04458364891752353,0.34021821114594086,3.0101703881097763
650,0.10773122819841774,-0.8869709469533973,0.8934894953319518,-1.4499286680849508
651,0.20784033401230317,-0.032532733188588736,0.21037106067866287,-0.15526764193180495
652,0.19801279036687447,-1.7377659082210926,1.749010982505357,-1.457338919203312
653,-0.4253695016631127,0.8782069725615429,0.9758005429394039,2.021854914558261
654,0.10310959867445035,0.8414562742037788,0.8477501110207601,1.448867087182105
655,0.551885099433548,-0.9581977515464928,1.1057667448632789,-1.0482396877119455
656,-0.8089893267936077,0.8451107042934609,1.1699041983758174,2.334360479756055
657,0.10069991514035337,0.05382806243551386,0.11418376948952048,0.49089575965671317
658,0.3717123747525193,0.04391499177256719,0.37429749671423396,0.11759729451527323
659,-0.5240262000133953,-0.09423648788299488,0.5324321308382889,-2.9636628021431655
660,-0.0035524014517704927,-1.6520892232310302,1.6520930424985705,-1.5729465714226758
661,0.5552064786055553,1.8064046412343941,1.8898020959239994,1.2726060754215067
662,-0.6901174230270044,0.8429469092419595,1.0894133969095505,2.2568338738909595
663,-0.061770673061346315,-0.9908833584235595,0.9928068523389653,-1.633054757000003
664,0.48490680871043423,1.0415406980758348,1.148887130610329,1.1350726921043874
665,-0.14807343158065578,-2.6025138495404576,2.6067228617921705,-1.6276313598252752
666,-0.4216266725196647,0.7972013077464339,0.9018309021388816,2.0572829045002456
667,0,0,0,0
669,-0.3130193853861556,-0.15471935906191447,0.34916932238679876,-2.6825311539385126
670,0.12126395990514993,-0.8712386816978324,0.8796373050629758,-1.4324991275921202
671,0.174195057605516,1.9271757332138577,1.935032357554405,1.4806525127917904
672,-0.21525081456115913,-1.0129709223673444,1.0355882399539844,-1.7801765186707097
673,-0.1984309233237127,-0.9751427348041375,0.9951272202951709,-1.7715445341203817
674,0.527487852381114,1.002524900855576,1.1328281472690915,1.0864409086107858
675,-0.2522386135361785,-0.9316793895040973,0.965220598094229,-1.8351934876771485
676,-0.5018664085628188,1.0026201994153325,1.1212123600457602,2.0348877212913914
677,0.7563438324222034,0.9057495900317463,1.1800162340772191,0.8750473277057725
678,-0.2699553441320859,-0.9437157265245446,0.9815677563547114,-1.8494116842064041
679,-0.35953511208435884,-0.12570423557889399,0.3808766882653578,-2.8052475571977737
680,0.6378265504033607,1.07436877190122,1.2494362594530328,1.0350400809939517
681,0,0,0,0
683,0.507480291550678,0.8611058146444179,0.9995196197808164,1.0382552192749692
684,-0.32735933925289373,0.6793029980914298,0.7540667743722013,2.0198632223857613
685,-0.17340163558174027,0.03328837596683343,0.17656795631408295,2.9519274544552356
686,0.22000804275592145,0.12301995728046222,0.252066357863516,0.5098495294738695
687,0.15745070519233195,0.00028152421560889707,0.15745095687688468,0.0017880130498929459
688,0,0,0,0
690,0.06769097988376416,1.8300541716576504,1.831305638051495,1.5338246700116942
691,-0.1501858129450966,-0.9869002228619479,0.9982624045284596,-1.7218169623376403
692,-0.00392802949511406,-0.018807449148766864,0.019213265188351966,-1.77669161547016
693,0.26931007472273905,1.0182996176163215,1.0533100339333685,1.312245540180136
694,-0.18354282515883824,-1.0647548930345465,1.0804586761687356,-1.7414990641111623
695,0.0050669016958408974,-0.8009566386006668,0.8009726652085417,-1.564470348755155
696,0.30438098580896167,0.9363117784373571,0.9845443265605475,1.2564874811519646
697,-0.42646164038819734,-0.05906476213630185,0.4305324341426672,-3.003968582039025
698,0,0,0,0
700,-0.5273987262112314,-0.8533616281893046,1.0031826777188342,-2.124364101594664
701,-0.3308823153022331,1.750433998565768,1.7814326509623397,1.75762067754891
702,0.6218526719736701,0.08641238769649817,0.6278278795881901,0.13807537875537632
703,-0.20019288411674552,-0.829401193870865,0.8532195094144278,-1.807636652217398
704,-0.19654684292618185,0.7910283634882376,0.8150806912859171,1.8143345026342932
705,0.18708038870840937,0.06304841388481464,0.1974187790780817,0.3250580666194398
706,-0.0844631636481381,-0.0510548426996138,0.09869459446461325,-2.597898122595335
707,-0.3609542081952668,-0.07553015237732552,0.3687719408143928,-2.935317604149125
708,0.11103355324746644,-0.9075060775820702,0.9142733348376472,-1.4490512079040672
709,0.3793584546177726,1.0405099640611297,1.1075079333352327,1.22118422890744
710,-0.8133117751697228,0.92074913605245,1.2285174053187276,2.294316499988302
711,-0.08402861748868418,-0.9774760671015201,0.981081174171289,-1.6565503865264197
712,0.8273148356176989,0.09597151723738762,0.832862755412911,0.11548743569537818
713,0,0,0,0
715,0.478259111251532,1.844818316229862,1.9058033469884263,1.317136004896829
716,-0.34217223555674536,-0.02296438988588534,0.3429419804992264,-3.0745796074048894
717,0.17046209090472075,-1.8985358591902468,1.9061730595795487,-1.481250358677421
718,0.5067347294392448,0.9447182150728395,1.0720413200573364,1.0784644618175017
719,-0.19195235314930414,-0.8133675153466697,0.835710728003877,-1.802552968820419
720,-0.2820246536076638,-0.04609948470130121,0.285767506431799,-2.9795665050738234
721,0.34686211194105,1.023017963188579,1.0802217724646703,1.24390272504973
722,-0.04550560704126383,-0.15633886659799145,0.1628269065030055,-1.854040773209444
723,-0.2816921336419682,-0.06777101008577802,0.2897298189068759,-2.905494244362694
724,0.19558394970101745,-0.7809227877039575,0.8050425341160369,-1.3253919649922772
725,0.025607971726458345,1.8514534040256763,1.851630491079202,1.556965927992382
726,-0.19552641399741333,-1.8206476870259962,1.8311167572942468,-1.6777801639246515
727,0,0,0,0
729,-0.312469823588458,0.6956381821581772,0.7625941719746718,1.9929717972445242
730,-0.3952361285697634,0.9943943453360475,1.0700615455959164,1.9491147385683145
731,0.6569982041183948,-0.01863668978091937,0.6572624790909536,-0.028358819522281926
732,-0.2644845848329851,-1.0246792809977023,1.0582625971469675,-1.8233974691033032
733,-0.5235369899422722,1.029082917878327,1.1546006373230469,2.041412503442319
734,0.7604043819164872,0.9002864732250373,1.1784441259176315,0.8694310677064698
735,-0.13337871049759542,-1.8696759306628223,1.8744273701890644,-1.6420135563766183
736,-0.45501322177665315,0.8744825367990643,0.9857772259278952,2.05056969612095
737,0.3700907850858357,0.16084548684557376,0.40353247681449367,0.409982916135531
738,-0.018177361955849847,-0.10306290830732223,0.10465361702510567,-1.74537244945792
739,-0.08106941564699355,-1.7327359717781974,1.7346314300298722,-1.6175491733948935
740,-0.2918198734055295,2.784705151688115,2.7999538603971224,1.6752090423666026
741,0.3942580448888293,-1.1172948569074492,1.1848152612248881,-1.2315684317582234
742,-0.5022093335264799,0.07140591607071656,0.5072603074665012,3.00035576226497
743,0.11585261255220303,-0.9344976629668622,0.941651586270473,-1.4474525187437033
744,0.545865339371062,0.8896861201706656,1.0437961300709142,1.0204744106829156
745,-0.54384423168176,0.07195148551221564,0.5485832339772502,3.0100549272839987
746,0.07352193013957731,-0.8332739791073323,0.8365112064215373,-1.4827916260359362
747,0.46801346974962144,0.9080840424409757,1.021593478837362,1.0949161072880729
748,-0.5073915141745147,-0.1499138044585493,0.5290749449969663,-2.854306350913881
749,-0.023427613018270677,-1.788689009291943,1.7888424259876907,-1.5838932225541686
750,0.2871817013437976,2.7905951973055494,2.805333292999517,1.468246774565241
751,-0.05147564366484403,-1.018092557440184,1.0193930534420002,-1.6213141763864278
752,-0.4723446958956856,0.057670094206969225,0.47585223705119684,3.020100716344584
753,0.7577556260411029,0.12380633068517,0.7678030973593878,0.16195456501152763
754,-0.11491043279136193,-0.9914228469395425,0.9980599526070594,-1.6861860189400684
755,-0.16273495075461142,-0.09623785433154808,0.1890618650163117,-2.60753705049654
756,0.19601485428711385,0.9282118059065283,0.9486827603184623,1.3626793102195345
757,-0.2225332803350284,-0.025532477835156442,0.223993232668023,-3.027356635065346
758,-0.15786939323493243,-0.750864891631295,0.7672814547510204,-1.778028013114501
759,-0.1149028180066125,0.8812707127268595,0.8887298389814352,1.7004480573466656
760,0.4336427666337386,0.021252905018116053,0.4341632584932448,0.04897098410401112
761,-0.5378530490299909,0.845348599207739,1.0019481805629193,2.137444660146725
762,0.29402124061300583,-1.776697585147133,1.800861682361881,-1.4067951661504776
763,0.526001477481941,0.9472095039981809,1.0834589972756998,1.0638801838689453
764,-0.659879946437627,-0.03549703297449014,0.6608340056780655,-3.0878512826372555
765,-0.16289955988861493,-0.09516821815577714,0.1886617511814465,-2.6128613121329303
766,0.7715129520789787,0.06500067379352004,0.7742462933842383,0.08405241807927967
767,-0.2062754799924278,-1.83180298430608,1.843380521476444,-1.682931835474743
768,-0.2791876419327082,-0.04669979196694385,0.2830664409245679,-2.9758567449671105
769,0.45989509686728525,1.7797480648406463,1.8382074622921634,1.3179232225910726
770,-0.21712813292583633,0.12119914645222707,0.2486641494236916,2.6324819043510392
771,-0.08360018955420401,-1.030249225795842,1.0336355542193925,-1.6517645211992669
772,0.39617169828727583,0.944720509485478,1.0244261103497536,1.173718158596296
773,-0.17145544222887565,-0.9530080512116115,0.9683084809832313,-1.7488018480032133
774,-0.4182996520587494,0.928647864802258,1.0185094283875156,1.994015656453707
775,-0.12217048669265296,1.1266215038779137,1.1332262090239758,1.6788139374031266
776,0.36008801483012576,-1.0673352234768458,1.126440348042749,-1.2454162316329216
777,-0.5494970667122061,0.9274764141275114,1.0780350296201628,2.105656766715942
778,0.3773121273908373,-1.8214344072575273,1.8601042286435938,-1.3665342674045027
779,0.44020662459899995,0.9995724506711099,1.0922119558407577,1.155958639833961
780,-0.2847078472973408,-1.0432954883289085,1.0814453450268033,-1.8372024552367108
781,-0.380848722548194,0.9608115428023325,1.0335398251875878,1.9481801417604796
782,0.9283888151674091,-0.7180782134842616,1.1736873999531112,-0.658351674918855
783,-0.5894600069810849,-0.32251733479637323,0.6719230097818474,-2.640947627871286
784,-0.47387459146739275,1.0411484074667783,1.1439174510466201,1.9979214661041396
785,0.8798614993282854,-0.8824912808429417,1.2461729891006441,-0.7868903615500386
786,-0.41447150319243065,-0.967455793161605,1.0525005171877795,-1.9755550155629134
787,-0.38308833557402977,1.904843541788125,1.9429836827788363,1.7692616155894423
788,0.4703226168138599,1.8544271824821976,1.9131397071347138,1.3224121015270924
789,0.15846978599245176,-2.7162753231248757,2.7208940266187587,-1.5125215418960307
790,-0.5127609114476854,0.7579464983114121,0.9150992550599047,2.165584908561776
791,0.43387823897194266,-1.5973449487174207,1.655222405432712,-1.3055708657158072
792,0.1081473005568796,0.7229337434938543,0.7309781365401964,1.4223024539190483
793,-0.2990379513972812,0.023615838875798545,0.2999690054350455,3.0627835031838373
794,0.03959898734410672,0.9305522094871321,0.9313943817632047,1.528267696978662
795,0.1833141203675268,0.018662204912004654,0.1842616200360177,0.10145497884669621
796,-0.2860427739617535,-1.0581841918573787,1.0961634241446796,-1.8348014830235735
797,0.08971799801963698,0.11392753473006678,0.14501311091871025,0.9037235968968621
798,0.23381165657121983,1.830799191315748,1.845668867828402,1.4437737637165462
799,-0.1433848575580896,-2.7012964985406143,2.705099257033785,-1.6238265747222298
800,-0.11489650137889384,0.7228455833098337,0.7319200388974494,1.7284278950061123
801,0.28795308381415907,1.9514221724485878,1.972553034420634,1.424292921296755
802,-0.11398596978301612,-1.853752031491581,1.8572531856390873,-1.6322083360171757
803,-0.08361382250677707,-0.027321703416362197,0.08796446323241265,-2.825769170507362
804,0.34858558915050253,1.0411430058311453,1.0979483920269273,1.247716930377878
805,-0.3175640464189655,-0.9880600125511023,1.0378388660965012,-1.881770140778115
806,-0.2874389082850257,0.836676373394539,0.8846742224077322,1.9017121811136408
807,0.49678596214755544,0.052084286544982206,0.49950882383774986,0.10446088116612783
808,-0.11982803928003705,-0.8757628717470425,0.8839227152462623,-1.7067789539928295
809,-0.13868358721356344,-0.9970328877505494,1.0066318674762,-1.7090058320671924
810,0.26006365053683567,1.897042721323146,1.914785677002957,1.4345565805954363
811,-0.02108152093114768,-0.9295895508213903,0.9298285667374844,-1.5934707511268835
812,-0.32073077236725567,-0.16508396388945812,0.3607228069816938,-2.666244868124749
813,0.1584270921504185,1.1308998154256074,1.141942877755674,1.43161269146251
814,0.16735829926244605,0.031365974860023016,0.17027220768797838,0.18526883260028484
815,-0.22879350331106707,-1.0471156129551673,1.071819748862572,-1.785914283872705
816,-0.36980847183610877,1.032608628048422,1.096831292661639,1.914695763614167
817,0.6539753357560585,-0.11002471064927022,0.6631660250123683,-0.16667894810499795
818,-0.5268363554454254,-0.027115985175157675,0.5275337165253402,-3.0901685661842038
819,0.020262078395717253,-0.8019742624393302,0.8022301848198071,-1.5455364529074709
820,0.5250820557458837,0.914814238876545,1.0547967846545587,1.0497314259579817
821,-0.10673140442395379,-2.7879132218001246,2.789955505913716,-1.6090612578147732
822,0,0,0,0
824,-0.325707796785764,-0.9710809934304621,1.0242479507858093,-1.8944124204766475
825,0.012428488287582695,-1.7259920947735736,1.726036841594635,-1.5635956718665667
826,0.22500081227269675,2.751616447615504,2.760800326048869,1.4892074364048549
827,-0.1929026039481414,-1.0893389456286968,1.1062869216769284,-1.7460616634789985
828,-0.1326434178887439,-0.02374048040417165,0.13475120303369761,-2.964488161380271
829,0.13663019719137992,0.17422782502922018,0.2214117110700514,0.9057614374223483
830,0.1670278615465577,-0.040170703601631885,0.17179054677329078,-0.23602054182538248
831,-0.4031858910240089,0.8031189349782153,0.8986428024756926,2.036062730343478
832,0.06583137908410208,-0.8400064231535112,0.8425820799253153,-1.4925860943204534
833,0.07946597427633151,1.828384934491055,1.8301110102235727,1.5273612749682064
834,-0.045816543609930704,-1.8488210482423142,1.8493886622590099,-1.5955727474875825
835,-0.04852727102297649,0.011668779340823221,0.049910484311838095,2.9056144903943237
836,0,0,0,0
838,-0.041586791838540194,-0.9618555752799125,0.9627541788808156,-1.614005420219008
839,0.21036996945042574,2.890426952899986,2.8980723755795457,1.4981428073621588
840,-0.5195868103962766,-1.0149041260952458,1.1401757928946443,-2.0439633555018677
841,-0.14354399270951035,0.015331912215685861,0.1443604702651576,3.035186221070579
842,0.7982347287779703,0.06343559680362887,0.8007513703822632,0.07930318823361851
843,-0.2626182670585422,-0.9952128261064672,1.029279808137541,-1.8287966736582468
844,-0.13519552699210635,-0.04008646376564684,0.14101331531422084,-2.8533432223126893
845,0.5442920115988272,1.060527216602054,1.1920452051176573,1.0966225926002349
846,-0.19310961105202296,-1.839086654421294,1.8491974054576141,-1.6754159490649305
847,-0.3134610119250283,0.8136277141193204,0.8719219364026193,1.9385345809895738
848,0.21396115202401234,0.9934468713300362,1.016226382618991,1.3586641369517245
849,0.3700234199894794,-1.8785535036668648,1.9146489488884808,-1.3763134917468929
850,-0.7267975001287823,0.8599341199752075,1.1259313020300048,2.2724843699849164
851,0.1976012722049063,0.1022025748174542,0.22246714156547884,0.4773255002432673
852,0.2486570769674472,0.9110722219065224,0.9443955397266987,1.304357499721768
853,-0.30814761772921884,-0.9740563657571215,1.0216363139513807,-1.877189374053385
854,-0.06134932895361089,0.01805812516676042,0.06395182599110635,2.8553281190053195
855,0.3731235058776292,0.8653077369954758,0.9423261804400028,1.1636832280144278
856,-0.4226488814772438,-0.9847651269213884,1.0716316681651692,-1.976208469870594
857,-0.33345660922145726,0.9914290007084219,1.0460041939108904,1.8952498733916834
858,1.0665202031228773,-1.7969854403001477,2.0896463854729057,-1.0351661012171023
859,-0.7460177383813971,1.789792354820122,1.9390459353383696,1.965716418981191
860,-0.2035776572724899,0.12354547393914572,0.23813304405605598,2.5961359086243725
861,0.6996274726636784,-0.006904985175196998,0.6996615462679335,-0.009869196478533281
862,-0.23419456781743975,-1.000546265709147,1.0275893758791577,-1.8007236525692552
863,-0.03785187204653084,-0.8545567286794267,0.8553946263267675,-1.6150615523779288
864,0.1997324209010003,1.925959649291201,1.9362886176024638,1.467460320712262
865,-0.10903883362084343,-1.0702167498026824,1.0757571095724217,-1.6723307806018186
866,-0.46060584334554733,0.9188728777706388,1.0278546144404654,2.035461538200095
867,0.48885765298314254,0.05721875111328245,0.49219487030966746,0.11651568509919663
868,0.062069027158941026,-0.9819137699954581,0.9838735771628135,-1.5076680206297315
869,-0.22021535096337175,-2.639741304359461,2.6489108997362125,-1.6540266861028454
870,0.062035035517396864,1.7858789493395761,1.7869560619460885,1.5360738711035253
871,0.14575095727320786,1.8279925486050388,1.8337939086226678,1.491231851319228
872,-0.23799834248188745,-0.9331453030549142,0.9630178438832655,-1.8205218851910376
873,-0.3920274977973577,0.8446852423979294,0.931224311191512,2.0053225918111743
874,0.759559701260855,-0.8334657172717925,1.1276506735895044,-0.8317584157169776
875,-0.38318246376468323,-0.9177054020689752,0.9944908272695894,-1.9663348375186678
876,-0.23774487389709975,0.7914872334865208,0.8264228129937449,1.8625993198545776
877,0.38509734526860484,1.0761591631518854,1.1429866621132083,1.2271504940794917
878,-0.27984703462539073,-0.9371740268165922,0.9780641693305462,-1.8609749538603946
879,-0.2745106245876059,0.010961874140775762,0.27472940449860056,3.101681436564534
880,0.6290393748990937,0.9577419697972687,1.14584476081387,0.9896596824299949
881,-0.10058837803512688,-1.0129236414163643,1.0179058527859661,-1.6697768091466096
882,-0.30612428697315863,-0.10237884298021527,0.3227901896972588,-2.818850436253174
883,0,0,0,0
885,-0.6319017502366933,0.9572911264766617,1.147042336961959,2.1542345333408357
886,0.5602210524081102,-0.9473852315529143,1.1006300034642975,-1.0367732895489679
887,0.1341832399755276,-0.8442753752805743,0.854871950174694,-1.4131815789204474
888,-0.5892634668580286,0.9127143356134297,1.0864064118955703,2.1440838506291926
889,-0.28816574296877207,0.8741429907696556,0.9204159188825792,1.8892328758095003
890,0.7091493631569392,-0.03176221922046807,0.7098603086774901,-0.04475926696268587
891,-0.21218506225875444,-1.8831088605379591,1.8950254566317366,-1.6830011250980506
892,-0.6468309091434321,1.9215124697328179,2.027461564706476,1.8955072792388266
893,0.8219822538384278,0.08450271828132827,0.8263144286663734,0.10244369671296558
894,-0.439589702405101,-1.029581821247973,1.1194989205465535,-1.9743254863840833
895,0.03335442151001189,-0.9381717664533085,0.9387644969876038,-1.5352587203762387
896,0.5371712461083007,1.7973859679925681,1.8759395687447198,1.2803834458044692
897,-0.06246451892809546,-1.7288895005079326,1.730017549359395,-1.6069104685543234
898,-0.18017725752781644,0.8448412286729194,0.8638405789240358,1.7809160364730203
899,0.3366734934985516,1.0530975519616277,1.1056054880345396,1.2613670849315586
900,-0.16411691559096653,-1.8917585310049958,1.8988640555904133,-1.6573332907194178
901,-0.47233047726604127,1.7175545455883707,1.7813168434687976,1.8391641492391992
902,0.62131948847275,0.07324000805562036,0.6256212956222215,0.11733670050792892
903,-0.06378984146385847,-0.8340475936079201,0.8364834321593863,-1.6471299753336974
904,-0.2034315687463959,-0.17933184255161905,0.2711905472459877,-2.4190739480141428
905,0.255981302274904,0.0655933127619619,0.26425160319938334,0.2508453604904504
906,0.001376817745608605,0.09519991143889683,0.09520986695231973,1.5563349502573638
907,-0.3645474657203067,-0.165139739855249,0.4002074317682738,-2.716247324389284
908,0.3212129818517724,0.06360063512596525,0.32744895861574097,0.19547313755484594
909,0.074284619096602,0.9107748918785887,0.9137992713450708,1.4894144711185813
910,-0.34378423039629524,-1.0236339128793475,1.0798212744088054,-1.8948073423972511
911,-0.26964137954325906,1.1974098513708213,1.2273943236474105,1.7922889479006423
912,0.49512044617881656,-0.06747998115577047,0.4996977127034839,-0.1354554520096637
913,-0.6278085569953191,-0.07154157973201336,0.6318716498364972,-3.0281276505692865
914,0.49487947815100597,-1.8303145247749626,1.896037171971375,-1.3067308362801238
915,0.24513755702832896,1.884203774700893,1.9000832314566936,1.4414216050165372
916,-0.32745643335090335,-0.9433751618776114,0.9985912135556291,-1.9048956205324754
917,0.09273493962587054,-2.6553126458444467,2.6569315038609576,-1.5358862139717406
918,0.3803807588927839,2.721028855595023,2.747487498555109,1.4319034219363262
919,-0.3685974287781164,-1.020614768897019,1.0851352777384735,-1.9173716780604138
920,-0.12765146474714584,0.9050199751112018,0.9139781462389416,1.710920198674204
921,0.4440754949547454,0.07539919457178712,0.4504309977803219,0.16818520873328313
922,-0.3331366302290917,-0.13039775746477744,0.35774794136687565,-2.7685009505200346
923,-0.40633621138636045,0.9515835125366721,1.0347078321997238,1.9743687058623867
924,0.29203082806623115,0.07321277025221207,0.3010682883816425,0.2456394453556145
925,0.4420763403015826,-2.6700413718649543,2.706391032006448,-1.4067157441862366
926,-0.8002163596280525,2.5635013353430054,2.685495358127015,1.873369204365852
927,0.2669149557561923,-0.8566036288613645,0.8972253733509705,-1.2687345074740048
928,0,0,0,0
930,-0.12548873923753945,0.9359551463546723,0.9443301645416305,1.7040770803534324
931,0.430860519418502,0.11429345017143078,0.44576202165019696,0.2592960025321985
932,-0.6453929987272886,0.791894214634226,1.021581406436785,2.2546163260891308
933,0.2205357266300325,-0.9749761587272019,0.999607181250058,-1.3483437874611286
934,0.561161581399233,0.12967644504800546,0.5759499117447422,0.2270993428905069
935,-0.31827218778278166,-0.07643722867675251,0.32732221959992325,-2.905893481043919
936,-0.1001386755222029,-0.936793939637937,0.9421309036846779,-1.6772870410634586
937,0.4546370572243177,1.0767794185715616,1.1688236693620204,1.171283309059246
938,-0.39132544782034984,-1.8375831476460007,1.8787888201243856,-1.7806185456473969
939,-0.36927651677808626,2.696730311783881,2.721896309622713,1.7068848404413066
940,0.48289406156641235,-0.9420076399764525,1.0585674605192206,-1.097101994573036
941,-0.16460184760342145,0.026118829019765144,0.16666121763572864,2.984225846007336
942,-0.07330647402466184,-0.9367652128613031,0.9396291306473055,-1.6488920776193638
943,0,0,0,0
945,-0.700977949479352,0.9443541190981932,1.176084515633975,2.2093401934202594
946,0.5616028585891399,-0.945333460149925,1.0995695165174977,-1.0347417980696205
947,0.12827312077445185,0.8550249485900281,0.8645933473168743,1.421884213748575
948,-0.8136761488843831,0.04868208856896672,0.8151311679789687,3.0818340807107267
949,0.5225096516066969,-0.8516695085614288,0.999178306327463,-1.0205005681548165
950,0.5172837245494293,-0.06050826218165639,0.520810619588324,-0.11644389906849746
951,-0.6909782793342174,0.8778631917566031,1.1171816172640716,2.237630323635654
952,0.35240903681528835,-0.9139557426009901,0.9795443985151497,-1.2027767577656352
953,0.24772757870289297,0.8765208930644803,0.9108555479484945,1.2953542147438406
954,-0.12764907435109762,-2.7543133217438935,2.757269693105586,-1.6171083420608339
955,-0.3365348787175435,1.8043609650106873,1.8354765639058785,1.7551896108365863
956,0.44049893976341536,0.19721167573243292,0.48263004566426165,0.42094016697152176
957,-0.10388273114836011,-0.19112359096391174,0.21753125948650026,-2.068663954863072
958,-0.47002692586113426,1.0001688842020258,1.1051077359065014,2.01011426058941
959,0.544354480762081,-1.8399909665353675,1.9188247855543015,-1.2831546285971311
960,-0.00023804342299627024,0.00809316674741467,0.00809666676310013,1.600200739283708
961,-0.4666045252921549,0.8149312220575666,0.9390594654798791,2.0908018838698004
962,0.40843985302103647,-1.5762380624157117,1.628296515670252,-1.3172497234610534
963,0.10585999814327351,2.558276275732851,2.5604655518449064,1.5294404961862857
964,-0.32784278162012015,-1.8598369193756525,1.888511121527521,-1.7452788531919967
965,-0.08066182573134029,0.13920205206227365,0.16088362697509356,2.095974904380127
966,0.15548910249856362,1.726078422846797,1.733067679813196,1.4809565212667317
967,-0.36905605005290454,-0.8456278132977673,0.922653112877974,-1.9823070293732894
968,0.040066846559625446,-0.03492209202329377,0.05314983259160811,-0.7168986565873195
969,0.5656376090951198,0.04355898588397622,0.5673123390814658,0.07685695553001555
970,-0.6205680776771487,0.7995446501745391,1.0121148090284213,2.2308256333051135
971,0.4577214848143285,-2.5677590712690517,2.6082361100454725,-1.3943920271512888
972,0.2796229846518372,2.6809436308995487,2.6954865545215503,1.4668718779560448
973,-0.35839208845379744,-0.9367116436396259,1.0029324964305046,-1.9362190923616627
974,-0.33687126299753345,-0.08837600536634227,0.3482708230071321,-2.8850306868505324
975,0.5949994586819685,0.02557839634823722,0.5955489989846201,0.04296248797155872
976,-0.11841986091417311,-0.09641781997879662,0.15270775837656625,-2.4582510753755757
977,-0.22940790508607733,-0.855173453197267,0.8854092962970972,-1.8328846699151633
978,0.1383241353731819,1.170792115257882,1.1789350039661914,1.45319570840043
979,0.06191710676137063,-1.112916572665938,1.1146376208545077,-1.5152186279522246
980,-0.6512846063120605,1.7921806923175723,1.9068516650056837,1.9193615830854533
981,0.5204016608576012,-0.990383983912352,1.1187843063850385,-1.0869931435904463
982,0.18282653456833486,1.07129963133508,1.0867881310729084,1.40176610265233
983,-0.5500429412098811,-0.08770404469498772,0.5569912356856946,-2.98347424475381
984,0.21958380949740786,-0.9911689407986728,1.0152009252346832,-1.352777359339887
985,0.46196515389976867,0.14777038185803804,0.4850235965106309,0.3095881341404965
986,-0.8161690684115683,-0.01884828603454025,0.8163866768377882,-3.11850315271671
987,-0.2225332381796079,-0.1365878578449724,0.2611078034172485,-2.5910977751413733
988,1.0340404523059306,0.1729109312888113,1.0483977523651113,0.16568577206346058
989,-0.648283039889975,0.8273644602367085,1.0510960231452533,2.2354271971621436
990,-0.2626852198480947,-0.0069825230365268,0.26277800584256944,-3.1150175794505177
991,0.857956676822937,-1.5881675749098463,1.805094431130981,-1.0754943124549723
992,-0.6665807817888663,2.5985390874481595,2.682673168249567,1.8219032606093069
993,-0.0662675132464301,-0.9801935585721253,0.98243106403358,-1.638300165036993
994,0.14546658989638672,0.09558119940078313,0.17405830762987393,0.5813267400851896
995,0.3553338406655939,-0.9629838191299882,1.0264501810747269,-1.2173028489449322
996,-0.3083586348158178,-0.08610327802131224,0.32015437237603095,-2.869297222174266
997,-0.06626309164005306,0.05012373078267274,0.08308541208462485,2.493985762662457
998,0.4764899202035622,0.0061252342320017306,0.47652928823944696,0.012854200288718231
999,-0.42047874593947654,-0.06311704494044079,0.42518953085518046,-2.9925974997043716
1000,0.15828931356304565,-0.785605819503246,0.8013937923553107,-1.3719714254824018
1001,0.2964909908569098,1.775541951883838,1.8001266984739661,1.405336775121344
1002,-0.5469778121805575,0.02738353974751817,0.5476628390414428,3.091571069523374
1003,0.08689367769727596,-1.9374167451132394,1.9393643689283706,-1.525976086362323
1004,0.4847095150852283,1.0485466953656442,1.1551595068978007,1.1377873477779763
1005,-0.4980031619766123,-0.04789329842606094,0.5003008268760224,-3.045716835435049
1006,-0.270895493115745,0.876546827316929,0.917452292312683,1.8705336970661537
1007,0.6999336919467396,-0.8192387117354087,1.0775245890132092,-0.8637702133304205
1008,-0.22000156737169618,-1.053652280010283,1.0763753141060375,-1.7766379933334824
1009,-0.4717132758906928,0.9971064911877079,1.1030570109564561,2.01267870155912
1010,0.4351946549478498,0.9048984391280328,1.004109343065549,1.1225191150073885
1011,-0.23733176445728077,0.0780108384091136,0.24982405274452466,2.8240183073474583
1012,0.1145293254559192,-1.8901356413437043,1.8936023101663042,-1.510277142432457
1013,0.14532631924919315,0.9279535287659542,0.9392643347938348,1.41544869170517
1014,0.18779084038885685,0.04072632870338566,0.1921562738596097,0.21356350678082936
1015,-0.6510587029388262,-0.11330326944755598,0.6608442067082771,-2.9692890289293477
1016,0.35241886549522405,-0.8278366705928306,0.8997291869974895,-1.1683239285529965
1017,0.2737142575441567,1.7311789089831109,1.7526836308047447,1.4139858046851004
1018,-0.5399736381351659,0.07337072997671612,0.5449355869258707,3.006541392278037
1019,0.04292101677708615,-0.9860598026832577,0.9869934894156719,-1.5272959829160673
1020,0.5499266004474066,1.0823863012562924,1.21407552113817,1.100714613201959
1021,-0.6298565132105978,-1.0035091118426749,1.1847994618436852,-2.1313018641190573
1022,-0.08219202026111816,-0.07558650180328641,0.11166399352281056,-2.398035820481612
1023,0.6915589175144987,0.020425253127143606,0.6918604825823867,0.029526503943693883
1024,-0.041367680090729664,-0.9072222610834046,0.9081649167201815,-1.6163629394162546
1025,-0.3869892840417606,0.9283635451623127,1.0057930094952399,1.965744512203669
1026,0.06191257581667742,-0.013880439581271276,0.06344945742262223,-0.22054732540915997
1027,0.19855475225665487,-0.027746333678635438,0.20048403596373396,-0.13884237583710612
1028,-0.3941852696532351,0.9571104532167283,1.0351050412727805,1.9614756983411181
1029,0.34805559108849593,-1.8352765305936032,1.8679889288311253,-1.3833746281439196
1030,0.5221705702592772,-0.8382312132644074,0.9875695779719114,-1.0136773092379323
1031,-1.0540746210222096,1.6564694133734292,1.9634062809629667,2.1375073775966875
1032,0.565243166998016,-0.7659489449553689,0.9519336237974735,-0.93504250937206
