512,0,0,0,0
514,0.1027860445759643,0.26106849471831595,0.2805739294625562,1.1957215512124026
515,-0.21153035733186698,-0.6499774260169424,0.6835318181361839,-1.885428509637549
516,0.397625668725027,0.3635761706847571,0.5387892021178752,0.7406967270475119
517,0.40807903566803816,0.004202132768773126,0.4081006705110424,0.0102969863334643
518,-0.12758911657169847,0.4476909258142072,0.46551707565236367,1.848429705042015
519,-0.34469380840425856,-1.0104668652243145,1.0676409074536648,-1.8995414056507431
520,0.2310004505083043,0.6797868896726111,0.7179633859089211,1.2432254152232851
521,-0.39972273905573275,-0.2041938004262942,0.44885785751254337,-2.669311816785482
522,0.14982576038676143,0.28824489999537306,0.32485824731536966,1.0914452360525004
523,-0.2950616970763349,-0.6488143393937715,0.7127562360895504,-1.997610410862109
524,-0.0702676684538801,0.11857161149261763,0.13782877885949898,2.1057701869204126
525,0.23610231018847117,-0.23063979061758388,0.3300591066649366,-0.7736951904328886
526,0.21506576763499652,0.8214294078665034,0.8491169274701481,1.314725269332311
527,-0.23541552269102795,-0.6639841008109428,0.7044823308313746,-1.9115187798211626
528,-0.25750408459794016,0.4421901151039833,0.5117034800353591,2.0981277831311
529,0.09595296945008158,0.2017125995998228,0.22337176451737745,1.1267839381341878
530,-0.2542947088739993,0.007379362948325863,0.25440175698849876,3.112581854888947
531,0.24137094718514618,-0.07034526600684288,0.25141278924236954,-0.2835856478734479
532,-0.2799718223684522,0.06011312657765977,0.2863525961245225,2.9300924112662203
533,-0.07556530795295657,-0.07007669107421854,0.10305754896142554,-2.3938623387366387
534,0.5650752002856052,0.02007632938058812,0.5654317297244776,0.03551365984163598
535,-0.2744322295634447,-0.5482210671590213,0.6130737207711152,-2.0349132653984583
536,0.020740499533530965,0.7721294154934526,0.7724079249924622,1.5439413554205288
537,0.3125851649803053,0.04974818791139235,0.31651914249572943,0.1578271771179825
538,0.5277910538779906,-0.020378212779393223,0.5281843126312274,-0.03859121015173502
539,-0.06297703620521133,0.05003026913959019,0.08043093260290055,2.470262917119159
540,0.1379664006622079,0.6874357952754089,0.701143851386874,1.37273052631866
541,0.0785587224787605,-0.6153895969804246,0.6203836143461756,-1.4438261779792432
542,0.01773458605941869,1.1884486483721801,1.188580962896664,1.55587496702039
543,0.3395601407215736,0.14022810173935696,0.367375842543135,0.3916370436059415
544,-0.2361801192494113,-0.2570335337919367,0.349066306340553,-2.3139389656846374
545,-0.46855468814555934,-0.8917026679632656,1.0073118404128825,-2.0546043986416227
546,0.16048381777170562,0.2108185184693241,0.2649518890217293,0.9201393553897448
547,0.11805743226113918,-0.3204634971223008,0.34151780378180635,-1.2178281027096978
548,-0.44203954199667805,0.47578294101568375,0.6494369589499558,2.3194464163419886
549,0.3830067813704545,0.5524050726594734,0.6721945840868351,0.9645514116187869
550,-0.15280497779644975,-0.3908229388414295,0.41963309064470267,-1.9435050142379768
551,0,0,0,0
553,-0.22692485488164493,-0.47249499039953236,0.5241625756534988,-2.01853517939705
554,0.2214789645735209,0.6262487675913047,0.6642593248560285,1.2308649043685187
555,-0.2290638353746317,-0.6060674464067208,0.6479104801363378,-1.9321517165385196
556,0.4800441450732933,0.6319044080864895,0.7935650963709818,0.9211297474853393
557,-0.1804856444600773,0.6416632150583315,0.6665633873947503,1.844989578874965
558,-0.5635976516845176,-1.32466846813249,1.4395794050516215,-1.973059221830987
559,0.3218938047377833,0.7540712021505342,0.8199018230503686,1.1673389910523333
560,0.5716126706590785,0.3768831670835109,0.6846765417983164,0.5829083358900105
561,-0.17348481951466965,-0.02619954910541189,0.17545198481454805,-2.9917060238116173
562,0.7712587232857686,-0.6841722352870274,1.0309857738019674,-0.7256338863483217
563,0.12072715864360362,0.030038028006760698,0.12440791759648089,0.24385759846730748
564,0.12719762405288293,-0.7750337270032368,0.785402134932944,-1.4081276507262948
565,0.13806086673287155,1.3760183294513357,1.38292705733494,1.4707973924596967
566,-0.4779414963885529,-0.5893662869599723,0.7588021442873719,-2.2521733118979217
567,0.16106549863820874,0.20533048621711458,0.2609649467298846,0.9056273668005381
568,-0.31954547354780516,-0.07680407868923034,0.3286459739114303,-2.9057128437320032
569,0.21583817173871012,-0.20515459068866448,0.29778267656151924,-0.7600264955496918
570,-0.1844424732346397,0.1790779665897393,0.2570757554706911,2.3709505168008436
571,0.37127229868588074,-0.00022401786938530677,0.3712723662697019,-0.0006033788219386536
572,-0.11246311216848426,0.09264121895847488,0.14570637271146777,2.452538264927249
573,-0.1348966864252361,0.4992787887286383,0.5171812302112719,1.8346788039957311
574,-0.1564703710574804,-0.37837315142819605,0.4094498977171324,-1.9629156964128418
575,0.4082726087150377,-0.21023839821498846,0.4592240271490444,-0.47553289122515496
576,-0.12775022946289027,0.02176572292707668,0.12959115642033367,2.972835940575092
577,-0.26106094504564226,0.0007552250586879694,0.2610620374413199,3.138699754570514
578,0.17188177874413668,0.03163370667388676,0.1747685248040329,0.18200666280231448
579,-0.10439446651491835,-0.13633621850432398,0.17171420766783738,-2.2242783835146587
580,0.33719057192172386,-0.13869977324746152,0.36460267263391866,-0.3902433546182598
581,-0.06970232338517235,-0.4693703538988352,0.47451758977345504,-1.7182206813929692
582,0.2930399972531177,0.6021125792017905,0.6696357203906761,1.1178562213481391
583,-0.051541101327984506,-0.07163409451133873,0.08824924148433785,-2.194493414009875
584,0.7681569032655489,0.36651843894113334,0.8511173797534409,0.4451929930457733
585,-0.6515268438940893,0.16421095024708876,0.6719021241934311,2.8946947342834903
586,0.279854887487204,0.893609432277426,0.9364062021930756,1.2672979003105087
587,-0.22627640815062477,-0.16726883504586176,0.2813891896700153,-2.5050242648581116
588,-0.05794065169004625,0.6733862810139986,0.6758743985210056,1.6566286297420842
589,0.36861518274770333,0.23063195182741403,0.43481979043719404,0.55908192419999
590,-0.4480603775381269,-0.0490608191289752,0.45073835635900217,-3.0325311284959735
591,-0.1695222182110001,-0.07188106780531811,0.18413220895870086,-2.7405510835228077
592,0.2841415661398514,-0.5123651208303919,0.585879208243431,-1.0644523835130681
593,-0.29904255799249313,-0.005478661661244999,0.2990927401731644,-3.123274027452732
594,0.011220076377071564,-0.22511621059824805,0.22539564855609365,-1.5209962729447042
595,0.29596271955369957,0.8145854746510182,0.8666853101778329,1.2222966071695145
596,-0.813918526262114,-1.4140970320576827,1.6316046651891625,-2.0930624288816038
597,0.12478144646729561,-0.12549918774741897,0.17697586137022325,-0.7882659015060114
598,0.6648340429455857,1.2172634113733256,1.3869875692765234,1.0708975562392513
599,-0.3753895474580986,-0.34830724680526615,0.5120891040803941,-2.393599200694358
600,0.07567844568188775,0.5720392715762745,0.5770235310334764,1.4392642528040824
601,0.07273345044586677,-0.06637353175768013,0.0984662405687814,-0.739710356849209
602,0.08932998393515845,0.20298039084278052,0.22176763762222748,1.156212633919858
603,-0.6312801905174865,-0.7761035906994369,1.0004256406332022,-2.2536528451177964
604,0.6030709988955323,0.7032003314213942,0.9263829315245471,0.8619013449354613
605,-0.019012973838471225,0.2737010236359847,0.2743606085311232,1.640151125374871
606,0.6630043777780656,0.5045400422170996,0.8331479215321327,0.650498011169386
607,0.0686479450873776,0.21734528480470416,0.22792874586492504,1.2648647744329096
608,-0.23433711382233469,-0.6907772826887815,0.7294430321783042,-1.8978506088903873
609,-0.10252936654785572,0.15700770260437302,0.18751983810202,2.149292519196241
610,0.09447686829582835,0.07275413761206728,0.11924362952654083,0.6562248916605207
611,-0.09491197924853623,0.46553384358274386,0.47511055905525523,1.7719176692544805
612,0.04179734143326641,-0.7807081129220546,0.7818261797440685,-1.517309658904526
613,0.2606627483302191,0.09465045867051813,0.277315303749365,0.34831012940549977
614,-0.005540292124578627,0.19287795351959858,0.19295750773352693,1.5995127717538493
615,0.11837000515265572,0.6337438201902845,0.6447035657953316,1.3861450294133892
616,0.0481618349629116,-0.04879465390506432,0.06856005102616058,-0.7919249050712986
617,-0.43295841747044506,-0.5368829290339878,0.6897073805220778,-2.249445627901203
618,-0.4398855076574364,0.5524162456917807,0.7061607241635875,2.2432731646469932
619,0.04868308120569509,0.12894466744423028,0.13782876934074192,1.2097917670619271
620,0.10078024547135556,0.5306890161546516,0.5401735737190951,1.383126530452478
621,-0.11597298332776518,-0.11131745651680625,0.16075232187223035,-2.3766743481007957
622,-0.6853810186797773,-1.0457012240907737,1.2502952414655795,-2.150977341283219
623,0.2155300469763688,0.39822145877400317,0.45280628460494105,1.0747099895481196
624,-0.08808779366268027,-0.41029138156098455,0.4196408907334703,-1.7822816094424028
625,0.04734583636673051,-0.3622203956699046,0.36530157850812456,-1.4408231628813164
626,0.7545943065183565,0.7638694498996301,1.0737360494646173,0.7915063289633942
627,-0.056372941276435995,-0.7781432282699114,0.7801825377502857,-1.643115441194689
628,0.34877390385884155,0.8622163814944788,0.9300861919899516,1.186409315688349
629,0.19406889853030407,-0.4604680112109225,0.49969343274182393,-1.1719278148436636
630,-0.048981782306100285,0.8009388272474158,0.802435181176865,1.6318757170144935
631,-0.14972258061004595,0.5355613537786201,0.5560960481838727,1.8433987873423459
632,0.1477767556981462,-0.06446173556940593,0.16122433090972837,-0.4113273849342778
633,-0.7000960858034659,-0.609838811095262,0.9284599640670654,-2.4249878693562565
634,0.023612077591337766,0.08191283862632304,0.08524812807329786,1.2901459906546564
635,0.46200855625329496,-0.11988587273222961,0.4773096778109808,-0.25388881687524356
636,0.31824929026686277,0.6100547315699796,0.6880765845938094,1.0899607603114188
637,-0.1088747370870351,0.2129837521476965,0.23919821708090225,2.0433542191186795
638,0.15608109011111537,-0.0711345327473989,0.17152675721141844,-0.4276283829993084
639,-0.19629983082927538,-0.5450215283876663,0.5792944760565475,-1.9165014642780853
640,0.1916036632669602,0.369220912106627,0.4159760157919784,1.0921114315569187
641,0.16362960773221857,-0.5687268799528393,0.591798033544799,-1.2906506037442746
642,-0.37444029101209253,-0.048805173145755276,0.3776075693878602,-3.0119816717021197
643,-0.443190716974982,0.7056571851552125,0.833288710216319,2.1315886607766146
644,-0.23261254325757363,-0.28982597408018407,0.37162843073732144,-2.2471168825520214
645,0.23364993614279683,-0.2612314755046139,0.3504770697975129,-0.8410741971828882
646,-0.2469556380370932,0.7393760157685936,0.77952804943257,1.893151687498832
647,0.12347001037153404,-0.9216431654281685,0.9298768562780779,-1.4376219917346957
648,-0.0588879922020169,0.6710017678596927,0.6735808549063859,1.6583333555055857
649,-0.16333594182776778,-0.7537703615943059,0.7712641492451043,-1.7841890833892045
650,-0.14238348793367095,0.1912134178714009,0.23840224162163576,2.2108525770388536
651,-0.07631387556489244,-0.026823865023040128,0.08089083593651486,-2.8035875478113756
652,0.8317391667419543,1.2962119136569683,1.5401153744440252,1.0002999191590138
653,-0.3405581738161345,-0.6673495811401775,0.7492231531399379,-2.0426614533765513
654,0.3972156467145851,-0.2819400733883892,0.4871041726131448,-0.6172668948689581
655,-0.44696280180994563,0.157780871893495,0.47399425074284207,2.8022417584747377
656,0.5914486054736017,0.20932390535400813,0.6273977608099361,0.34016036523508675
657,0.07204760333149807,-0.060703783347969775,0.09421149854752414,-0.7001536335091655
658,0.3450887937690368,0.6296355295017211,0.7180022114143392,1.0694306552844262
659,-0.33760185151038513,0.060500501327309664,0.34298005890152844,2.964268260796067
660,0.18217053726607446,-0.7852253344232825,0.8060799777118682,-1.3428313581074962
661,-0.002184159084208659,0.29390581744185873,0.29391393311150177,1.5782276831943733
662,-0.7877190630221094,-0.8650207791936069,1.1699411398378743,-2.309456691851681
663,-0.17192183756708346,-0.6413848488340967,0.6640268387244447,-1.83268777245553
664,0.5176395596926113,0.5586670650706598,0.7616164410997345,0.8234985059736641
665,-0.0383348026883823,0.14919820343845203,0.1540443475315434,1.8222948585772063
666,-0.6108635895024008,-0.11280447644880631,0.6211917376194301,-2.9589858470945023
667,-0.14819994768276956,-0.19399964427424798,0.24412924132866673,-2.223146026439192
668,0.2732679273796066,-0.12768855858204908,0.30162846040635377,-0.43711844081903795
669,-0.17862548261553002,-0.47305502710098857,0.5056561298997057,-1.9318443214785412
670,-0.7040305219335323,0.2302765005850862,0.7407335840474057,2.8254777977871437
671,0.13095592177569415,0.40033228383301456,0.42120706419417875,1.2546499053008797
672,-0.011876609278033357,-0.09905751628851434,0.09976695535693345,-1.690122820498127
673,0.4161676155723626,0.1598503728801326,0.44581119990541196,0.3667256075164237
674,0.5575247741887779,0.7056778373800672,0.8993414724139304,0.9021484844665393
675,-0.04861005187160572,0.19888080788409468,0.2047352262987256,1.810514494306228
676,0.3447053561086477,0.2613333996332603,0.43257014262876137,0.6486875881143974
677,0.08364851062538037,-0.21968270214827257,0.23506927266874122,-1.2069769330082205
678,0.04501336762655228,0.06370418710872094,0.07800273533835896,0.9556546679761131
679,-0.39346328393594376,-0.6996607670868968,0.8027070105625601,-2.0830816619913883
680,0.22632707790739914,0.579408194891089,0.6220432480953813,1.1984042414725231
681,-0.5077609213350343,-1.4398935472956076,1.5267988016692084,-1.9098191615297957
682,0.6680780060894449,0.8574378308340851,1.0869810743365818,0.9088948654583061
683,0.37098555288821444,0.1280752848736757,0.39247109326324575,0.3324189336321464
684,-0.07974683675161032,0.4779517834269118,0.48455904207109124,1.7361245613601737
685,-0.10825743075872651,-0.24379490491688394,0.2667501208582912,-1.988692265651753
686,-0.08605088428987528,0.17577640418794793,0.19570922041721575,2.0260469562818377
687,-0.1660605286090231,0.22295244033218786,0.277999801820048,2.2109771346309532
688,-0.5804815761088093,-0.8578817319178533,1.035818481279487,-2.1656753835905405
689,0.2664122934080524,-0.007829482051391778,0.2665273173018692,-0.029380134972973093
690,0.4475260208525924,-0.09370271238356942,0.45723050822117384,-0.2063976954436371
691,-0.46101925879384,0.07810657546793998,0.4675889157263574,2.97376479872781
692,-0.26729499877797025,-0.0916448940360386,0.2825692888029268,-2.8112923044291183
693,0.1380436337132096,0.1951780005536854,0.2390617006316177,0.9552075091116701
694,0.6443980699426675,0.598327395356371,0.879343246167146,0.748342846316348
695,-0.3071790176071545,-0.7452795699292736,0.8061020941618124,-1.9617465761351123
696,0.06887332475662333,0.29240890859883173,0.30041056021882995,1.3394748582650342
697,0.03671926484503274,1.2338071077310797,1.2343533867975134,1.5410441641979462
698,0.27230089453917117,-0.6549537826794136,0.7093040494829459,-1.1767815021183172
699,-0.003972862528257792,0.15966095749564957,0.1597103784514208,1.5956743115977674
700,1.004309858770398,-1.2655490187782998,1.6156276215001197,-0.8999844935980617
701,-0.6164741772055322,2.244775279992549,2.3278866958739344,1.8388150155266083
702,0.27228079909252756,0.49177346714007086,0.5621191835700252,1.0651389165458034
703,-0.46680990591744376,-0.5146724814205719,0.6948375719506406,-2.307467493393903
704,-0.126805223324709,0.07997679925502865,0.14991948866477792,2.5789007556387853
705,-0.19685791438951128,0.7789119191420433,0.803403271240122,1.8183469764122597
706,-0.6844552555204473,-0.8470460172699354,1.0890206390066355,-2.2504263679728806
707,0.058808935229535564,-0.6013036896112816,0.6041726723404264,-1.4733040003864777
708,0.8859241235098807,1.1637397708801736,1.4625839486829428,0.9201192016319237
709,-0.1791251283918882,-0.5079062073225131,0.5385671054364072,-1.9098510151965387
710,-0.6538443738763817,-0.7716268375471245,1.0113952944683764,-2.2737547237194566
711,-0.10644766633106428,0.021621132898786755,0.10862126428631089,2.941203566832056
712,0.749943100290352,0.5308464623073128,0.9188104375861729,0.6159743380758698
713,0.08552705507690916,-0.04198445243986626,0.09527628979344255,-0.4563338044229519
714,-0.5152710794199038,-0.7661508130803476,0.9233045833690151,-2.1628576746590324
715,0.17821276603444858,0.14199106441866505,0.22786235396044385,0.6727562386620294
716,-1.4173298445838327,-0.8837384066349419,1.670274665948597,-2.584055825526788
717,0.49164880946614176,1.5880325389740282,1.6623976349507277,1.2705591131397285
718,0.34624985253356044,0.01586212204369275,0.3466129935464644,0.04577919512742292
719,-0.11006275857369019,0.4819986465205375,0.4944052043339354,1.7952938318362788
720,0.4139539378711561,0.11204280077271633,0.4288489849399571,0.26433145199502706
721,-0.4455869888520283,-1.3164475959876434,1.3898136701068466,-1.8971688494483825
722,0.8970796467442597,1.2199066477379716,1.51424044385233,0.9367260075359118
723,0.13966818912535928,0.2649026983075622,0.29946726469546625,1.0855923121238833
724,0.11288575917478738,-0.6197670681648155,0.6299638191246217,-1.3906291611100012
725,-0.3417116823247852,-0.11152394319065095,0.3594502242898542,-2.8261234543862144
726,0.2629684656818654,0.27740548927096853,0.3822384326840249,0.8121085367552533
727,0.0036390357455502453,-0.3398799681831015,0.33989944888643686,-1.5600899097042447
728,0.187777334214843,0.24141895340671837,0.30584871801076446,0.9097349961324239
729,0.16202629867393625,-0.04236544287796207,0.16747343733327225,-0.2557469493293761
730,0.01495008668302944,-0.039213126910834006,0.04196634858973638,-1.2065556681981804
731,0.375855391863297,0.49301641485435965,0.619945530598099,0.9194324065704131
732,-0.4320286291697357,-0.14442670029328752,0.45553024946746196,-2.8189733310852767
733,-0.023421659549626384,-0.45331882976610416,0.4539234908622473,-1.6224175038980118
734,-0.1410232971102232,-0.10372207024204805,0.17505952754173262,-2.5074389132270785
735,0.23541814192981292,0.6828308697649366,0.7222739772784461,1.2387902338195322
736,-0.013711761869217298,-0.1467256883230803,0.1473649891508829,-1.6639773774962587
737,0.4231758445869218,0.4901178282697245,0.6475285947583209,0.8585646472365406
738,-0.08262303918991165,-0.15209822540951734,0.17309083389279173,-2.0684204897163054
739,-0.540061590530172,-0.6218934819271951,0.8236613530022576,-2.2858845411626416
740,0.626423534306582,0.7878795724631438,1.0065588234364924,0.899065513786794
741,-1.2330826878239805,-1.5845559277368633,2.007812342610047,-2.2320951547096524
742,0.4652500095223786,1.2435580727857083,1.327740280232199,1.2127902877293195
743,0.06696452595201663,-0.3947365805591403,0.4003763426671223,-1.4027526006206796
744,-0.050297673981958724,1.377752177885263,1.37866998214786,1.6072871759088212
745,0.1953225224367543,-0.9233534623530595,0.9437862598122729,-1.3623334392033533
746,-0.0720953701614917,-0.5667259058429792,0.5712932651031937,-1.697330490202979
747,0.18281261417644146,0.7396914416882581,0.7619474265386543,1.32850451837819
748,-0.24375131450904064,0.11855395314378114,0.27105302641900736,2.68890630191748
749,0.5985371626128426,0.75327988618087,0.962121261563893,0.8993722415222507
750,-0.08060612035524173,-0.5423515562336192,0.5483088155298548,-1.7183396736962226
751,0.24900132674622455,0.5675491414304474,0.6197690607474836,1.1573532313653416
752,0.025566809595602535,-0.5746635018345216,0.5752319550351953,-1.5263355930989588
753,-0.016949608740674194,0.920627811932583,0.9207838276926009,1.5892051710841977
754,0.00847198460655818,-0.5834622495227038,0.5835237537078226,-1.5562771538938542
755,0.07049025215133042,0.548949873017893,0.5534571697382906,1.4430859336420367
756,0.24131323588073883,-0.039765062875840584,0.24456765533641742,-0.1633183640399597
757,0.14600795922387988,0.5595071318976501,0.5782443729091159,1.3155309754850346
758,-0.12266589475109413,-0.03739608872398392,0.12823957730333713,-2.845681905372114
759,-0.11864997252018838,-0.5628150799919531,0.5751857354328166,-1.778569159062432
760,0.06463953728359684,-0.19162840715882723,0.20223678253588484,-1.2454646836748349
761,-0.06929955462214821,0.2153221736676798,0.2261991749405876,1.882168584882049
762,0.10681596155632178,0.05700446851702168,0.12107501424368997,0.4902193589011994
763,-0.10910221989570346,-0.1848167012321298,0.21461711823733157,-2.104072689437035
764,0.15495080778498505,0.07336185100492543,0.17144011787235874,0.44218497768683396
765,0.026286361631036925,0.05267368802268635,0.05886841443175569,1.1079157304353422
766,-0.6340229491677292,-0.6966465192923437,0.9419668109405356,-2.3091674861352174
767,0.18003738943548342,0.49379198133490476,0.5255891764728369,1.2211730027699654
768,-0.06290557118336437,0.5773482854877123,0.5807651449953813,1.6793242377497948
769,0.07386623076024534,-1.1394098456169814,1.1418016536752955,-1.5060584178204357
770,-0.10576233030326421,0.0666897408265612,0.12503276387687615,2.579003460148834
771,-0.08724961714710844,-0.09279796383401617,0.12737330090743654,-2.325388236801274
772,0.34481895068245194,1.3878398276343589,1.43003478835933,1.3272701331326113
773,-0.6779298381198942,-1.369972665101571,1.5285332736119182,-2.0303147888963786
774,0.5862938142939811,1.6166385551811864,1.7196687630987832,1.222885919775099
775,-0.29869664342379565,-0.08153310047923767,0.30962450042979417,-2.875121307711123
776,0.21047832680824285,0.09040323760643787,0.2290717604283067,0.4056872213048919
777,-0.013448640440174131,-0.13166334388310474,0.13234841159670102,-1.672587447007005
778,0.10105607730804422,-0.06401243088821218,0.11962408649225938,-0.5646417721265251
779,0.15438305581619716,0.15932768726292323,0.2218545466103837,0.8011586119863268
780,0.522675245871369,0.0002887381545697565,0.5226753256242521,0.0005524235698532275
781,0.19730344763411267,-0.5792876868804591,0.6119663999106649,-1.2425230897477144
782,-0.4358170973561073,-0.9602573969078421,1.0545287149547553,-1.9968509930144842
783,0.5048010417316391,-0.008867930767276988,0.5048789279910989,-0.01756537322916857
784,-0.4579828793839624,-0.14048044961089445,0.4790439171221195,-2.843966333054251
785,0.4524550301987347,0.15751182957373544,0.4790882286257964,0.3350052830661966
786,-0.20609186291483184,-0.08519937701202451,0.2230084971541285,-2.749584042849985
787,-0.38746543103195563,-0.18768388839896488,0.43052839884185834,-2.6905118761067843
788,-0.11159741236986065,0.18256375019743132,0.21397080486318415,2.1194680608478453
789,0.5405956005967028,0.7284439151910149,0.9071241044991166,0.9323550418993244
790,-0.10529544382166023,-0.6580022752617722,0.6663738625871137,-1.729473934376442
791,-0.38992337034176217,-0.9401778568485071,1.0178283928280498,-1.9639392277387362
792,-0.007096570444673489,0.5459355501814542,0.5459816720953217,1.5837945108772897
793,0.01891295280529448,0.32788741439406266,0.32843242273234696,1.5131789298068081
794,0.665737475170431,0.7800517742823843,1.0255179941899586,0.8643010691918729
795,0.12268909107888248,0.002093958944108465,0.12270695878319997,0.017065540589859676
796,-0.1257316815105014,-0.8668757393529276,0.8759463472234719,-1.7148319520247746
797,-0.4653198853552567,-0.1327702737156855,0.4838910427870796,-2.863647219015069
798,0.0037393865079593525,0.8621036275645295,0.8621117373469502,1.5664588400500437
799,0.3621651023574941,0.14299199039301413,0.38937163569290717,0.3760375923189654
800,-0.31918432803547603,-0.7468559358503377,0.8122022064599075,-1.9746732454136149
801,-0.17397202438576187,0.08293496377051923,0.19272901567874376,2.6967464758632747
802,0.9080492662146753,0.5722975028166424,1.0733489188531262,0.5623652601300042
803,-0.14649947168493327,-1.0548355048710647,1.06496011077437,-1.708797272666665
804,0.1087267926811819,0.7777690939246149,0.7853319545969418,1.4319032634003739
805,0.2442655100931006,-0.10989665781124103,0.26784867895721204,-0.4227762269369959
806,-0.28881334433219763,-0.4312592169168532,0.5190353167560816,-2.1608944654120514
807,0.006806208466400676,0.13605363175675933,0.13622376880666595,1.5208120730435901
808,0.077599029305361,-0.08914724906483684,0.11818985305415321,-0.8545439904024315
809,-0.08743715230809812,0.41632600266435915,0.4254087400350791,1.7778085163964343
810,0.18206156833502973,0.13245998425033534,0.22514897755088692,0.6289815293651215
811,-0.1539304311872911,-0.6410022180887651,0.6592256224087639,-1.8064739123381237
812,0.06654637744043157,-0.7520476648540395,0.7549861658089226,-1.4825392822116252
813,0.4126267280494176,0.568652888297553,0.7025858837678973,0.9430809196593957
814,-0.2418286906575986,0.2746200492149313,0.36591978226925614,2.2927856822603934
815,-0.173448310636104,-0.1079972899718662,0.20432261525290288,-2.5846862600698186
816,0.39196069497188546,0.8337025443946189,0.9212454173198936,1.131317062207635
817,-0.5157185405992095,-0.7009812292822559,0.8702530074201646,-2.20508859828506
818,-0.4030937398676997,-0.010602504373938615,0.40323315367108414,-3.1152958911597706
819,0.03579473725835669,0.044438101429427945,0.05706144121950404,0.8927128062440576
820,-0.030887214711128763,0.08800981207002323,0.0932724345839229,1.9083189520979498
821,-0.4717261003576141,-0.9336314296247572,1.0460368827827105,-2.03864263598181
822,0.5540363026353816,1.5938787568737602,1.6874257661453815,1.2362589247360514
823,-0.13422413554701507,-0.5432623638648053,0.5595981724016972,-1.8130159735879474
824,0.08540923638020104,0.3897603540684784,0.399008610511897,1.3550734385812073
825,-0.4111890227790127,-0.6255485085303576,0.7485902410387903,-2.152304099240304
826,0.5551413693823406,0.6004436553156154,0.8177496702588622,0.8245810002051198
827,-0.20151670760537854,-0.2835568077120527,0.3478698702732987,-2.188650786323446
828,-0.030155069829675085,-0.5640077551641269,0.5648133108574109,-1.6242111693469143
829,0.33861945014427874,-0.027417462682535643,0.33972761041157945,-0.0807921166076723
830,-0.19604150861232483,0.11408371816532537,0.2268201222321812,2.6145610021739882
831,-0.161120606642271,-0.9519251252862944,0.9654642893634651,-1.7384648937694087
832,-0.282069395636654,0.7107617259619801,0.7646864553836952,1.9485886220711042
833,0.28901236967078603,0.10907596600466363,0.3089105310321641,0.3608812882646131
834,-0.48321745253053905,-0.8668649715142429,0.9924484799063843,-2.0793268519830144
835,0.6335235777335129,0.9879921016065261,1.173661159100509,1.0006157670492386
836,-0.42366305746202215,-1.0940254235012148,1.1731930845027518,-1.9402645964746492
837,0.30452170797457256,0.47355036131536465,0.5630128021010387,0.9993147058643719
838,-0.4975121217408969,-0.29370018480809534,0.5777353285332638,-2.608308045242755
839,0.5043586239230535,-0.08622893563039824,0.5116767054161323,-0.16933033619600507
840,0.3835288625277826,1.4256534248831123,1.4763407724075097,1.307998405567695
841,-0.023803868811796747,-0.6483503080846731,0.6487871347089889,-1.6074943612309045
842,0.35319073898995157,0.8114754612017663,0.8850062837296058,1.1602800672870506
843,0.2559016773897156,-0.15096393025816468,0.29711239746914314,-0.5329817595933595
844,-0.46402139587632973,-1.289412470298366,1.3703650515070618,-1.916237181664593
845,0.732289326459977,1.3091562253675306,1.5000458926532108,1.0607955229288168
846,-0.29556300260173884,-0.6453163710983674,0.7097821548295795,-2.0002934862866573
847,-0.2765225594474714,-0.1026193526214243,0.29494992357317296,-2.786239718294836
848,0.07330485411705467,0.016716717016109328,0.07518676921453234,0.22420967347555104
849,-0.13669144300661173,-0.040852854016954154,0.1426657151265165,-2.8511736679903095
850,0.13848789004305218,0.6929132576727923,0.7066170662723184,1.373532268563182
851,-0.04635099029133016,0.18073160097101137,0.18658061499130038,1.8218486153483777
852,-0.34664115749069424,-0.6689450198234361,0.7534238724735669,-2.0488904489247677
853,0.4369538836419906,0.7038932952046721,0.8284892681645972,1.0152466007341572
854,0,0,0,0
856,0.07862055502675958,0.06108390485285753,0.09956121285314218,0.6605245326545234
857,-0.681998029484248,-0.18450622455132049,0.7065152929120356,-2.877379658717931
858,-0.574159323132676,-1.1912863643447622,1.3224303876627814,-2.0199127936380896
859,0.12184329344358957,0.6919390206559513,0.7025847966356072,1.3964935943920636
860,0.07673199874227521,0.6388788237231786,0.6434702409846914,1.4512647294842758
861,0.3573334368788892,-0.7193802740378281,0.8032404146869229,-1.1097729621263297
862,-0.3810672345822468,-0.6513026254629253,0.7545908475505522,-2.100176536509667
863,-0.013082224150821276,0.8837112266216991,0.8838080541870844,1.5855989775068253
864,0.16174652036534098,-0.3759977341079974,0.4093119017383247,-1.164546781798833
865,0.14108672035888503,0.5221927687885355,0.5409165836214148,1.3069155201396625
866,0.07869428526794309,-0.479102315574206,0.48552221300615944,-1.4079964023011324
867,-0.29605677546715015,0.26238997913989337,0.39559842701032094,2.416408105678423
868,0.389581556848384,0.7239757693722808,0.8221403189690897,1.0771243550462333
869,0.017936586719429215,-0.0017065470407651162,0.018017587128856868,-0.09485781703046692
870,0.36873096132023875,0.001228487642194409,0.36873300776854034,0.0033316515988464066
871,0.04160799746034627,0.10684339616969751,0.11465922011654847,1.199435310928072
872,0.33940505289319844,-0.16365060633799544,0.37679876709488896,-0.44928135152397214
873,-0.3132288866122508,0.7269236830268184,0.7915367182598825,1.977650761193127
874,0.020314120575335437,-0.07031870212576052,0.07319414842322236,-1.2895663713146672
875,0.1820661967669821,0.8618460513763289,0.8808670253098155,1.3626058773994851
876,0.009102073348458362,-1.0673472546484604,1.0673860640578208,-1.5622687808847855
877,0.6331563094850026,0.8476261669780136,1.0579967066047549,0.9292334602191741
878,0.3726254692977591,0.35241182795936155,0.5128779941224169,0.7575259328989301
879,-0.735367244426925,-0.735930601485844,1.0403647602544814,-2.3558115921727816
880,0.39287751550943995,0.6570839449550725,0.7655795536132028,1.0319144993585008
881,-0.3087962148479164,-0.05140299046609087,0.3130453157823282,-2.9766426296590076
882,-0.9483705954102106,-1.4434083853195645,1.7270884612692974,-2.152101550185503
883,0.598359194810314,1.3461477469004564,1.4731420442371546,1.1525277642555105
884,-0.7291081406782496,-0.2505955333922856,0.7709713367949929,-2.810539986821776
885,-0.11173098011749971,0.2414705282352969,0.266067337199158,2.0041699950855776
886,0.1200866701093446,-0.08530559866120768,0.14730191275369642,-0.6176497998258355
887,-0.40768832639071206,-0.03891545769845095,0.40954143175402863,-3.0464270454376576
888,0.4302973729130599,0.7300451763396936,0.8474206680467118,1.0381985130915536
889,0.01972401099885701,0.6462498749023453,0.6465508003406848,1.540285079078086
890,0.4126076294375025,0.03757224037869378,0.4143147705755972,0.09081001313301779
891,-0.11382780728160924,-0.537899104774084,0.5498110735764606,-1.7793353170840813
892,-0.05831660307819675,-0.7580884851836345,0.7603282038452852,-1.6475709774255693
893,0.44123043562603925,1.216888025828915,1.2944113583898043,1.222950515885718
894,0.24656112348338866,-0.6583210520795113,0.70297865915294,-1.2124375886775516
895,-0.20299625685629508,-0.039342917218306184,0.2067736574927121,-2.9501550300452917
896,0.03272297412684111,-0.33133912560840173,0.33295106126072965,-1.4723557800978835
897,0.16680998259835178,0.419431240352484,0.45138468702215145,1.1922697952522476
898,-0.19842649018505654,-0.7894424482537374,0.8139978200904565,-1.8170453298641522
899,-0.11759658891321578,0.11006301537220509,0.16106776548039062,2.3892738127817044
900,-0.17931946428802803,0.6388788681851238,0.6635673880519222,1.8444339494665372
901,-0.3488100400031726,-0.6444904720028859,0.7328276826850344,-2.0668723613203146
902,0.30381941761288545,0.004087898313485994,0.30384691775835787,0.013454214626703622
903,0.6505129928635824,0.6307014705962928,0.9060637388708708,0.7699363152563575
904,-0.746540390923883,-0.5545409881418308,0.9299668073700815,-2.502706181832856
905,0.4479121421528589,1.2556736485468747,1.3331697561612261,1.2281557687531977
906,-0.03702440105030291,-0.46208204589318314,0.4635629659603574,-1.6507506821986075
907,-0.34467898936895836,-0.08476846908169478,0.3549497134283401,-2.9004439496576255
908,-0.5059727442458097,-0.1260912071192024,0.5214474186650205,-2.8973618643202625
909,0.1943585412942639,-0.04216890196230594,0.1988805140448421,-0.2136530945532464
910,0.3801619288433358,0.865494385061055,0.9453061000089332,1.156924253053632
911,-0.6356761998928278,-1.4956268726513464,1.6251104495716693,-1.9726866702527863
912,0.28746976294144133,0.8760090295035816,0.9219710865192114,1.253710377690315
913,-0.25951501914391883,0.4342477904754283,0.5058845606401327,2.1094637427091416
914,-0.7763687139087097,-1.2133498255275974,1.44047428961579,-2.1400070902347834
915,0.19355341915911595,0.8222159709570818,0.8446904930002949,1.3396009786140368
916,0.36832579218537376,1.6498983424253382,1.6905112923393506,1.3511562725040727
917,-0.2136518622658059,-0.8702299902199115,0.8960732972964847,-1.811546503159685
918,0.3643328914287167,0.15562609595842147,0.3961791735062166,0.40369332724171114
919,0.16625759903774906,0.582598950575882,0.605857348267656,1.2928128773161927
920,0.18849284418104162,-0.1754101886335988,0.25748453659187603,-0.7494627014147608
921,-0.34764977477107095,-0.5864095992529599,0.6817159115015531,-2.105937904238795
922,0.2847672366824554,0.6508077192634119,0.7103823382803134,1.158335769339654
923,-0.3582564920839104,-0.4072140765912593,0.5423753481624519,-2.2923239833530187
924,0.13804578382269028,-0.2528314909159981,0.28806318964773575,-1.0710299598526973
925,0.11776823548314042,0.7171190222238408,0.7267248787017615,1.408025125105008
926,0.3458176367196302,0.2582595396415215,0.4316107362916274,0.6414553975535787
927,-0.9719723391903017,-1.4651846433286622,1.7582651299497485,-2.1565192162920934
928,0.5222065564389595,1.069003969867346,1.189734918030055,1.116392392177485
929,-0.3784740430899092,-1.0231038995692003,1.0908639652158865,-1.925112281309039
930,0.3070068879671908,0.5359736159535977,0.6176738186597145,1.0506152903114343
931,0.19121292856198124,-0.16054133467531884,0.24967159267442116,-0.6984220663441495
932,-0.20707621455881053,-0.5722513718921682,0.6085656836106315,-1.9179995908573961
933,0.21951608141353063,0.6341624812252107,0.6710807422306704,1.2375544203208004
934,-0.4462480368592878,-0.3936650530698067,0.5950709910667987,-2.418718157539165
935,-0.5924613650705624,-1.0314138258982517,1.189464143787169,-2.0921921590171513
936,0.7849904852977261,1.2455453338905969,1.4722748523236406,1.0084389451367903
937,0.28009049786396645,-0.0011926261252810377,0.2800930369551505,-0.004257977070924228
938,0.343744397651335,0.2752337510606324,0.4403564790480382,0.6751633924116892
939,0.14461086382402755,0.5831504077507859,0.6008133653605247,1.3277177617822982
940,0.08661880405441025,-0.6661629590130715,0.6717707236675825,-1.4414953133372543
941,-0.10246960129927629,0.4338857659708637,0.4458215754116839,1.8027141464850538
942,-0.13858553237571414,-0.45152228474267275,0.4723116803585355,-1.8685983210393173
943,-0.5627500405795445,-1.4336199754663923,1.540114879555593,-1.9448532722174836
944,0.748809161876693,2.136691883872402,2.264104098206765,1.233718383967048
945,-0.22503377805855962,-1.1478250998390784,1.1696763061154567,-1.7643931784756604
946,0.5364785705719441,0.42837102831706986,0.6865209352848173,0.6738175452358725
947,-0.2901088998171417,0.09183650567718615,0.3042977448620154,2.8350144342320363
948,0.3957795120938954,-0.29720102862891196,0.494944313646864,-0.6440933282730201
949,-0.542558025841231,0.1281374464785543,0.5574840056851661,2.909669564994562
950,0.2951822673375091,-0.6124839543400356,0.6799037911899884,-1.1216985031546638
951,0.17783777487773023,0.4010680592737721,0.43872754910432993,1.1534357541422129
952,-0.13507246830397435,-0.5619917664350105,0.5779959491505728,-1.806668429582687
953,-0.07015468149029402,0.19621141730947045,0.20837610135904686,1.914178094755958
954,-0.015428008401499937,-0.0018159376785433778,0.015534512315779538,-3.0244277853591
955,0.2223593682409728,-0.11236464822674463,0.24913751788047622,-0.4679017547548466
956,-0.0011676381338929787,0.6362702240607234,0.6362712954432999,1.5726314540395636
957,-0.44890909332593765,-0.5905802797273481,0.7418250743089964,-2.220739843709966
958,0.16681905818199994,0.5556809313283608,0.5801809162792965,1.2791500429122815
959,-0.07649814517890263,0.07641523208560486,0.10812610189269434,2.356736712767344
960,0.10990909086444844,-0.661134991214066,0.6702085383388314,-1.406059854861313
961,0.40922699782231575,0.7708058798750521,0.8727018048546816,1.0827291474394787
962,-0.13893043747509637,-0.6257115750941118,0.6409497965237028,-1.7892877187949963
963,0.1420022638953924,1.2716784907943577,1.2795822860998163,1.4595917832642782
964,-0.35342067139640676,-0.6082294083525213,0.7034551756545295,-2.097176485011454
965,0.39460985382322633,0.4911287271145106,0.6300193356806658,0.8939398237813564
966,0.018390592152741192,0.011958538907173022,0.02193673933206202,0.576553101322141
967,-0.21996166239898685,-0.010843053514687284,0.22022875546769144,-3.092337327697574
968,0.247439917318502,0.10972228492591896,0.27067599171694495,0.41737690539572486
969,0.281340531641149,0.12246147917176131,0.3068375932395835,0.41054430194021835
970,0.4498328566418195,0.03811959807497445,0.4514451269777284,0.08453971534053696
971,-0.47194866102915967,0.18204976282030216,0.5058435082020376,2.7734389702872715
972,-0.23112259362164878,-0.9777834698161847,1.004727907011732,-1.8029099837362192
973,0.4585072067765168,0.17312589162322212,0.4901034921486881,0.36103589843210054
974,-0.29059065264277706,-0.0007106918139925256,0.2905915217039368,-3.1391469782366177
975,0.09598971491504926,0.23500786860368095,0.25385571428494064,1.183024019786507
976,0.05150775583547329,-0.143391995303233,0.15236244034619925,-1.225940796257955
977,0.09526926890453069,0.15310329585449978,0.18032429897025598,1.0141734854657287
978,0.34417840995160986,-0.11372383529064223,0.3624801906174068,-0.31912732787311227
979,-0.4338787947476703,0.06420767223525559,0.438603959974783,2.9946736783421524
980,-0.7363787456422415,-0.8398959871940619,1.1169954907421644,-2.2906165765475275
981,0.11604593523327367,1.3423861426285342,1.347392747125084,1.4845632051799995
982,-0.2628183070354453,-0.6039789995486942,0.6586836072112461,-1.9812282168230302
983,0.47094727209650955,0.6070908891868783,0.7683428146529766,0.9110214456312486
984,-0.26447577220301355,0.09393459815616723,0.28066197250988767,2.800317010343663
985,-0.02473227538143874,0.5483639798112563,0.5489214331759903,1.6158677150099947
986,0.027002940538864095,-0.6719389359498571,0.6724812952366568,-1.5306313401920393
987,0.3305576985121661,-0.15986295562902697,0.3671846356100815,-0.4504546194784031
988,0.5539278456997181,0.10681961778396953,0.5641333964454188,0.1905018604386343
989,-0.939982920619741,-0.6074239360703544,1.119165639737041,-2.5678881935699853
990,0.558844302249895,0.7050822769282732,0.8996932651718196,0.9005873019128682
991,-0.2399221909905691,-0.34389601701216677,0.4193174552132878,-2.179949499266272
992,0.5532379543287789,-0.05116281872805217,0.5555986574228663,-0.09221657384598783
993,-0.19710650632464422,-0.4654351345351486,0.505451124536546,-1.9713861684229914
994,0.2804844959592856,0.219406884497662,0.3561052280415227,0.6638190015169316
995,-0.3237248735730418,-0.19245405655657066,0.37661168018923896,-2.6052279546506623
996,0.042650908825407896,0.5174064182185525,0.519161344513808,1.4885501578229676
997,-0.13089214886554146,-0.6845119749462789,0.6969141973582503,-1.7597351763712608
998,0.1634507103423175,-0.014393141265230724,0.164083202147231,-0.08783143792022444
999,-0.020755250667889413,-0.02505793474236384,0.032537371188212004,-2.262551146618642
1000,0.24466867893693234,-0.03154099599483473,0.24669332557061582,-0.12820601170314835
1001,-0.17262365588828743,0.0775855501699958,0.18925761323502632,2.7191969344404736
1002,0.040573283243247715,-0.039458957330992916,0.056596825235925775,-0.7714756003922189
1003,-0.24073096124891435,-0.022591300520421242,0.24178867335553642,-3.048022098468569
1004,-0.272902782181518,-0.7772040146684596,0.8237244739226729,-1.9084810654679816
1005,-0.1784309167420588,0.07957662978172664,0.19537152314712988,2.722086742451503
1006,-0.3640789597651519,-0.6319663302588339,0.7293386946573537,-2.0934606434188354
1007,0.3752903747305254,1.2162884143872432,1.2728709173902955,1.2715106291225826
1008,-0.37520325843195224,0.11136612779672106,0.3913820378586503,2.85306000994488
1009,-0.08814865146064221,-0.5960804806907518,0.6025629628635065,-1.7176127259536031
1010,0.20569921036542382,0.5403960831913821,0.578221490324898,1.2070855918898378
1011,0.10323080149032648,-0.19690496703678306,0.22232445753918262,-1.0879240187131638
1012,0.10322332480211571,0.9559186130788042,0.9614756625176258,1.4632297427868624
1013,-0.15066627238093133,-0.6421690418800239,0.6596070072264794,-1.8012489878888391
1014,-0.2312227243222651,-0.5036325851127721,0.554174818112826,-2.0012002012921983
1015,0.3514059141484722,1.1114538386457475,1.165682526221823,1.2645734737945797
1016,0.03617373699785276,-1.2611179185937331,1.2616366132316308,-1.5421203239078745
1017,0.028876542455464005,0.4018075399882761,0.40284383313588445,1.499053068788296
1018,0.5361316415612691,0.16833980571795593,0.5619389889234776,0.3042414437439776
1019,0.09992084205828178,0.11967842913012561,0.15590734773156328,0.8751276655840141
1020,0.15210087341472445,-0.21130838182135392,0.26035726976883344,-0.9469015743192113
1021,0.06016768407766904,0.2219737757771938,0.22998371103200785,1.306098993728074
1022,-0.09031795284670352,0.6265599257985883,0.6330360757675283,1.7139591187927774
1023,0.26012178678956843,-0.044640073246334566,0.26392438330331625,-0.16995665899789356
1024,-0.14542776148505254,-0.6076201659538114,0.6247811615952346,-1.8057170833266005
1025,0.10849324512946623,-0.09082606886796896,0.14149261120189804,-0.6969916526296454
1026,-0.910778542285243,-0.7679669023188644,1.1913398827137722,-2.441060614602399
1027,0.5746822510323,0.23074914416286063,0.6192776898802702,0.38182012076028815
1028,0.09637189158900128,0.6672966508223652,0.6742198170383216,1.4273666736402448
1029,-0.5143123566098211,-0.8968858982824202,1.033886606306229,-2.091459202867138
1030,0.4485772438544018,0.6707715571971491,0.806942393017432,0.981354074278459
1031,-0.026366042493009445,-0.516431305590686,0.5171039175937886,-1.6218063447771895
1032,-0.09547006010302539,-0.7361201737317593,0.7422852838033035,-1.6997699907643589
1033,0.6205002919363096,1.3272387944344963,1.4651223258639465,1.1334750899144999
1034,0.27182622789848665,-0.0282246362980203,0.27328762918887406,-0.10346262107961259
1035,0.11938589723524728,0.0826835990786492,0.14522248453756678,0.6057248388841805
1036,-0.004994911172047978,0.28740687378088126,0.2874502743677871,1.5881738108944836
1037,0.0041553324007281844,-0.6313718444984282,0.6313855183742402,-1.5642149873797264
1038,0.32508036767023896,0.6719374245625929,0.7464429971353659,1.1201960741770245
1039,0.04954264266427799,0.10085198605175805,0.11236367977573686,1.1141803413139328
1040,0.2837152618769778,0.6633193294673312,0.7214477684953444,1.1666236669256835
1041,0.24916590393604565,0.08293426630415013,0.2626056743706701,0.32131330606080566
1042,-0.1266459733527654,-0.5857845105639257,0.5993185258133502,-1.783718144120554
1043,0.8431637919019295,1.3634980565685737,1.603138213081055,1.0169695807340573
1044,0.002511917333549718,-0.6441302245841953,0.6441351224328452,-1.5668966423765813
1045,-0.03934203239634826,-0.1224262781319041,0.12859233682574422,-1.8817259677593527
1046,-0.7069379576738584,-0.6365494006919796,0.9512919717528391,-2.4085390527815744
1047,0.3137480947353879,0.5093650122481783,0.5982395696146091,1.0187246506728111
1048,-0.22964898895997976,-0.55323195134633,0.5990027129494564,-1.9642555028317332
1049,0.29353851264966124,0.5615154454518567,0.6336122267519563,1.0891059689219111
1050,0.2884691487726059,-0.7897790669866751,0.8408123598306193,-1.2205982607097638
1051,0.6348752932277648,0.2712082354064691,0.6903771034031554,0.4037186177348868
1052,-0.04058849717216617,0.020018065359170834,0.04525648067867161,2.6834034233845054
1053,0.9019133816525482,0.7243703470129184,1.1567887221249828,0.6766577909461301
1054,-0.1542219110285714,-0.5806083257195453,0.6007415631835026,-1.8304224562299252
1055,0.3827443169275284,0.45459625405227655,0.5942650640401825,0.8709981675070464
1056,-0.9224816196584698,-0.6306934102998696,1.1174732732389592,-2.541895631557481
1057,0.13275847058071122,0.04032021392895757,0.13874628341763418,0.2948579365674337
1058,0.48286542832818213,0.6825070566512395,0.8360471902071659,0.9550626391607374
1059,-0.6036056861855741,-1.7128843562449063,1.8161257231436607,-1.9095999631085443
1060,-0.09571341158618907,-0.0171943406903452,0.0972455783531719,-2.963844558471762
