388,0,0,0,0
393,0,0,0,0
396,0,0,0,0
399,-0.4752029479642488,-1.6977932791365902,1.763042784629825,-1.8437071681325883
400,0,0,0,0
403,0,0,0,0
406,-0.30096438964960726,0.8218161856201505,0.875192211336695,1.921846115803425
407,0,0,0,0
412,0.10610413984159095,-0.12883434559819307,0.16690229805859036,-0.8818475784991583
413,0,0,0,0
415,-0.4260062346617133,-0.7517843283227421,0.8640954740549954,-2.0863404160290724
416,0,0,0,0
422,0.09554773158413354,0.9467007388436741,0.951510198546517,1.4702098678782412
423,0,0,0,0
425,0.3129639894123102,-0.01208317807459025,0.31319716132374326,-0.0385896778737804
426,-0.1426181610356707,0.7456238879732382,0.7591409106177355,1.7597872051307297
427,-0.4348701656289222,-0.7823179158964422,0.8950605468272406,-2.078138114913808
428,1.0129890775806416,-1.318916798419309,1.663035896320437,-0.9158453153794692
429,-0.2817553941915776,1.0014939309056672,1.0403731041299253,1.8450426371319832
430,-0.15754807140945104,-0.2898326898326786,0.329885408741404,-2.068699374979578
431,0.1269348322894075,-1.0894329070885078,1.0968028586285037,-1.4548047336400451
432,0,0,0,0
434,0.39147017191953637,-1.658191963809486,1.7037750685888884,-1.3389587278010255
435,0.8345161721166505,1.0945228369153028,1.3763711280222894,0.9193763149990197
436,-0.40154741112678494,-0.4078247259296859,0.572329739278195,-2.3484388625207964
437,0,0,0,0
439,-0.1768890172194233,0.6150677447867565,0.6399984805371963,1.8508318057147046
440,-0.4264031638506367,-1.47804356783206,1.5383213079690337,-1.851661809770817
441,0.3827819061100399,0.3698064107101118,0.5322393907327146,0.7681587116931698
442,0.15930578579207122,0.7535752504558104,0.7702298303015579,1.3624636712445197
443,-0.8965354221857069,-0.9086616415031585,1.2764958840407274,-2.3494771975630186
444,-0.040097255262594445,-0.6632324879440148,0.6644434685840485,-1.6311801437287787
445,0.18642669451048732,1.704122895166961,1.7142898687965031,1.4618321879805911
446,0.2639769057899457,0.06430728013344833,0.27169695079002204,0.2389550835217332
447,0,0,0,0
450,-0.29719557869736946,-1.129832166554479,1.1682662096365077,-1.8280135258429333
451,0.6943751740973312,0.7840769921591573,1.047345984876082,0.8459966682699549
452,-0.4608332164031026,0.4331804910026449,0.6324654861142395,2.3871156176174324
453,0.053262013789776574,-0.8615924906860073,0.8632371992213148,-1.5090567887078778
454,0.731183651894753,0.7743844803580942,1.0650356126522824,0.8140843297398019
455,-0.6092898431709273,0.48524982978119624,0.7789104635925319,2.4690392439890454
456,0.14385395690283076,-1.1822740480544098,1.1909936547352225,-1.4497158717923595
457,-0.44773711936784366,0.020875635215929833,0.448223515899694,3.095001636106603
458,-0.08310541978914898,1.2019020260530624,1.2047717588941014,1.639831367699863
459,-0.014990224697271515,-0.942889968090185,0.9430091191296003,-1.5866931572423586
460,-0.21734056299601434,-0.6839637733396557,0.7176652169113705,-1.8784716449013192
461,-0.4692573320531892,1.1690235038863648,1.2596898016275397,1.9525173405824499
462,0.46478300634089464,-0.8622901879928122,0.9795752198233475,-1.076429896797829
463,0,0,0,0
465,0.21710818781002672,-0.36801779850475214,0.427285695092216,-1.0378071930026465
466,0.17818802362251063,-0.9765121146958791,0.9926363291308222,-1.3903081159192068
467,0.8474696607712531,1.2513009735120022,1.5112772585597347,0.9754882580945581
468,-0.400222323257708,0.05682281480790152,0.40423599581988046,3.000557142862852
469,-0.08167149719440658,-1.131849687531144,1.1347924694050116,-1.6428290292185788
470,1.0225157232947595,0.22326262600586233,1.0466062318541958,0.2149724971581325
471,-1.0495154230442267,0.5210986545940841,1.1717621051337455,2.680738072500239
472,0.4265452013448794,-1.0942634323167795,1.1744587128103068,-1.1991128171895158
473,0.18218333720290047,-0.5212743943328633,0.5521935915432913,-1.234570538998307
474,-0.564799131313066,1.0659415252182498,1.2063288912716146,2.058045129187697
475,0.5505716111905485,-0.4758496312107354,0.7277100868974881,-0.7127278059932617
476,-0.11727022958609723,-0.10892659768205704,0.16005408595148288,-2.3930643743402786
477,-1.0322462260952534,0.2675165859509434,1.0663476895678732,2.888011881504758
478,0.4576345329119249,-0.4655258287258448,0.6527968006389127,-0.7939460863187161
479,0.27980388285755,-0.8439258594753483,0.889101270471124,-1.2506513481519141
480,-0.6732868399286644,1.0922666854905856,1.283106262572869,2.123196515597333
481,0.2084904379884165,0.4432814821128659,0.48986399655085977,1.1311617482885834
482,0.07315092692033431,-1.6235194495160385,1.625166594865328,-1.5257697734669835
483,-0.8559008769342427,1.576038731379299,1.7934504158031455,2.068304182080101
484,-0.8571690531906597,-0.14713053742036664,0.8697046514704736,-2.9716021482355726
485,0.4436156059040286,-0.9136579666086391,1.01566022160417,-1.1187851592928346
486,0,0,0,0
488,0.6452180286373732,-0.7218702352397486,0.9681957142044103,-0.8414092002571689
489,0.00027351029325473064,0.27453162907897877,0.27453176532532353,1.5698000474092413
490,-0.4066844932978029,1.296224091801946,1.3585246310820687,1.8748154951600111
491,1.0511921411588219,-0.7203272332289998,1.274314027453757,-0.600756477168953
492,-0.1984655615902966,-0.4165814184893861,0.4614419328236012,-2.0153983963897106
493,-0.8563667931289274,0.7866291699600652,1.1628196487013729,2.398614429071572
494,0.8235175509405508,-0.23296759959430346,0.8558358833139998,-0.27568964114652134
495,-0.49547133942769506,-0.4150672509108517,0.6463533638598674,-2.444269917275352
496,0,0,0,0
498,-0.0026238259013098286,-1.3126984444077152,1.31270106666095,-1.5727951273711045
499,0,0,0,0
501,0.8983950702860284,-0.9242555542845139,1.288938335196844,-0.7995856047701547
502,-0.22966879002206042,0.65152382567328,0.6908191141899187,1.9097056463278954
503,0,0,0,0
505,0.29564024409569356,0.07290079258848436,0.30449577909880865,0.24176306554597105
506,-0.6655381527748432,0.884757759627746,1.1071302208956537,2.2157208155534325
507,0.8037066551443104,-0.6725324350292112,1.0479714994643583,-0.6967738914337037
508,-0.5393423852950718,0.12996782933362283,0.5547808984071743,2.9051263323318386
509,0,0,0,0
511,-0.27230131095336674,-0.0637213012906841,0.2796576624823648,-2.911718839346917
512,-1.1287432241836086,1.001158487182579,1.508767570766988,2.4160246990598186
513,0,0,0,0
515,0,0,0,0
517,0.8745486470575088,-0.7574746727660795,1.156980214157614,-0.7137853557964208
518,-0.3826572521033995,0.6072067956851015,0.7177232512002751,2.1331209623130656
519,-0.05212912476292786,0.6152861490697887,0.6174904783765327,1.6553178632664007
520,0.33911295761322435,-0.377538567540455,0.5074770615522314,-0.8389651321043792
521,-0.14031463463595628,0.5486309495787509,0.5662897805264578,1.821183272426304
522,-0.8268741485032933,0.9697858614438246,1.2744432017627882,2.2768186226161062
523,0.773686763297178,-0.7211503065503848,1.0576620312457934,-0.7502673501577252
524,0.04612080463198254,-0.1567379658280288,0.16338273639466877,-1.2846192094919469
525,-0.6558424503400602,1.434757666484984,1.5775483768193894,1.9995473916000996
526,0.5709321021469123,-0.937989951434588,1.0980840652036405,-1.024021723849711
527,0.038833402266732264,-0.314680230953968,0.3170673128609326,-1.4480111982176183
528,0,0,0,0
530,0.12700585786399188,-0.8232141647215485,0.8329538096016881,-1.417722764270903
531,-0.6667604588192262,0.5573350833004724,0.8690177814765182,2.4453503491337947
532,-0.28444030304774515,-0.6458651142833105,0.7057251815303793,-1.9856399671462688
533,0.48609716899693467,-1.0844159994319398,1.1883806282209448,-1.1493927443038425
534,-0.00151766986414259,0.24017230035599368,0.24017709545272248,1.5771153305340888
535,-0.760493377509988,0.548003585088054,0.9373676474606477,2.5171814347800834
536,0.949836433968926,-1.5964806021660252,1.8576704671139066,-1.0340935710940755
537,-0.5567207907499778,0.2679838331107476,0.6178619373792251,2.692966893227069
538,-0.6187726601315262,1.5069155364576545,1.6290101408351347,1.9604259238235968
539,0.2446499181278341,-1.3400221986615861,1.3621721900500638,-1.390213671874773
540,-0.1671365816208663,0.2236765670644445,0.27922364435993496,2.2125186635754166
541,0,0,0,0
543,0.057055345518620015,0.1215801093455866,0.13430203066496763,1.1320237693312551
544,-0.8008281701484066,1.4681760298699373,1.672383512471914,2.0701456107587477
545,0.28688647444084836,-0.10258630928819912,0.304676549918883,-0.34341604100961387
546,-0.8276254201088022,-1.6192324141314884,1.8184821822015083,-2.043301949717246
547,0.1931224465311061,1.4482935707380875,1.4611127767545664,1.438233507787617
548,0.40407131725442014,0.3425248181030156,0.5297139609678285,0.7031480090643083
549,-0.1628669354693102,-1.4076668839921922,1.4170574070789979,-1.6859840756702456
550,-0.8324767046624402,0.9044861184156616,1.2292732008029241,2.3147611323001875
551,-0.5539754389084237,0.24199644087082106,0.604525486896893,2.729739632977225
552,0.48698445578099836,-1.1955389500386673,1.2909172092864338,-1.1839829993440674
553,0.21592428952669707,0.401014784605195,0.4554515959787163,1.0768680036442095
554,-0.6502154120277055,0.8489627290124417,1.0693539158251637,2.224392199720666
555,0.04054581163029525,-0.7958218747235151,0.7968540764338283,-1.5198919907852015
556,0.16857695429621344,0.5532370401272146,0.5783505961685429,1.2750238940620204
557,-0.822692186077802,0.6162256136589122,1.0278893130890971,2.4987091412164966
558,0.21160526359403775,-0.22977287013395653,0.31236574624996616,-0.8265360347621679
559,-0.3401730002184422,-0.1583220930290281,0.3752113474013126,-2.7059926646473755
560,-0.21124323830440517,1.1112134965258065,1.131114114751664,1.7586561358110704
561,0.9908479609050573,0.4745959406957354,1.0986450694171344,0.44669030545897925
562,-0.8602244493657736,-0.9642279966398064,1.2921771290309478,-2.299250770081976
563,0,0,0,0
565,-0.6245500243645665,-1.8397233977071892,1.9428445416463627,-1.8980689963488444
566,0,0,0,0
568,0.3797717813379222,-0.8082019302777326,0.8929820636525861,-1.1315196863347312
569,0.23674835266797345,0.12036763356945812,0.26559019127616607,0.4703610186349667
570,0,0,0,0
572,-0.05725986193021981,-0.6675463834383208,0.6699976610629693,-1.6563634841390287
573,0,0,0,0
575,0.5938791505710697,0.1519462364407218,0.6130090572344873,0.2504804868010671
576,0,0,0,0
579,0,0,0,0
581,-0.023982631984267755,-1.2894635803800156,1.2896865866416312,-1.589393104219658
582,0,0,0,0
584,0.5352510246726752,-0.11742514971422224,0.5479802233644534,-0.21596202345735457
585,0.4306350424296852,0.9709544598871389,1.0621671727855,1.1533465269100769
586,-0.8734535113273978,0.0474804109607021,0.8747430627762405,3.0872866993984216
587,0.855447500010655,-0.461169001626331,0.9718370611041268,-0.4944337042910411
588,-0.6235850593983514,0.19077791333097593,0.6521154334316639,2.8446977586832705
589,-0.457620834464592,0.5330614267536475,0.7025463065369455,2.2801910350268653
590,0.3043815102729468,-1.9946432807142855,2.0177338578451542,-1.419365083437333
591,0.3770859713773689,-0.12371180662228198,0.39686073238273745,-0.31700900022370193
592,-1.167425889349488,0.6483463113413563,1.3353786528746765,2.634640538637019
593,0.8457709782077245,-0.40914939158710695,0.9395380632068884,-0.4505706621819462
594,-0.008502297757786437,-0.8926685682592961,0.892709057770371,-1.5803206239092575
595,0,0,0,0
597,-0.474165248973236,-0.7263459782793689,0.867416372624165,-2.149143761160381
598,0,0,0,0
601,-0.43804229276611295,0.21886818296457022,0.4896777836149049,2.678224441872426
602,-1.3871002974163957,-0.5097597027576057,1.4778031633638413,-2.7894132654248294
603,1.0561954667120972,-0.38970934195924656,1.1257984877914404,-0.35347772708248654
604,-0.5021335601491046,0.738758599439052,0.8932538163776096,2.1677672030621915
605,0,0,0,0
607,0.17046672606511493,-0.10811566131940253,0.20186109312567066,-0.5652114020009907
608,-1.1344145712712361,0.69681731097171,1.3313342121279492,2.590759026390059
609,1.2410696904967153,0.26491404168166355,1.269028536381167,0.21030011865061518
610,-0.4422558908056544,-1.3783108734990037,1.4475258674572586,-1.8812864704762748
611,0,0,0,0
613,-0.732384872782518,-0.4876208457304756,0.8798645867811531,-2.5541912385311734
614,0,0,0,0
617,0,0,0,0
620,0.10934057212205062,0.02482502959469457,0.11212333747420657,0.2232583035256871
621,-1.0604046342260744,0.7817824647122507,1.3174375926091133,2.506302127491995
622,1.2407879113789022,-0.7441480666259395,1.4468279047928063,-0.5402270717332184
623,-0.15007583188480567,-0.7288875864639976,0.7441773102004845,-1.773855680345052
624,0,0,0,0
626,0.1420299758957526,-0.7217256091083755,0.7355680586429808,-1.376487076816322
627,-1.1601409957396527,1.0803878821433273,1.585296535629198,2.391775131979724
628,1.1865421930244793,-0.2677090568653284,1.2163677548155674,-0.22190561744012027
629,-0.01017762591391147,-0.5510225487561229,0.5511165333275144,-1.5892646613203327
630,0,0,0,0
632,0.87906044547492,-0.9530560945138404,1.296558207751792,-0.825764293472425
633,-0.6237499200728962,0.42178674518982007,0.752972789155602,2.5470113021427188
634,0,0,0,0
636,-0.08104407754251497,0.21959132273707382,0.2340694160417693,1.9243560128584951
637,0,0,0,0
639,-0.08218367938218307,-0.0018946792901033405,0.0822055166421683,-3.1185425329373224
640,-1.7786811784718566,0.30357558283708386,1.8044015265857287,2.9725469812165493
641,0.9227042267973502,-0.2355007245616889,0.9522834039395921,-0.2498938324655855
642,0.16161842964197604,0.2477690526131937,0.2958209259548383,0.9928096802967679
643,-0.684967434863097,0.26134517760294784,0.7331314266072949,2.7770972048224873
644,0.5092297305770899,0.16084120754396736,0.5340269773595873,0.30593568874096827
645,0.3418222748622384,-1.05162142283109,1.1057803057340467,-1.2565254564284742
646,-1.1679377557550197,0.7990161450055666,1.4150990782618822,2.5416002727171016
647,0.13978765597289566,-0.2963513223685368,0.3276655231054635,-1.1300474212083282
648,1.102822440756995,-0.9491489775947457,1.4550261569835667,-0.7106470598336643
649,0,0,0,0
651,1.3733568702286902,-1.2098534193114574,1.8302607435073202,-0.7221878117050599
652,0.07656436190677596,0.08067496050546197,0.11122297769233484,0.8115345171885485
653,0,0,0,0
655,-0.7475962210891112,0.20016358560712888,0.7739286600131963,2.879985742504073
656,-1.0399019782597634,1.0808892927689158,1.4999059262537289,2.3368704703582552
657,1.5540785283002378,-0.23908198925357738,1.572361367405496,-0.1526449187686095
658,0.7101307266069625,-0.28117769670848247,0.7637712654961692,-0.3770118768392796
659,0,0,0,0
661,0.19905072754534103,-0.8170858632124691,0.8409818666285234,-1.331840255694755
662,0,0,0,0
665,0,0,0,0
667,1.461021567304897,-1.2385264388829,1.9153411601962758,-0.7031646297143053
668,-1.1444331661199385,0.13853484757100887,1.1527875674671502,3.021127717413547
669,-0.3409132735218918,0.8871788973237926,0.9504253026514355,1.9376663410396786
670,1.5179874349554439,-1.0790114285074424,1.8624047668356842,-0.6179489316423468
671,-0.4227534954810608,0.6264543174751225,0.75575494032436,2.1644328465967346
672,-0.1771523029515265,0.07904307452145076,0.19398645847283527,2.7219140479788995
673,0.6235090873984745,-0.9017869952019737,1.0963500201960517,-0.9658553512442956
674,-0.16966792772211647,0.061953170377364586,0.1806250287676769,2.791491021409503
675,0,0,0,0
677,-0.7045405661909854,0.0037235122829315515,0.7045504055441565,3.1363076809501953
678,0,0,0,0
681,0,0,0,0
683,0.5336843128013697,-2.0231159397533247,2.092323362058133,-1.3128785069118598
684,-0.2538186870218624,1.409140976603453,1.4318178018953513,1.7490083933298424
685,-1.3389533541745777,0.6475651180822979,1.4873253399348418,2.6911222969567707
686,1.0287228399452033,-0.7869682905986792,1.2952180402668623,-0.6530293232425184
687,0.45915991499202846,-0.2568069500604224,0.5260966043749219,-0.5099533013725759
688,-1.5839932188525836,1.421104275707421,2.1280441442331224,2.410345710329567
689,1.6555007927842098,-0.16786983440351833,1.663990131043995,-0.10105582620022546
690,0.3928246370672923,-0.2723141270502083,0.4779813587140893,-0.6061615194701612
691,0,0,0,0
693,0.42825874793561525,-1.2867771025606771,1.3561714002506586,-1.2495123263431887
694,0,0,0,0
696,0.3996585243796744,-1.0304596337390421,1.1052483851492114,-1.2008121914579988
697,-0.1941506213717048,0.5199953721381689,0.5550582409298432,1.9281371051124556
698,-1.3831341475804493,-0.014335395342072843,1.3832084346774023,-3.131228595923444
699,1.4144767525550606,-1.5080101838186692,2.0675684264419223,-0.8173919814631865
700,-0.09208573256557884,0.5132978748005144,0.5214925602699082,1.7483082112911865
701,0,0,0,0
703,-0.21788737635210964,0.4082736007260337,0.4627766651673425,2.0610233600100534
704,-1.2772755460158578,0.47969161680384786,1.3643814963865484,2.782332478365238
705,1.9019015306880647,-0.8680837747526766,2.0906455635574526,-0.4281877367065106
706,1.0324955986869782,-0.2954056458472678,1.073923487454494,-0.27866397484633465
707,0,0,0,0
709,1.1346834215422632,-0.8010999545547293,1.3889807789564428,-0.6147493853263335
710,-1.1702166012009911,0.8528073490384713,1.4479942224679023,2.5118241316844765
711,-0.1608258354596046,0.1337124298084973,0.20915057551097518,2.4479897175618692
712,0.7883193927292496,-0.9119417912327208,1.2054398763728351,-0.8579783336448892
713,-0.6051062265850078,0.8670715369659092,1.0573393947396317,2.1800936669247033
714,-0.507215951587682,-0.35811584430700805,0.6208985259192672,-2.526823050922805
715,0.9959313123758875,-0.9409734652070938,1.3701497148832325,-0.7570317169378749
716,-0.3761649801343765,0.13476885301383845,0.3995781976311539,2.7975689007810667
717,-1.1411146458460735,0.41974568372779686,1.2158655657483377,2.7891154598286296
718,1.7242907322258816,-1.6939543515579771,2.417159463999484,-0.7765235556667016
719,-0.23674041648769162,-0.35971123574665853,0.43062535680235303,-2.152872723884736
720,-1.2886998552597788,1.0049506925686273,1.6342194502087957,2.479279839884905
721,1.2924232252026968,-0.2706690282100226,1.3204618570316595,-0.20644385885972158
722,-0.1699393282623305,-0.5651381735957557,0.5901360271542474,-1.8628988983069923
723,-1.2480101162290111,0.8692351331405916,1.5208875589260016,2.5332216580646443
724,0,0,0,0
726,-1.7155250971907208,0.907945100841971,1.9409767296992946,2.654818213700282
727,0.9057152495388436,0.08395654157243371,0.9095981607941023,0.0924322571163289
728,1.16674485181818,-1.3028057920206493,1.7488843532283025,-0.8404379413766081
729,0,0,0,0
731,1.0788064490236593,-1.7952497753944954,2.094455802949545,-1.0296986030998447
732,-0.5430171256401763,0.38313783311650695,0.6645767058088414,2.527136683807844
733,-0.8899754141813219,0.64987632911118,1.1019961347419682,2.5108725049396257
734,1.1697355671246896,-1.4663884477845386,1.875786868701364,-0.8974604388284971
735,-0.21749594088157664,-0.17893261968640672,0.2816404919179814,-2.4531662328973023
736,-0.9146091914971066,1.2459158391652636,1.5455795843158235,2.204034341452607
737,0.7073762805517845,-1.6608796483019432,1.8052430330653164,-1.1681597254561076
738,0.13419650404546246,-0.5205560922594259,0.5375754336708736,-1.3184952123931502
739,-1.368324995867738,1.4662754438297725,2.005561510274527,2.321652941411181
740,0.8587364112506748,-0.45047672899681857,0.9697203243076641,-0.4831184087627275
741,0.11049334541212374,-1.3117471426324983,1.3163925499579852,-1.4867609817219716
742,-0.7034203213157753,1.1449084654168473,1.3437319459710515,2.121729578590008
743,-0.03308786262505237,0.6193131566056991,0.6201964145317268,1.624172286821752
744,0.8492732978986623,-2.0709851402615413,2.2383575643108915,-1.181629076192687
745,-0.685217127226224,1.076521192111386,1.2760957599291203,2.137630125893285
746,-1.0381711732916301,0.4154261710357332,1.1182031517730266,2.7609553321401084
747,1.574772823737817,-1.2576963128598209,2.015368319132849,-0.6739187789894112
748,-0.10247623784323423,0.30080240577615314,0.3177789587798799,1.8991408913523584
749,-1.3514974159863868,0.14104165509263566,1.3588370078449994,3.037609509218438
750,2.3922199668545545,-1.1547364392248483,2.656338196444739,-0.44971609227901826
751,0.2630341600582824,-0.21863387150460767,0.3420347045646968,-0.6934776630892919
752,-1.5652542691482267,0.8271678805667761,1.7703749969224265,2.6554403111990323
753,1.505066626657026,-0.5442267158646246,1.600440023536513,-0.34696812924452575
754,0.3190255907032906,-1.1686591533502906,1.211421290977256,-1.3043050683121535
755,-2.066670611726522,0.44489616690827916,2.1140151410772243,2.929556594701918
756,1.1260692680968987,-0.3518857929400383,1.1797693027983585,-0.3028760875939053
757,-0.021875599855661676,-1.4646412933693682,1.464804649129617,-1.585731023443774
758,0,0,0,0
760,1.4898396534529184,-1.285610545375107,1.967845691963776,-0.7119464066162918
761,0,0,0,0
763,0.8818951887868707,-1.0141771885176922,1.3439845585850607,-0.8550516246426795
764,0.6359227535779155,0.9688074372023721,1.158872555070982,0.9899369001146258
765,-0.7861628265650324,1.103676115538974,1.3550472161086933,2.189738325823719
766,1.4244781875883064,-1.7997839853974256,2.295290940383791,-0.901277210782776
767,-0.29097170100806125,0.013857249374268577,0.2913014832570292,3.0940045642676766
768,-1.671685956914871,1.005551835000233,1.9508122491461661,2.6000565639790265
769,1.898427278370832,-0.6433307561367201,2.004470152697198,-0.3267303080365524
770,-0.41156694563107976,-0.7655696697165695,0.8691859812065732,-2.064066212650238
771,0,0,0,0
773,0.26193306155687424,-0.8777250008888586,0.915974948304758,-1.28078722720449
774,-0.6999600414735596,0.6744024541770841,0.9719890585082434,2.374788305119849
775,0.018846813156869757,0.32626931179663643,0.3268131976931481,1.5130958566945245
776,1.5382938428515445,-0.7511910905877812,1.7119100448135212,-0.4542660302335959
777,-0.6828673144107142,1.1688173530022823,1.3536771305484048,2.0995453674428406
778,-0.8842696259027889,0.7933223169782195,1.187978564583532,2.4103544821529237
779,1.6044262555626574,-0.6819373808010596,1.7433365139503674,-0.4019003278931567
780,-0.12523208528705254,0.6031375899771092,0.6160016458003493,1.775521721179539
781,-1.4262370648482374,0.5344556465284995,1.5230873262072375,2.783057590803062
782,1.8590208388053497,-1.427270316005547,2.3437275938263644,-0.6547670546024816
783,-0.39579873975628743,-0.7790596732188533,0.8738367220645581,-2.0408605989641533
784,-2.1451461055493155,1.1663515565846865,2.441726390835164,2.643586342640483
785,2.1904506904032814,-0.08208333594427586,2.191988116100987,-0.037455737728137775
786,-0.2901105298606126,-1.5374425023330787,1.564574564383623,-1.7573002107434046
787,-1.6756799252332257,1.5041827678941218,2.2517701949930973,2.410074542958297
788,1.0894119800627777,-0.03471144488389655,1.0899648373733117,-0.03185177514073462
789,0.6410425586967676,-1.2270892930420132,1.3844434604413596,-1.0893826082136582
790,-1.5590475460010111,0.4872119226582754,1.6334028003747723,2.8387021961738292
791,-0.9799592416634368,0.5130011636829295,1.1061149620458164,2.6593282786257415
792,1.4946628770678672,-1.1231126799536923,1.8695986756407268,-0.6444063394052998
793,0.0030326372807394364,0.3488749871797836,0.348888167710759,1.5621039269038848
794,-0.7101839302433746,0.065870737208229,0.71323219837321,3.04910560762253
795,2.0214646331434096,-1.243914204930718,2.373529399918619,-0.5516320072893103
796,-0.010453289948372912,0.4173856004502454,0.4175164795956642,1.5958357752062844
797,-1.0253489464897712,0.37701550537281037,1.0924656302873785,2.7892418475473004
798,1.5790029967058672,-1.3906103053122365,2.104055009938357,-0.7220429240114319
799,0.2346632572365479,0.13593474735540667,0.27119199810363964,0.5250417237201359
800,-1.271678917763552,1.150200556870459,1.7146803174088727,2.406311203268871
801,1.064255630748562,-0.7850966302140705,1.3225039759310777,-0.6355796325397173
802,0.8015818933962464,-0.841048138699648,1.1618500348284428,-0.8094197952046654
803,-1.5181807451524492,1.532892394572741,2.157459586710861,2.3513727324912637
804,1.1428968263154502,-0.05475666874997387,1.1442077819935166,-0.04787381396962415
805,1.279717660616484,-0.9491597042159015,1.5932926394736604,-0.63816444109848
806,-1.570076275461929,1.6403496943292453,2.270657752822836,2.3343088590343086
807,0.5351632510567015,0.18568177457473212,0.5664604370040327,0.3339665726966505
808,1.2959529724740833,-1.0949556011726145,1.6965912517173056,-0.7015280117060473
809,-0.9400116879394318,0.6868017852024195,1.1641815432397002,2.510603308721675
810,0,0,0,0
812,-0.9509431452833041,0.10780230753022124,0.9570340657835246,3.0287109985088203
813,-1.3602933350886133,0.6259029047408831,1.4973818496461004,2.710352001867588
814,1.6048544071421702,-0.26038123941646063,1.6258401083635803,-0.1608444482113223
815,-0.32637959830117325,0.3701322862533516,0.4934790284443385,2.2934600616225964
816,-1.9751685704313786,0.46378553475165063,2.028888341891887,2.910962579236275
817,1.8904534251212226,-0.3045957485526287,1.9148349073977367,-0.1597501528670572
818,0.3124017934119365,-0.9296223162730257,0.9807102178726496,-1.2466006283360342
819,-1.1427880749945416,0.7908046749871573,1.3897253751483685,2.536258784932331
820,0.9219235039456635,0.2823130067706643,0.9641802637055702,0.2971549807717867
821,0.4235278364869828,-1.5087045990044885,1.5670243761143727,-1.297117462274993
822,-1.8178130330588829,0.9515874199782388,2.0518193977588712,2.6593385515335948
823,-0.12611197621697556,0.37628383235028195,0.3968548261437249,1.8941820638206561
824,1.4064090385819554,-1.1407422634572413,1.8108780454361277,-0.6814743520623405
825,0,0,0,0
827,1.5749230053387464,-0.955394962328171,1.8420537469865736,-0.5452799748103384
828,-0.27425001902872737,-0.25443712321344947,0.37410068511885053,-2.393652613913941
829,-1.3156719165697268,0.8341900204352442,1.5578400374377375,2.576518301261777
830,1.3832421290253478,-0.5362372915813012,1.4835461638900984,-0.36982945638494036
831,-0.5658561722345894,-0.1126142589889696,0.5769533594525783,-2.945143720436021
832,-1.017056624972156,0.5774262839977382,1.169540632834614,2.6252296724040076
833,1.6552990975279727,-1.06390409845028,1.9677161972642863,-0.5712448214503315
834,-0.24890268639580881,-0.24032670603810402,0.3459905676896057,-2.373722263925114
835,0,0,0,0
837,0.1353984040359819,-0.8904418921659953,0.9006772402695924,-1.4198947245986338
838,0,0,0,0
840,0.8450718030048847,-1.16180638316456,1.4366420654414387,-0.9419315277248184
841,-1.0268950975458893,0.6123294242833026,1.1956006294774615,2.6039040179623405
842,-0.09675394648911606,0.7555454142691929,0.7617153006106843,1.6981615393561025
843,1.3180351845135192,-1.9217353491110316,2.33029686942211,-0.969625669352398
844,-0.1886985454588057,0.22550114321734327,0.2940372538482118,2.2675749038876845
845,-1.5088534523144972,-0.1222554099666695,1.5137982447563794,-3.0607439014313256
846,1.4967354090061917,-1.0319938433432867,1.8180286513890205,-0.6036418042970337
847,0.566172647407825,-0.10175494620671088,0.575243892405922,-0.17782581524604582
848,-1.7575043437664135,1.403183747600508,2.2489433403018446,2.4678307656180536
849,1.5435898379571427,-0.3274506212671895,1.577939636745597,-0.2090368753159953
850,-0.2640370720894225,-1.4845920205169705,1.5078889358371907,-1.7468075157401122
851,-1.2236352915977022,0.5137440106991562,1.3271082229315923,2.7440916669191955
852,1.4877272575060942,0.17632899932033297,1.4981402833940198,0.11797204395383756
853,0.04553029820408483,-0.5414466158241567,0.5433575672078055,-1.4869035979481322
854,-1.8280876696237556,0.6604715845203373,1.9437405284114488,2.794894679354303
855,-0.010035811279294649,0.152239079085291,0.15256950779487724,1.6366224722323321
856,1.1541696639865222,-1.3951318946404854,1.8106630323475188,-0.8796390549182431
857,-0.9610074597688936,0.6111477660375613,1.1388752915329068,2.5751615542648927
858,-0.3751144528931718,-0.12641441453467905,0.3958427174667854,-2.816543716849231
859,1.1278897058585926,-0.41294937010434296,1.2011088089142283,-0.35096782493467465
860,-0.05909785543462931,0.48499982847386036,0.48858713668766013,1.6920498624469833
861,-1.5895976262723934,0.10927544644601994,1.5933492199285142,3.0729565440939544
862,2.186949889316111,-0.8077596402105769,2.331356998559609,-0.35381197046202484
863,-0.3693195724988527,-0.17449568344426325,0.40846748973622843,-2.7002033659006965
864,-1.6275483988756605,0.9000114653066476,1.8598210742881007,2.6364598256161513
865,1.0542542579560177,-0.6808275824140537,1.254981369341457,-0.5734104320955424
866,0.7365472656174461,-0.45273738494648796,0.8645652168672535,-0.5511403115373613
867,-1.2623460013920749,0.5428615778005224,1.3741237643977464,2.7354592977510443
868,1.6754498853431414,0.28181202425452057,1.698985089784715,0.16664098297545735
869,0.4946154990427658,-1.1072962724785498,1.2127446256068155,-1.15070041860145
870,-1.2202277913169155,1.1703195497522643,1.6907405807025808,2.377068786029881
871,-0.8621100648692845,0.9534303238388588,1.2854038845298366,2.3059376286677757
872,1.2119333103844383,-1.4520936582407558,1.8913905839678922,-0.8753045035626285
873,-0.40169090130621043,0.5195696053272627,0.6567405537745657,2.22893228778261
874,0,0,0,0
876,-0.42877616319685785,0.026578229055530755,0.42959911590405625,3.079685604827717
877,-1.4250923193542349,0.7009772902164855,1.5881616038935331,2.6844604927651625
878,1.245214486744203,-1.5507217998925285,1.988792904919854,-0.8942347187649079
879,0.17330375248832297,0.4035625834727625,0.43920035223772796,1.1651755042158614
880,-1.588620754572844,0.36002342510693097,1.628905389666729,2.918730707054531
881,1.6673304552388117,-0.7785357612810344,1.840138249849805,-0.4368478852591234
882,-0.5090625004914955,0.054805190590116126,0.512004138969865,3.034346663982068
883,-2.046083377410582,1.271381905000169,2.4089145139829586,2.5856054397225643
884,1.746910502787955,-0.4620742609236004,1.8069889117974567,-0.2585872729572811
885,0.5231128078238498,-0.8642424470446599,1.0102286953868882,-1.0265000100942847
886,-1.1309638941471576,1.6332030000355076,1.9865627020533445,2.176458901464706
887,0.16993078959535524,-0.04244645734985397,0.1751518626622448,-0.24477793439107312
888,1.2318933382845216,-1.240408279389385,1.7481916074868673,-0.7888422850110747
889,-0.36122303464833294,0.6266172237128558,0.7232781109740276,2.0937310598252328
890,0,0,0,0
892,-0.15969470623724646,0.08096880317049227,0.17904844675970344,2.672342869956251
893,-1.0816044519413026,0.5390371365605233,1.20848219889687,2.6792514307430113
894,1.5648878611023065,-1.4607036356939602,2.1406842665734023,-0.7509774304923358
895,-0.1911128117355929,-0.38915399259286687,0.43354923222219327,-2.0272971413552088
896,-1.408946796600162,1.2787310266713803,1.902704421139001,2.404605808663944
897,1.999869809760753,-0.5503006263111274,2.0742010595192863,-0.2685226018672381
898,-0.39120874547734275,-0.6473592704335829,0.7563850259981731,-2.1143823874406245
899,-1.6760461763507237,0.780392516151494,1.8488221289580946,2.70582930141959
900,1.5942510609693272,0.05348214964936915,1.5951478883579864,0.033534304400940115
901,0.3783393155814565,-0.936941386335775,1.0104453469354238,-1.1870161986515744
902,-1.2596720931779828,1.649887557653642,2.07578966546028,2.2228750668319055
903,1.030026586225631,0.35937161534769757,1.09091829494662,0.33569049431620895
904,1.5852367775164566,-0.9268627170955597,1.8363142805991908,-0.5290816717557739
905,-0.4482145754471958,0.6239739586749238,0.7682706598248858,2.193713763273475
906,-0.6395975496277515,1.0869021899590052,1.2611270340562468,2.102686694541668
907,1.365079511834324,-1.0802414866116692,1.7407939978718978,-0.6694378619739079
908,-0.7918486976718668,0.4752333376344495,0.9235101976718018,2.6010579069561315
909,-2.2168512906212072,0.7746178565905097,2.348289264225723,2.805432348557918
910,1.1596510224920848,-0.6546501370051487,1.3316746208619423,-0.513925194139885
911,-0.16906217939299495,-0.10871805848455551,0.20100158392848658,-2.570107743220053
912,-1.9967569889663537,1.498732817836128,2.4966454558557167,2.4977182194977345
913,1.965111493135396,-1.0198633841059745,2.2139974034973293,-0.47871999746429994
914,0.09441558842320319,-0.3724981951452264,0.3842775152461446,-1.3225583143981734
915,0,0,0,0
917,0.4795372181533821,-0.9902566756129545,1.100256437013801,-1.1198234854879927
918,-1.7780598439942423,0.9522641112978931,2.017003655547207,2.649900577429568
919,0.8167592183525585,0.7659709861599708,1.119735313546358,0.7533201689751906
920,1.9583838399680644,-1.6357497416866522,2.551655243577394,-0.695871257379329
921,-1.3687573307528282,0.37844589437281684,1.4201119411712755,2.871842965172843
922,-0.7738472454609564,0.8134646321888113,1.1227485324548805,2.3312408790440697
923,1.791229051323512,-0.7258814230356165,1.9327196782289824,-0.38501724458247294
924,-1.0522441670877924,0.5613167375159378,1.1925997933027737,2.6515466566930477
925,-0.9328273357371017,-0.008725112355762121,0.932868139601734,-3.132239520815302
926,0.15162474754242794,-0.24392722538601674,0.2872116908341748,-1.014646921596592
927,0.03744594983629668,-0.13718535583632274,0.1422041525943632,-1.3043287936844699
928,-0.2523498459728444,-0.5237343930012344,0.581358890165868,-2.019800861680006
