180,-1.4215227359524079,-0.7210906799749353,1.5939569183564322,-2.6721488595474447
181,-0.44774209681725097,0.27135766982355847,0.5235532162391707,2.596730660271328
182,0.9224718073713802,0.6848901852611107,1.1489250633796877,0.6386522651031744
183,0.5123099398036857,0.418314692183543,0.66139901430095,0.68473721288015
184,-0.13387917011812078,0.3723858312393986,0.39572065841875703,1.915924573408342
185,0.15071859988313463,1.8114126148613678,1.8176720709824505,1.487782537263336
186,1.7212116179648547,-0.2990294141007013,1.7469939966452663,-0.17201501150878165
187,-0.34017541089451697,0.9030983306803648,0.9650419188071133,1.931035502456366
188,-0.2521988877969079,0.29496890867271475,0.3880862482613493,2.2781869183048595
189,1.3041756103917805,-0.6321145554820049,1.4492904588083735,-0.4513208390594173
190,-1.5679028459361462,0.5267407703353513,1.6540178878803415,2.817486767640732
191,1.9663479173608494,-1.0506020074395508,2.2294144321200946,-0.490702622863893
192,-1.7187140776811702,1.7193479855279747,2.431077040358561,2.3560101107867477
193,1.5342995076861143,-1.0482800069050597,1.858215798060797,-0.5993822865318665
194,-0.3068602330851036,0.5560845692153435,0.6351324671030905,2.0750380458153077
195,-0.9984969237531232,0.30792274677985176,1.0448983322452472,2.8424598973333093
196,1.7039296315995216,-1.4432540297440823,2.23301553595478,-0.7027585881716061
197,-1.9476489175793859,1.1437396541248859,2.2586448819072613,2.610607462873477
198,2.0927737006451252,-0.8763463157567344,2.268850948663727,-0.3965638677160965
199,-1.693716336414468,0.9508854403689782,1.9423846552480157,2.6300243398104097
200,0.5457395153047173,-0.19085056588710358,0.5781483867178524,-0.33641644411976795
201,1.2356175843179926,-0.7019670323204252,1.4210941309922354,-0.5166410455571384
202,-1.4675545348922014,0.6410006814762852,1.601436288628345,2.729785433980987
203,2.070584266873084,-1.3275810413052511,2.4596322138595195,-0.5701374771691251
204,-3.0946264558300527,1.318466275840649,3.363787481642142,2.7388327985373935
205,1.4601938545254143,-0.9982041458727764,1.76877856432946,-0.5996415395671754
206,-0.4301311534325123,-0.2177103442877666,0.48208982893552244,-2.673038155082788
207,-0.3416688151608014,0.40509651398129165,0.5299441148773903,2.2714612735043396
208,1.5597140900588329,-1.2750236034344624,2.014545415731066,-0.6853045617805777
209,-2.582313646762259,1.5957550794294235,3.0355852885035866,2.5880750472092955
210,2.846777023270306,-1.5115221993888213,3.2231721610030335,-0.48810706183183583
211,-1.7062859561228834,0.9814142975190521,1.968396755595019,2.619626306103703
212,0.7218194467657213,-0.5738438544545801,0.9221280187828919,-0.6716825050779024
213,1.1110308452510935,-0.40439209864571524,1.1823377303234661,-0.3490737517533168
214,-2.7138645853121943,1.6763153572987477,3.1898423416412536,2.588270355064451
215,2.3842604446920177,-1.481299024458309,2.806945789997398,-0.555921509123364
216,1.3039118095907725,1.9822391089602434,2.372647865209202,0.9889591178828943
217,0.006113162083579482,-0.020924319421752102,0.021799034242911453,-1.2865514562193918
218,-1.450815437143092,0.3399477341759365,1.4901106987818233,2.9114299983185488
219,1.7138384515163807,-2.166001073628948,2.762028763220582,-0.9014163799399038
220,-2.0579325713366643,2.034931371003765,2.894137549057335,2.3618142612173414
221,2.186023739563325,-1.5601401321705026,2.685653928179023,-0.619853960517919
222,-1.868134609374124,0.93509847930018,2.089099347740772,2.6775035573789125
223,1.865902923630415,-0.7511268631115939,2.011413752786928,-0.3827062422775898
224,0.10329457243039997,-0.4434080481458551,0.455280645156475,-1.3419222584234358
225,-1.8073656414358084,0.8613630424907512,2.002128081020691,2.696852034606264
226,2.202771971612833,-1.5688441461546034,2.7043439710670416,-0.6188760622135219
227,-2.875779169935072,1.1760175649046545,3.1069475610632256,2.7534042797915204
228,3.0308229622447698,-0.6701794201845388,3.104034194996738,-0.21761955814992445
229,-1.2056989664658886,0.4304675857072908,1.280239172999161,2.798671099664467
230,0.6279026800840484,0.17011881407782425,0.6505399192670471,0.26458013384799267
231,0.8254222414809647,-0.6863259377563082,1.0734827290499533,-0.6936462677186536
232,-2.54145824312252,1.0352043140807865,2.744204433606738,2.754785982572104
233,2.394961818110687,-1.280161051377675,2.7156314970320334,-0.4908827145630657
234,-1.207879574972253,1.9749541062114702,2.3150414227993195,2.1197007385412
235,1.6134029182247787,-0.864734670655622,1.8305286195987538,-0.49200741739844983
236,-0.09083947401620662,-0.5185423884281022,0.5264389980199623,-1.7442189189354407
237,-0.7134892530594925,0.5704897608873125,0.9135236622598539,2.4671095508710024
238,1.5087068637488983,-1.693427088147132,2.2680149257871984,-0.8430209033505317
239,-2.1858118790410117,1.6371553353969404,2.7309432734451784,2.4987370577394628
240,1.8480970341133798,-0.7193716193097828,1.9831687205497797,-0.37120485240851137
241,-1.9691153252571212,0.994675251910806,2.206081145589682,2.673842986802699
242,0.06559737527470588,0.6577713704000558,0.6610341832015181,1.4713982649155053
243,1.333966489077966,-1.4251454741570626,1.9520517965703044,-0.8184326385176096
244,-2.197286737942136,1.5699291400882487,2.7005085657399093,2.521211002105344
245,2.77798942587674,-1.424883199531081,3.1221014369473825,-0.47392921081832784
246,-1.5086211910436305,1.2981956763345153,1.9902889016721999,2.431023957976359
247,2.1687371265538786,-0.08805521608751121,2.170524002441206,-0.04057978057789732
248,-0.49501843088887654,-0.43717821278717395,0.6604301905996371,-2.4181622777030243
249,-1.0176119074847065,0.5148861081851237,1.1404567938579198,2.6731765377080534
250,0.7796395418712336,-1.6699785329382735,1.8430046434352396,-1.13401368222719
251,-2.5114602389679703,0.7552539566670902,2.6225638354439247,2.849472652189899
252,2.635184927131718,-1.3788295085318367,2.9741167451497836,-0.4820649003674708
253,-1.8357556790338094,0.9742953884449435,2.078280639627374,2.6536623041855694
254,-0.6779621909055322,0.19296493938702497,0.7048887856464079,2.864300426701977
255,1.8336536968151904,-1.321899898504185,2.260465708987727,-0.6246223290731283
256,-0.07526232376574171,-0.5447294957649689,0.5499042106903498,-1.7080916823185894
257,-0.22438881798370858,0.8378243016369566,0.8673522364354519,1.8324781945273705
258,-0.2950105506279215,0.06072797328566537,0.3011961349705104,2.9385783066042506
259,-1.9572969746901663,0.598695814756752,2.0468141404970135,2.8447511521340703
260,2.1373843908780827,-1.4940206062922101,2.607778672816199,-0.6100510247700139
261,-2.347191999152301,0.9129301596484538,2.5184820343374157,2.7706520456729655
262,1.6641668217238248,-0.9747138940140161,1.9286052954688118,-0.5298435272235495
263,-0.9824251059462767,0.4544803011832954,1.0824562037132088,2.708301350112443
264,-0.663197638640213,-0.06992033633800077,0.6668732723175923,-3.036551584927607
265,1.3798929013988754,-1.2862827657601414,1.8864325518879719,-0.7503023143682045
266,-2.1850751061915616,1.3906341595484903,2.5900611161517406,2.574820498538869
267,2.277595284478025,-1.3899261468827504,2.66820819533725,-0.5479297538492033
268,-1.9616121565200046,1.358229663677328,2.385940081372558,2.535982351350491
269,1.277121847903004,-0.32914047350281805,1.3188531630507025,-0.2522317071896971
270,-0.1308815761930191,-1.0752998911022829,1.0832358204894033,-1.6919168915770753
271,-1.5935979604142858,0.9209491023837089,1.8405710278655183,2.617577519122337
272,2.472770543587103,-0.8028651918335044,2.599843587120177,-0.3139446567704374
273,-1.441268383722786,1.6967901973030024,2.2262864882091105,2.2749470203460813
274,2.1957835398746965,-0.5539554171838574,2.2645820714233333,-0.24712473851077874
275,-1.383584904384179,0.32931371786281716,1.4222358146286462,2.907925573889938
276,-0.5103879007237992,0.9443075108291765,1.0734116098746287,2.066308177382427
277,2.311568185167971,-0.8438746640413086,2.460786850438611,-0.3500329853785511
278,-2.106453924883681,1.374335474299187,2.5151433624298707,2.563503830057415
279,2.1747288066426336,-1.4644687785030897,2.621853196815494,-0.5926516915839246
280,-1.5176094512145255,1.5372333635787356,2.1601446387951078,2.349770708797853
281,1.4283564154782198,-1.4814080177279578,2.0578561088245375,-0.8036284106380192
282,-0.3072151157841745,-0.06890475962038067,0.31484757147646253,-2.9209557096535215
283,-1.628914263070783,0.8393537803915194,1.832450939341342,2.665792584003449
284,1.805404077901585,-1.5356278988213319,2.3701554649731507,-0.7048266056722988
285,-2.783681573776562,1.5356109667142164,3.1791483364693955,2.637485451359905
286,2.5375189705900993,-0.8560617674565378,2.6780299243670616,-0.3253717113882013
287,-1.6156981466365323,0.5065317861249241,1.6932380079007296,2.837791142246202
288,0.19876179707955544,-0.02160713693869809,0.1999327895693501,-0.10828348814418987
289,1.561389992126351,-1.0356536132863141,1.8736374020138806,-0.5856609310048129
290,-1.8906324172151017,0.7345129292466908,2.028299825039477,2.771038183563507
291,2.6405180775121835,-1.3014473541432636,2.9438242021688623,-0.4579319912593613
292,-2.2259309717513815,1.3526909511715957,2.604715243627135,2.5955330118912383
293,1.295424221911162,-0.11896865989689331,1.300875649995726,-0.09158071462256358
294,-0.08814209365618808,-0.7964329531712195,0.8012954995325546,-1.681018860364528
295,-2.0255005097470757,0.6044620003431902,2.113770712457847,2.8515805273474766
296,2.2918955290190297,-1.6440533900847498,2.8205844545743664,-0.6222646918459053
297,-2.1777170336220024,1.5914810595417492,2.6972696271243524,2.510491576783178
298,1.7228691442842319,-0.8620826136307755,1.9265161616376723,-0.46394847641559345
299,-1.9138213916122595,0.3853779252033007,1.9522367848769488,2.9428842958352432
300,0.18938470769853666,-0.07240407089652479,0.20275334027445555,-0.3651658430479875
301,0.8545667531906247,-0.753280911825783,1.1391735898360045,-0.7224866182619241
302,-2.5409867670018684,0.9837122150404696,2.7247575070267143,2.7722232525282915
303,2.403647270386955,-1.4936502494340687,2.829931318614131,-0.5560135157319801
304,-1.8636947856612096,1.5391175292665622,2.417072821202619,2.4512917798730145
305,1.0596504069563935,-1.059432391504508,1.4984178246176236,-0.7852952814094134
306,-0.09234793686005105,-0.48463307741310047,0.49335318096187464,-1.759091254630677
307,-0.6080835793004553,1.0118388755623613,1.1805013975062277,2.11192786426553
308,2.087806942598945,-1.580056761063375,2.6183042599641544,-0.6478402832420063
309,-2.4203739148489376,1.0005744853951484,2.6190378364019367,2.7495910454649315
310,1.534101095358551,-0.10855225399492952,1.5379368526138144,-0.07064177596463861
311,-0.5427247192494633,0.5690625440047938,0.7863728758506466,2.332509293960108
312,0.13957603965184262,0.16634694991500965,0.21714690555225388,0.8726844685395058
313,1.559267307018331,-1.3691145996310752,2.0750395952027416,-0.7205548029833656
314,-2.2485948823887156,0.9787712979840677,2.452380924502174,2.731045983522502
315,2.7950776137963658,-1.6993602346375312,3.2711288684814774,-0.5462688326966249
316,-2.0162375469757308,1.3062324737934574,2.4023857145402956,2.566725807540759
317,1.0660996373470653,-0.7669417296699237,1.3133042501494612,-0.6236213906670641
318,0.24877268302634548,-0.2926081455159206,0.384066888240047,-0.8661916431965213
319,-1.6939722753681963,0.6274644977431976,1.8064478308670382,2.786852034859524
320,1.969536002360087,-1.6860227219613435,2.592632770672023,-0.7079963499935675
321,-2.066268159462652,1.5184485776649623,2.5642055669976855,2.5078421006969203
322,1.990104167773552,-1.4791043269080006,2.4795693594791075,-0.6391539534912776
323,-1.7673591599719884,0.48239691921320826,1.8320112412327845,2.875135290272191
324,-0.822008137045259,0.5956689126273815,1.0151447339366462,2.5145133424265795
325,1.3593890811047231,-1.4003165828984265,1.9516211738365286,-0.8002274628357341
326,-1.7946947923777543,0.9709020787885265,2.040485296291966,2.6456974650062093
327,2.3943639897931916,-2.350767802262723,3.355456478003177,-0.7762108609508366
328,-1.5209118648351705,1.3466759483462454,2.0314302868793344,2.4168803296367365
329,1.1601811797681876,-0.859586485719781,1.443921499362201,-0.6376562153264904
330,0.02850205713127707,-0.3841655417443661,0.3852214048108657,-1.496739885413577
331,-1.4619895383376615,1.1068130778038068,1.8336980665873825,2.4935887494388154
332,1.891588451016105,-1.3480952003812305,2.3228145723041296,-0.6191847139162189
333,-2.491359385172018,1.3022173961786692,2.8111637684409367,2.6599554889355375
334,2.0091815713523147,-1.1525146227031158,2.3162686679671385,-0.5207995093734085
335,-0.9557079376957063,0.20271796422631638,0.9769709490023959,2.932577683029507
336,-0.3468342930157178,-0.35027522428632807,0.4929368717803023,-2.3512585321533597
337,1.1155272780312089,-0.6552952392216866,1.2937592351663914,-0.5311262790442951
338,-1.8524523424396193,0.5653740239979399,1.9368085780535091,2.8453693207371726
339,2.781222483327383,-1.0056280125318366,2.9574458915345296,-0.34695156171045155
340,-2.358380970235885,2.203833800652255,3.227823449581485,2.3900570111990214
341,0.9555521422364563,-1.0783697158427614,1.4408196072303705,-0.8457095378229063
342,0.3073352394748099,0.18741932291364094,0.35997354350625044,0.5476091665134886
343,-1.5523894067537185,1.0759163281330046,1.8887850103556967,2.535532069678272
344,1.948076357403238,-1.700129043663054,2.585621832244638,-0.7175383325798037
345,-2.900488545071994,1.0772945432590646,3.0940907118295042,2.7859657898437056
346,2.290053620057961,-0.9565067372721003,2.4817837780893583,-0.3956531780139889
347,-1.7385991799764042,0.8490087094277854,1.934823738044078,2.687325217620892
348,-0.4334846665518626,0.1278506719789121,0.45194551713789444,2.85478725104978
349,0.8519456781712051,-1.6382403113473032,1.8465217995674743,-1.0912478618483654
350,-1.824871318720625,1.6047822297918728,2.4301196132999148,2.4202790147890774
351,2.374958053441901,0.07315559810168537,2.3760844886371695,0.0307931645466104
352,-1.8616804955927364,0.20531345565749604,1.8729676672981943,3.031752592424327
353,2.5293466437899497,-1.447604193465402,2.914301347731579,-0.5198203942248136
354,-2.3015307303115833,1.7230504789599195,2.8750559395623205,2.4989534603132606
355,2.39118864499585,-1.3929134505077982,2.7673075392089386,-0.5274668449963202
356,-1.7871992156524357,1.2086827881847242,2.157543769864862,2.5469504538927596
357,1.3886613722079346,-0.8195711221339081,1.6124754977667901,-0.5331734710193163
358,0.6276727485213769,-0.5815689203965633,0.8556842223668751,-0.7472903890921823
359,-2.346268110019082,0.6766146265153381,2.441880708983755,2.860831059718113
360,3.0569875788452237,-0.89172827191301,3.1843919934805367,-0.28382633481373537
361,-2.6295298561386744,1.0062350193248477,2.815481518042758,2.7761169928708087
362,1.7901894682402144,-1.0401057214020568,2.0704101632023244,-0.5263341033117901
363,-0.30278889684359456,0.6420121706503039,0.7098314893796104,2.0114872478620605
364,-0.984817650960963,0.2641949383832838,1.0196395299867578,2.8794959546988417
365,2.290908683928251,-1.7518902130983065,2.8839871561516186,-0.6528518276577728
366,-2.0341476223412656,1.5103619911576445,2.533564661462247,2.5029065107616493
367,2.6767793660300185,-1.3586021390861376,3.001824036603994,-0.4696701737400292
368,-0.9760842542872297,1.2071504184437885,1.5524022043969374,2.2507504142587256
369,0.7021824518254789,-0.6899113634267025,0.9843972191330757,-0.7765835487127176
370,0.42710866809125037,-0.8641626706066035,0.963949654094351,-1.1117627601653162
371,-1.9095601261972206,1.3978450482342524,2.366514452614935,2.509695384086434
372,2.6620492282720534,-1.6385692386118862,3.1259263016694705,-0.55175990247863
373,-1.74291113192578,1.2827302375975194,2.1640554697691536,2.507131403428258
374,1.4422005483160092,-0.7312933840698435,1.617013430725707,-0.46928580766800954
375,-0.1322979862890179,-0.3310810732987619,0.35653531981108033,-1.9509525921071869
376,-0.4743171057099289,1.6708031318720131,1.7368246377347287,1.8474045851234844
377,2.2475183961450966,-1.6709915873066592,2.8006341827986487,-0.6393171271430816
378,-2.2633877860339453,1.6570196482506958,2.8051093355975456,2.509648197580283
379,2.0007980212615166,-0.668281943470248,2.1094533599613836,-0.32235736076049576
380,-1.7428888244652398,1.24923787502172,2.1443546168566914,2.5197048556585036
381,-0.20220893448220068,0.7378567695341971,0.7650627853528547,1.8382782168538834
382,1.7967349747358412,-1.3468924015450696,2.2455234825712354,-0.6432663913145409
383,-2.1059426293985553,1.4308347884175205,2.5460327079721328,2.5448077573218955
384,2.942762881802878,-2.0432099732927895,3.5825354671628724,-0.6069016047470159
385,-2.09248405337064,1.6569673334727142,2.669087907470659,2.471831079462596
386,0.8975878102577326,-0.8519552585368118,1.2375345003965736,-0.7593215215471056
387,-0.5491843542512242,0.22858845005843875,0.5948580792545844,2.7471714179294526
388,-1.2021231180942777,0.8239702361446177,1.4574041790488066,2.5407128626756252
389,1.7715013151984067,-1.1566182371878284,2.1156518277696748,-0.5784131743543598
390,-2.504762937423493,1.3297929300278213,2.8358749283849494,2.653527255197036
391,2.1757066703069086,-1.1448848176778768,2.4585485069380426,-0.48439731932213914
392,-1.3022697454838408,0.7246511432966471,1.4903106285213445,2.6338090750653564
393,0.06270215094525611,0.5149899515290386,0.5187930318624597,1.4496385370536862
394,1.3992047279763256,-0.5938082155270124,1.5199941011789084,-0.40135368956250783
395,-1.8718316376395023,1.124777250529867,2.1837759827825076,2.6005141557815517
396,2.267038775396145,-1.2475705820422363,2.5876431682762706,-0.5030799896582973
397,-2.0815774586963016,1.5251409817330384,2.5805076498073336,2.5092654275208823
398,1.507152560302643,-0.3022551361022039,1.537161997750066,-0.19792160098181968
399,0.7231634449666444,-0.36883167936058214,0.8117894898531097,-0.4716356743903794
400,-1.476595309054801,-0.3978838985922124,1.5292629935631024,-2.8783838637813006
401,1.3541263874390097,-1.0926913961470746,1.740009413874668,-0.6789550592545439
402,-2.485957672116456,1.4964600969102761,2.9016165096717,2.5997293795893905
403,2.105522034221053,-1.616134396793683,2.654263254669748,-0.654651061632407
404,-1.4936807169291342,1.5623741821364376,2.161502988462527,2.333720450360606
405,-0.11616804565665007,-0.1129218723316896,0.16200729638686012,-2.3703634074391955
406,0.5413602512148827,-0.6680225881242166,0.8598401594712924,-0.8897507612726641
407,-2.184305733107635,0.5441310686978795,2.251059784992211,2.8974523871550444
408,1.84455222233089,-1.3092490793876834,2.261969507483096,-0.6172678304588413
409,-1.7890821559934693,1.2378061548377843,2.175541090820521,2.5363462426240613
410,1.0282812373138768,-0.8070521572067477,1.3071707950623064,-0.6654380150651343
411,0.3475205309098328,-0.41544906669766135,0.541634975258993,-0.8741958071760197
412,-1.4669490887536085,1.0436567638122654,1.8003219350011077,2.5232252751313395
413,2.027558268325265,-1.9855997380870392,2.8378863351701504,-0.774943304302969
414,-2.672289073005686,1.7328041475962834,3.184923720221957,2.5663188217216977
415,2.256460287770551,-0.5523696280006121,2.3230852838893137,-0.24007363440405585
416,-1.633494091225657,0.00969276210195602,1.6335228482351571,3.135658963105517
417,-0.14831324336853413,1.0977535661705033,1.1077272724811607,1.7050892902563188
418,0.9997011835424701,-0.5522833355688022,1.1421117892409733,-0.5047210494061325
419,-1.8748592798327763,0.8388784261275575,2.0539752513108147,2.7208734901419853
420,2.2433906501241836,-1.713303677503049,2.8228019945455047,-0.6522189939629883
421,-2.67963814749794,2.0314107721585657,3.3626017199139198,2.492933096785044
422,2.2592399851037044,-1.015459164325918,2.476958341334161,-0.4224125630560155
423,0.06057223904952025,-0.512030276474043,0.5156006208002053,-1.4530454194161324
424,-2.425567763554568,0.7826162208944183,2.548699104406436,2.8294851827979364
425,1.9286495011848501,-1.4802947372066129,2.431246883272484,-0.6546257079050958
426,-2.851353748429119,1.6383574760463162,3.28853058644703,2.620067048419091
427,2.1121248697999135,-0.7818168251288711,2.252178725963348,-0.3545175986856764
428,-0.7864421094806175,0.6065459742111301,0.9931712895548545,2.4846276863285417
429,-0.11852415693215335,-0.5481857330177178,0.560852541815271,-1.7837303403859468
430,1.972396008546184,-1.166652265499721,2.2915984646365404,-0.5341385549627977
431,-2.7186060459459895,0.9498147569336837,2.8797511881312037,2.8054741554242466
432,3.0717340417800187,-1.2496432097181867,3.316196341446776,-0.38637192858246056
433,-2.3685139124839907,0.7223347439880072,2.476211952964132,2.845578987931602
434,1.906707250318732,-1.5059415741598272,2.429689808020974,-0.6684982231841796
435,0.03357203608038617,-0.20152033483626752,0.20429764305812273,-1.4057185585104377
436,-1.6527128455308002,1.8196713517121097,2.4581829830230886,2.3081496848635155
437,1.7419928660552841,-1.8170493697699257,2.5171824640992533,-0.8064839990595777
438,-2.231341227014468,1.7951399030787556,2.8638105633927737,2.4641067829995107
439,2.150598706900837,-0.8669525538274101,2.3187672433237925,-0.38319441642896784
440,-0.8129466739004556,0.5601614560084798,0.9872502982543756,2.538253089967237
441,1.078411291410248,0.4709781040062282,1.1767715529763711,0.4117667211543577
442,1.939108040867609,-0.8256582053582093,2.1075700382745897,-0.40254194839267093
443,-2.437624850054135,1.8882111901415897,3.083400137539298,2.4825256181769895
444,2.7247873940307272,-1.5213005818898822,3.1207085418422618,-0.5092077179710925
445,-1.1315010252920956,1.350607058702984,1.761940406839967,2.268148540264469
446,1.598361190722244,-0.3289270658884007,1.6318552358224003,-0.2029568080671721
447,0.3267782886380246,-0.09446300471386593,0.3401577710192257,-0.28140275690677585
448,0.808522203500047,-1.5907950131471722,1.7844710497529745,-1.1005702022846795
449,-2.866031663556214,1.3116101775698823,3.151897643390676,2.7124036543289063
450,2.7925847367170036,-1.716410013938642,3.2778945754391837,-0.5511084096400477
451,-1.513575062934251,1.4147776463515171,2.0718362048560595,2.3899199208350512
452,-0.7574708997394737,-0.41207726412167034,0.8623049550815121,-2.643354296865408
453,1.3693060428153103,-0.5576530549918388,1.4785046393678496,-0.38674269541979334
454,-2.333479941281894,0.46769677696412515,2.37988842418034,2.943784740755165
455,2.0096890907769875,-1.5739711737169841,2.552691814003417,-0.6644074209890959
456,-2.1095976559291785,1.053653839770746,2.358090050011984,2.67837934038958
457,1.020939949113881,-0.3730088689756883,1.0869470990030639,-0.35029098295192873
458,-0.1034641982815856,-0.29639403616353377,0.3139335359584277,-1.9066482088388925
459,-0.16231514289006554,0.6890435384521751,0.7079033857060697,1.8021444780209908
460,1.3375946679550452,-1.6436472053743856,2.1191355859115752,-0.8876991977589028
461,-1.83457582010044,1.2624032302138417,2.2269554003956937,2.538886301708475
462,2.187078987873633,-0.40481760774399334,2.224228359395214,-0.18302371925113123
463,-1.8275051547930161,0.2373066091564766,1.842848207949963,3.012462434021855
464,1.202335194540069,-0.4063257738650634,1.2691377208706502,-0.32589724206965087
465,0.8304816053763489,-1.150864839756295,1.4192214683606503,-0.9457103119437216
466,-1.6233923348797816,1.2503711808049331,2.049104868652152,2.4852750886492765
467,0.5084797008273654,0.4663369183093522,0.6899432784887106,0.742193568125112
468,1.045357098908653,-0.705441711757345,1.2611183421574077,-0.5936350912662572
469,-0.3957453174230068,0.3529647142985297,0.5302814778983697,2.413271508713693
470,-1.6509409013618779,0.25685191368431504,1.6708018330588654,2.987250881221687
471,1.4550044252948737,-1.1168034137813763,1.8341994827884458,-0.654645206872451
472,-1.9249428435103937,1.312784284831956,2.3299801564141336,2.543059131556794
473,2.266283546711634,-1.3512451421489402,2.638542125545274,-0.5376489837936111
474,-1.3974982276578203,0.976273802928425,1.7047321885243671,2.531815781148611
475,-0.21503913573371847,-0.06699185660554718,0.22523263251261524,-2.8395887008130387
476,0.8058845063579838,-1.2322422164913363,1.472369083379345,-0.9916153748157903
477,-1.4684103218736482,2.0374868522663263,2.511489905721943,2.195278154044916
478,2.451689091080766,-2.67260655383744,3.626789929254143,-0.8284832550711413
479,-2.4018576662957685,2.989487170990401,3.8348342590860356,2.2476280795168444
480,2.209530752095361,0.46803810837634785,2.258558348891523,0.20874131178429078
481,-0.8127480231651134,-0.8579113023888141,1.181766115576712,-2.329167865634073
482,-1.49731013945825,0.6664577563249381,1.6389336761108286,2.722818240007755
483,3.1008400263320937,-2.025838098087256,3.703947741068306,-0.5787049881793287
484,-2.5208956376183096,1.721584649662617,3.0526658057699305,2.5424180380221544
485,1.6733714363326726,-0.8815610920718271,1.8913809565999506,-0.4848706036369611
486,-1.449336300434652,0.7527080739161676,1.6331396622139183,2.6625877199054444
487,0.05306719294685536,0.40647716051828553,0.4099265897575648,1.4409766319227204
488,1.1572944481567902,-1.4536352074344094,1.8580596750447518,-0.8984146097636976
489,-2.555571148748072,1.4064510926221203,2.917027351988921,2.63848301760378
490,2.841602313960493,-1.3583802152752114,3.1495873570924746,-0.44592023535954733
491,-1.752853886879734,2.0029398163428738,2.6616281965445543,2.2897059341346266
492,2.078561910026565,-0.38186090799332106,2.11334743165121,-0.18168803075211765
493,-0.27648204192905723,-0.35734578066655587,0.4518166956515122,-2.22930002288545
494,-1.0250860022800907,1.3896257250801298,1.726806580910281,2.206359790856911
495,1.4512989424437137,-2.0764054046301936,2.5333235136310006,-0.9607769012515115
496,-2.7615629460773334,1.4874933549548786,3.1366967316242484,2.6475115177856003
497,1.8826045863423815,-0.7919215083625701,2.0423857872411415,-0.3981821516583919
498,-1.195424602512844,1.582243155174524,1.9830616184046386,2.2178242061831672
499,1.4119728224492292,0.14185585539234324,1.419080806382898,0.10013043366281843
500,0.8943055945542255,-0.9255249659097231,1.287003869059134,-0.8025515786555815
501,-2.2709956081295104,-0.03903558254798156,2.271331069846134,-3.1244055931246337
502,2.008406334135998,-1.6144243476503135,2.5768317712423014,-0.6770740915565963
503,-1.7573454480175315,2.053699882454545,2.7029513926191404,2.278588683302609
504,1.9294827227682845,-1.5654274529333563,2.4846461896734366,-0.6816052210062311
505,-1.152326078415399,1.1249655706013115,1.6104045845794612,2.3682084065745608
506,-0.18190574108507462,0.5803101789516205,0.6081526144271453,1.8745582335440165
507,1.9349170466639407,-1.0770790672551271,2.2144984295749413,-0.507937393082873
508,-2.4201542181317564,1.1845513517267179,2.694495935127483,2.686418319436446
509,2.367593060328545,-1.3806534914192454,2.7407482486875803,-0.5279350018379418
510,-2.655992516471656,0.9476915493914788,2.82000275183225,2.7988616569008706
511,0.6104476867003541,-0.10553222029593456,0.619502564739165,-0.17118478168909765
512,0.36364268697082025,-1.0926346773132565,1.1515583102278417,-1.249514423882798
513,-2.6456163583271746,1.4750354237050374,3.0290287909878044,2.6329794501940373
514,2.742704317749258,-1.9038498420045116,3.3387229887340197,-0.6067893935815687
515,-2.37351872033787,1.273864662928922,2.693756168485436,2.6490188121223093
516,2.217178403631806,-0.5635679809096388,2.2876820020793645,-0.24891125657316251
517,-0.8705115306751168,0.05392942533518408,0.8721804331417427,3.0797203077835453
518,0.5504878804279087,0.007561279526264286,0.5505398073219464,0.013734733004230866
519,0.7379671486672805,-1.7087369402015042,1.861283815897327,-1.1631137856706775
520,-2.7082610950319577,1.4065535880447655,3.051732484164577,2.662579858368462
521,2.7908003658428697,-1.200863855272786,3.038196945704691,-0.4063459129763046
522,-1.8774198940109272,1.1658727555678325,2.2099693981146733,2.5858768366311073
523,0.9407310119215708,-0.10264635909194197,0.9463144888597101,-0.10868344207376848
524,0.5467903619003209,-1.3771000919955512,1.4816829496357309,-1.1928276267104898
525,-2.4280537134535507,1.015744277914088,2.631953888944635,2.7453792859164325
526,2.6876522603719195,-1.2402538099573235,2.9600175988997,-0.4323460962178904
527,-2.04513908233605,1.566534940922601,2.576164899075701,2.4879427565120076
528,2.6045874103388087,-1.188360065882378,2.86287883506784,-0.4280446782885308
529,-0.6152568578461342,0.6829671617375226,0.9192307355275419,2.304085604233126
530,-0.6950933034266882,0.519416027235529,0.8677255959217556,2.499846893557632
531,1.6401622684439872,-1.3841808082734346,2.146180042964668,-0.7009590686707989
532,-2.3803248461272233,1.0266959289077988,2.592306097575369,2.734376075470673
533,2.9232121206117654,-0.8636407766347176,3.0481214695542813,-0.28727027419822543
534,-0.36655864155261497,0.872766890118001,0.9466188684909811,1.9684209558697803
535,-1.0335279828423154,0.7643568322091383,1.285465463660107,2.5048061466593343
536,2.238142512459831,-1.5968191116583341,2.7493841458474506,-0.6197007257497039
537,-2.2585029725383947,1.310188028728433,2.611020556714953,2.6159239462977566
538,1.9592276635883081,-2.1199091990129446,2.886622256172325,-0.8247688711333246
539,-0.9955662949680573,1.0799860002147526,1.4688505738625302,2.315543527501795
540,0.5579118908743794,-0.4921772092740184,0.7439785503008715,-0.7228805931227056
541,0.8116665238770793,-0.8597204247804271,1.1823374115570138,-0.8141411584371129
542,-2.2514272205336283,1.4481991069083264,2.676976873753274,2.569987126611998
543,2.3703345314278295,-1.4574458410633753,2.782558924894874,-0.5512810985430324
544,-3.5041223614159662,1.1180792982500165,3.678175477183036,2.8327286355219665
545,2.046273932263375,-0.632609580903484,2.141829098623767,-0.2998317889403222
546,-1.1588364183425028,0.6209591290761125,1.3147212953549678,2.64968028908211
547,-0.7928432894826756,0.39355682799291714,0.8851482692394287,2.68083989697126
548,1.604913769527002,-1.4297591591009393,2.1494090956936036,-0.727744339624393
549,-2.55069260702453,0.6189766637442915,2.6247218682728284,2.903524590101471
550,2.996711058738242,-1.807959938044263,3.499856612368154,-0.5428532414871695
551,-2.4058135755591366,1.423723187638295,2.7955190350565644,2.6072358611801874
552,1.2660288242296929,-0.2710399544382369,1.2947168187222642,-0.21090306452101062
553,0.6982719671260611,0.5716342829918801,0.9024131501511599,0.6860046934410444
554,-1.6329344348471295,0.6946448480376688,1.7745439790027155,2.7393860829330317
555,2.4561737834507085,-2.113339876021385,3.240215283911341,-0.710512118288864
556,-2.082788238119633,1.0763092379064858,2.3444505583296755,2.6646242453307556
557,1.7684608484731825,-0.7701591620870403,1.9288854054943494,-0.410727888850388
558,-0.546978685285012,0.2453317959036383,0.5994775827647141,2.719968783946214
559,-0.8141550260604618,-0.2522313688211284,0.8523315492675906,-2.8411625758896517
560,2.0401556444165863,-0.8915381297258023,2.2264490315746817,-0.4119866233399849
561,-2.95196457297709,1.1473386557730407,3.167093435808755,2.7708919292593324
562,2.6458160039717313,-1.391169385210297,2.9892632177878444,-0.48407374033444467
563,-1.1943136652015482,1.1199236152507055,1.6372580843847941,2.3883279471962147
564,1.4465498714865817,-0.296266426491286,1.4765772333893552,-0.20201528897887916
565,0.8856311604204166,-0.7404265953209546,1.1543717318811104,-0.6963358677532666
566,-1.8293314696168181,0.19058203289581144,1.8392322139939612,3.0377858897542307
567,2.2150896937540665,-1.412243811557623,2.626985903018569,-0.567577469422241
568,-2.549697321301437,1.6927130325173891,3.0604303358687877,2.5555163252728366
569,2.2570314255384574,-0.5241489526507053,2.3170936494740544,-0.22818470173910227
570,-0.7479905867236312,0.6569646056562988,0.9955362428923912,2.420893305100568
571,-0.6017424017928761,-0.16741864348476554,0.6245982070913574,-2.8702324175128706
572,1.1001632287155871,-0.8278141366402991,1.3768207489137536,-0.6450651271758511
573,-1.7129373538519985,0.8938297773981247,1.9321195742461355,2.6606487805189016
574,2.4274442653586448,-1.27487404326164,2.7418587650724926,-0.4835974184470956
575,-1.2754746198623934,0.845193950939823,1.5300942195232243,2.5563755986204844
576,0.7685163230595435,-0.37020043986713347,0.8530332376213601,-0.44890719410548596
577,-0.1465412108526607,-0.5328100205660675,0.5525946475435473,-1.8391947396060286
578,-2.6013395244197,0.6459052756949504,2.6803285146561198,2.8982172828521575
579,2.2994017556668496,-1.4204903928817174,2.7027840073215335,-0.5533798404833752
580,-2.0979523793209864,1.360073399026838,2.5002407557351365,2.5664232162589307
581,2.019976519808324,-0.6721381644544593,2.128867034996117,-0.321221441164477
582,-0.7792276341552906,0.44106041056651435,0.8953937634361508,2.626531339496854
583,-0.8159620363707063,0.2874711129035674,0.8651206190770426,2.802861926547493
584,2.0656050577714495,-1.6253227299658803,2.6283831971831533,-0.6666714739327557
585,-2.7508525282995606,1.0717596071421909,2.9522632484169953,2.770075151353652
586,2.6533520699641713,-0.7019162272344346,2.7446244911168036,-0.2586153267057226
587,-1.901003587334685,1.2295129095115698,2.2639603869579847,2.5674911317184197
588,1.214412100819004,-0.5950720670569254,1.3523710717133182,-0.4556223847338162
589,0.34151592852026624,0.08371981983876964,0.3516278397210546,0.2404010122892702
590,-1.0203775381529567,0.26925523872260726,1.055305028864478,2.8835955416082735
591,1.5033855646668144,-2.0231787137417783,2.5205991874525377,-0.9317381351502462
592,-2.59379947960565,1.4668664680695969,2.9798478108033493,2.626905898912373
593,2.2056103235804585,-1.2103735030862026,2.5158936615957876,-0.5018986355790279
594,-1.4326966534803205,1.255529947050249,1.9049869156594517,2.422003997943428
595,1.021760967003729,-0.05545632887301366,1.0232648132836717,-0.054222046294973215
596,0.3152895249206722,-0.8752360102650982,0.9302932646157718,-1.2250338554503728
597,-2.0042040991017984,1.320388859331338,2.400054334948016,2.559049315231752
598,2.243725434805583,-1.1687652874498937,2.5298846068430345,-0.4802305221614997
599,-2.2911045940013537,1.9240604646285533,2.9918504194228612,2.443052449191848
600,1.637130357418414,-0.3664803512920969,1.677648251292303,-0.22022465926629878
601,1.2924348030040846,-0.18135998772426376,1.305097377655611,-0.13941397705245834
602,-1.4886076766903216,0.10894592578249274,1.4925890358186211,3.068536444041518
603,2.1304481188616364,-0.9780799609106623,2.3442375300075904,-0.4303922674555378
604,-2.1502688927420195,1.4817400179650875,2.6113616739037067,2.5382228869492556
605,2.350092880819716,-0.9300494941321489,2.5274351841372664,-0.37683731026713113
606,-1.6912450989096897,0.888225002328177,1.9103019759574495,2.6579967222510485
607,1.1009706061495308,-1.1521407074426406,1.5936011060964075,-0.8081051225011622
608,-2.6976529586456763,1.4809604166564299,3.077429973369493,2.639532064596997
609,2.8717742209107655,-1.3684539508470266,3.181155983518644,-0.4446866822251053
610,-1.744142700557063,1.4314394454325523,2.25633611100978,2.4543492109362806
611,2.0792171319850468,-0.2865726484472688,2.0988729749030086,-0.1369642641970171
612,0.09611295553793298,-0.27518513486274543,0.29148680702848984,-1.234775087433835
613,-1.0051143047785445,1.022413299813259,1.4337307004125615,2.3476626333400223
614,1.7028098193920869,-1.7413187775860663,2.4355189110725344,-0.7965787428931422
615,-2.5172476260273697,1.4706424469717874,2.9153601522926107,2.6128521557981665
616,2.2367670555294126,-2.014502711226868,3.010207307519221,-0.7331638484885905
617,-1.616058725964649,1.123696838573629,1.9683344204648896,2.5340066620458743
618,0.745594618031987,0.6679519017701168,1.0010350031425375,0.730525704327562
619,0.7933753929853538,-0.8084082511311408,1.1326819565489574,-0.7947829619384613
620,-2.5919258414024853,0.989049571648728,2.774220363004445,2.7770581518040425
621,2.5770055515188233,-1.239371457635933,2.8595452824813687,-0.4482793904978773
622,-1.5534099937606243,1.5619148104796494,2.2028755034978853,2.353464503393175
623,1.644719355357097,-1.1436203883476281,2.0032397136964524,-0.6075839037731882
624,-0.5511644937615756,0.10368903964500475,0.5608330554861735,2.955638861895808
625,-1.1003511834315987,0.7699806340343258,1.3429977303283955,2.531028458418268
626,1.6776611806797064,-1.7702156627870664,2.4388953503453727,-0.8122356243839961
627,-2.815360585389726,1.5013920870078294,3.1906791478767818,2.6516722617187756
628,2.6025299135135356,-0.6572146421465845,2.6842304365655036,-0.24735761045962668
629,-1.6486464473449587,0.7746018945192858,1.8215496708396453,2.7023619071687883
630,0.9537248390846571,0.044500974073969246,0.9547624863706089,0.046626363224358904
631,0.9471267786551607,-1.0293943482579522,1.3988215965844664,-0.8269965608759984
632,-1.798369669003705,1.1184321458450768,2.1177875085220705,2.5852152133574484
633,2.085869312370505,-1.2049191020306935,2.4088754286445484,-0.5238295453910352
634,-2.1278067385022723,0.3915761214714806,2.1635372368698267,2.959600837869914
635,2.2759471165402374,-0.7231861019059309,2.3880815344702357,-0.30766217071139024
636,-0.22335155823930108,-0.21376203166787633,0.3091603544290601,-2.378129265942048
637,-1.1497132807789967,0.5021961231278596,1.2546081356679688,2.7297689090789947
638,2.187284305630101,-1.6956145563776133,2.7675478961447806,-0.6594440779984149
639,-2.092273601756915,1.6946318399354183,2.692468365186814,2.460815507170765
640,2.2828231856012735,-1.6843067065895028,2.836929815589579,-0.6356585551858339
641,-1.9084492343392867,1.0118754591978956,2.160108891925859,2.6540715355447393
642,0.7551213374929375,-0.6110002062751008,0.971354459713517,-0.6802903803537386
643,0.8034909879912675,-0.7749257883996492,1.1162919623960397,-0.7673027641838902
644,-2.720767756975306,1.08203482213991,2.9280328795489616,2.7630752125521214
645,2.9485549570640615,-1.7790419796511046,3.4436850466016735,-0.542886889288095
646,-1.7293107753184813,1.7996338589355005,2.4958360891412097,2.336269616170248
647,1.996234882832482,-0.8606480924086313,2.1738603557735323,-0.40705612749867176
648,-0.7647837319904056,-0.11089167725234006,0.7727814185143234,-2.9975987469010845
649,-1.254015354298872,0.8740873214408396,1.5285886151351995,2.5328622240965095
650,2.1228778321136588,-1.9388377508641312,2.8750134111435846,-0.7401182114257353
651,-2.617004820257648,0.9019247608177068,2.7680647578096584,2.8097007721808773
652,2.685600835261198,-0.932959238441903,2.84303795031824,-0.33435054187386815
653,-2.249986787831631,1.3390169651577466,2.6182832120298145,2.60476753046558
654,0.4170454397632284,-0.3072433762017397,0.5180013427078624,-0.6349439553127928
655,1.2207078031561878,-0.6015984003265302,1.3608997670518745,-0.45789317961559195
656,-1.9653909991232013,0.2536266127256681,1.9816882292926885,3.013255525752539
657,2.6346446207917325,-2.023661076805354,3.3221313086095523,-0.6549825715790346
658,-2.657849328486577,1.0894331096630339,2.8724601917810135,2.752587261305096
659,1.6150314218255062,-0.9002574866404842,1.8489970350803588,-0.5085252452327376
660,-0.9112456171128542,0.5991183846475465,1.090555552702416,2.5599827017493944
661,0.5368117496392415,-0.13692947439821523,0.5540004833118065,-0.24975327892689694
662,1.348128815494988,-1.2340570109830296,1.8276618969394445,-0.741250416876505
663,0.04259228834598616,0.22532842897854977,0.22931856429972908,1.3839773679682066
664,-2.1958402274331092,1.3822080110182569,2.594650899473094,2.579787870252622
665,1.504364844496763,0.4189503157709993,1.5616122926137557,0.2716077781791014
666,0.123860444597085,-1.0208053080747135,1.028292218549425,-1.450050563623625
667,-1.5555029602088553,1.150215529704468,1.9345762388677892,2.5048782781842194
668,2.9026084916793025,-1.1868439973525824,3.1358786216976977,-0.38814554055795936
669,-2.1541069979284657,1.5051970003763557,2.627887929205956,2.5317015116806947
670,2.1796472727836544,-1.2399316495009671,2.5076468509715264,-0.5172137306882728
671,-0.855616474244357,0.28253253693775804,0.9010572597936438,2.8226563383421746
672,-0.41985300417798044,0.7657993814497104,0.8733414210639698,2.0722984822765014
673,1.3817986282164156,-1.1412247619571971,1.7921387798507764,-0.6903341508427411
674,-2.9240756866624906,0.8639475181561664,3.049036558563855,2.8543061471582405
675,2.8319437219582824,-1.9261023928785974,3.4248760082945466,-0.5972685678295427
676,-2.244549966815157,1.5804476660632076,2.7451446917593545,2.5281024267465844
677,0.9801601538739533,-1.1079807963939032,1.4793023262402718,-0.8465345311159824
678,-0.2548064307771938,0.11947615094459962,0.28142648739937326,2.7031414371341276
679,-0.9848882062237863,1.7104895471414139,1.9737728515811404,2.0932264939505547
680,2.074892864867934,-1.5641357293459066,2.5984035445820024,-0.6459537189578485
681,-1.8304670028454666,1.7625392943354896,2.5410931137175417,2.3750977738875445
682,2.7506629728484313,-1.1824195260991246,2.9940378631373132,-0.4059858948840661
683,-1.3218235589274627,1.1617914333158694,1.7598229613974827,2.4205406942687815
684,0.27749793550447066,0.095920937289101,0.2936084644891271,0.33280645176670776
685,1.4888572347506397,-1.0438807503774896,1.8183461954418891,-0.6114831754182366
686,-2.5877150061265866,1.5341581855701847,3.0083068811683296,2.6064381311482645
687,2.9479540563939963,-1.8912702556987497,3.50247573848851,-0.5704145026811414
688,-2.2699431249583313,1.787724261532503,2.8893943700743807,2.4744811048343403
689,1.381341940742459,-0.45884267690367153,1.4555556187938234,-0.32070470477543334
690,0.15787720086086665,-0.24437280784921,0.2909351813854236,-0.9972024931037028
691,-1.9919848370939235,0.5924144697183209,2.078210406850987,2.8525237236309233
692,2.370053928488801,-1.9925699978946128,3.0963673587697786,-0.6990863276225612
693,-1.9333036722917996,1.719603344226563,2.587411592841799,2.414629330122292
694,1.9187675483955218,-2.186495752075153,2.9090260532725467,-0.8505217842092698
695,-1.5236501288329691,1.6827299278391834,2.2700417892934013,2.3066216187339124
696,0.8271923098724301,-0.6783089095523636,1.0697430038519546,-0.6868257568942845
697,0.6762625512099021,0.08148592779295427,0.6811541636055704,0.1199163920564934
698,-1.630135218984151,0.6270973351290436,1.746594371884455,2.7743534912978505
699,2.3780725871089317,-1.6179028539207252,2.876254313214288,-0.5974105387751775
700,-2.348978830693909,2.197891513285171,3.216897364110192,2.3894111281757917
701,1.939746093631129,-0.2659051083033006,1.9578867266466196,-0.13623331771650443
702,-1.8244032993187602,0.00758306112027185,1.8244190585995126,3.1374362165482625
703,1.9862298195631638,-1.5676953890606384,2.5303710654771376,-0.6681713053165184
704,-1.938380699199456,1.2376059444900989,2.2997800348872937,2.573362691796233
705,2.1374002768715172,-1.8780732237863589,2.84528363743823,-0.7209057899432377
706,-1.9624794040400957,1.0089608552795113,2.2066552559853867,2.666708547661376
707,1.4036130632556478,-0.11053343040204311,1.4079585471804013,-0.07858703437049606
708,0.0634502369260872,0.040100754521724014,0.07505999653069649,0.5636195006639647
709,-1.004677075325958,0.16915857598178974,1.0188182612780887,2.974786076431884
710,2.464598010535042,-1.6481723850815442,2.9649140905730595,-0.5894358051147729
711,-2.622377397433411,1.749358511439297,3.1523195295075563,2.5532978818730276
712,2.020036194641648,-1.289349063400202,2.396448880104328,-0.5680921607627007
713,-1.0151007911794068,1.0145589040604435,1.4351861851555656,2.356461474410122
714,0.6203499362874254,-0.06395705982927069,0.6236381554666277,-0.10273538330717238
715,1.3953758908004374,-0.8663176086165407,1.6424311479103764,-0.5556086952973396
716,-2.253510141031711,1.3441526697266681,2.6239387102724203,2.60377230117948
717,2.254987770793946,-1.7726100408891625,2.8682949993840117,-0.6661978535425054
718,-2.4157501104245966,1.068910217773876,2.641669481535842,2.725013701968678
719,1.7715452819318216,-1.2971978554040504,2.1956991966113586,-0.6320380467813127
720,-0.2046639078332646,-0.6472501975536034,0.6788373394287925,-1.8770532229381456
721,-1.4809243629924822,1.4185591097206256,2.050718634205108,2.377700264911665
722,2.776062978011737,-1.2298220410986644,3.036278628627399,-0.41702536961171827
723,-2.4340052652739814,1.245295227418758,2.7340705614181577,2.6686892383343883
724,2.408849324536959,-1.6915392298424763,2.943443567391473,-0.6122135256570758
725,-0.671869798611624,1.5991911814122872,1.7345954747413734,1.9685356742407076
726,-0.05252119564909208,0.9596835230280263,0.9611196285394937,1.6254694068159663
727,2.6771710039507752,-1.1268988641981963,2.904676511167119,-0.3984174112547806
728,-2.155926668302641,0.7578560462048429,2.28524956752381,2.8035624143972955
729,1.822318615475183,-1.459475177494447,2.334719025927924,-0.6752828618961297
730,-1.8186306554741805,1.602968637917236,2.424237182120736,2.4191408170197946
731,0.636646920650378,-0.7744118523872672,1.002513350879422,-0.882722025916593
732,-0.9008986321744032,0.4348015632439086,1.000335316208049,2.6919365852731323
733,-1.2311051582863684,1.3521421124750646,1.8286356124410994,2.3093741570526314
734,1.9778235931576091,-1.1713539631018577,2.2986640190609204,-0.5346969681894482
735,-2.733162153149351,1.7154815196842037,3.2269261224555517,2.581086762541617
736,2.46428740992485,-1.8815744820449183,3.1004894726795524,-0.6521086107560173
737,-1.2078824780700188,1.4949722048406358,1.9219578491930154,2.250374032869329
738,0.3526097106467887,-0.002798831035534022,0.3526208182986046,-0.007937309082852194
739,0.4807821276363029,-0.9933623919364294,1.1035942623845751,-1.1200347512518571
740,-2.301231012437597,1.0859031028526331,2.5445726009272254,2.700693668715883
741,2.7208057948236046,-1.353251605497725,3.038761932255944,-0.46154270088210014
742,-2.236382752350096,1.4634236738748925,2.6726422626806,2.5621509161065052
743,1.7808209959872556,-0.8495954282231821,1.9731030919358403,-0.4451446775184599
744,-0.04844958701187352,-0.20040859233473185,0.20618187690291753,-1.8079991567102662
745,-1.1303067671976805,1.0295181150044783,1.5288887916049505,2.4028258573831422
746,1.8669583401739374,-1.9692840801046714,2.7135978390503492,-0.812065269326588
747,-2.5106164775449997,1.7847201641364379,3.0803280931737866,2.5236090490311747
748,2.4140415798639197,-1.2911848631926972,2.737655036751313,-0.4911485630506757
749,-1.417006379256918,0.19942913863643952,1.4309713694522588,3.001771245873585
750,0.3955215164866104,-0.39640333487810864,0.559975779749762,-0.7865116756524562
751,0.767243647176997,-0.5913495634432593,0.9686883504605563,-0.6566465432136098
752,-2.3378771142585038,1.1926664662368367,2.6245233283511755,2.6698585786920024
753,2.5046534912328298,-1.7206619855195555,3.038744276762509,-0.6019382609179122
754,-1.8221571309392175,1.6227419840335813,2.4399893763247995,2.4140170405846377
755,2.554193325511278,-1.124521420465129,2.7907798138103397,-0.41472870503920817
756,-0.3424161499019647,0.9816467673007239,1.0396534016034604,1.9064178314212208
757,-0.7853874831889698,0.3063030793742172,0.8430036033042992,2.7697344125976278
758,1.0632596876844218,-1.3174238320136098,1.6929638852061193,-0.8917562937608855
759,-2.294960682936221,1.5197234339150185,2.752526812187947,2.5566885936286234
760,2.253580506673643,-2.0329049746369634,3.035016925152666,-0.7339618793948623
761,-1.8184883445150035,1.5426154851417948,2.384651419838164,2.438088970306241
762,1.0854041851722513,-0.5540612238410176,1.2186410812678379,-0.4719847918825636
763,0.30954252093556534,-0.2689121709436151,0.41003698363532154,-0.7152738651176336
764,-1.8412425517393558,-0.01615414394610326,1.8413134145772918,-3.1328193773773747
765,1.7532263057433966,-2.353762880807018,2.934962040336398,-0.9305922628315842
766,-2.220350047892225,1.951211088988309,2.9558719608545205,2.4206227577482813
767,2.3103813455926456,-0.5563358591527603,2.376419901920055,-0.2362996492373492
768,-1.8903219012928503,1.2385660059823564,2.2599474864877953,2.561560549609984
769,0.510655493151603,0.6495191262357025,0.826222807741288,0.9045234612580769
770,0.4467063983144044,-1.1007452820958505,1.1879338291130954,-1.1852812796499064
771,-1.9930532106147894,0.39872899592651834,2.032546656914544,2.944139995196893
772,2.6308706360754286,-1.631332540649801,3.0955978682553176,-0.5550486462226981
773,-3.179556214835884,1.3299581885670904,3.446500617530505,2.7454240562463816
774,2.3297436473213793,-0.8886820215148745,2.4934837472095315,-0.3644139288488139
775,-1.2868024908777898,0.9106742755340775,1.5764479968108054,2.5257154260491306
776,-0.36805952621159577,0.049363521592233894,0.37135504857089435,3.008269935581228
777,1.7509670912575075,-1.4288410046771816,2.259971763388577,-0.6844389604812589
778,-2.5321683033057525,1.6705609206250216,3.0335870031673484,2.558404022871471
779,2.605950089201997,-1.1405307535635103,2.8446065223921644,-0.4125481545954374
780,-1.0603990195224924,0.9825312587062456,1.4456188138437955,2.3942917691392402
781,0.1971560302566786,-0.003437897145076363,0.19718600204718512,-0.017435676487995298
782,0.6646279823988834,-0.2519402278803824,0.7107772037790953,-0.3623337096547751
783,-1.0647256236311478,1.2576171580434803,1.6477990077136522,2.2733256779325246
784,1.9482742485150766,-1.3110291203538864,2.3483121389293355,-0.5923180813799844
785,-2.5024115089629504,1.5242010466287113,2.930060100191511,2.594514020506171
786,1.6651453261947609,-1.1615587438379649,2.0302531055842983,-0.609094570049607
787,-1.0607611697275843,0.5345249499296187,1.1878262420485137,2.6748243534561245
788,-0.0521982223114037,0.2905397663184388,0.29519148061020284,1.748559408640208
789,0.141277572204217,-0.5889223029149235,0.60563093652697,-1.3353537505916602
790,-2.3148502718009922,1.0078337208858628,2.5247298053082377,2.7309651091156595
791,1.7013913512793124,-1.6582092719344885,2.3757926087387236,-0.7725455340492209
792,-1.98325607625884,1.7441927753164705,2.6411196681490563,2.4202426712108447
793,1.3909472989694223,0.48388580196488107,1.472711736170228,0.3347868905674485
794,0.13320316942406407,-0.1823497118611428,0.2258196221776525,-0.939904250816253
795,-1.5339427452696555,0.5824318966211379,1.6407947037844506,2.778711327785097
796,2.85847580774373,-1.0273423820874399,3.0374851956000155,-0.3450262312497159
797,-2.349502732350402,1.1328634549541832,2.608360154751014,2.692309232415921
798,2.711027294895416,-1.2175178909164686,2.9718712637612086,-0.42210386213341666
799,-1.9082907197704344,0.9049919919202551,2.112009464136407,2.698762794349271
800,0.43304255420173376,-0.8347576686859952,0.9403968413279785,-1.0922501402489138
801,0.6329607651096012,-0.6935456612274891,0.938959484948955,-0.8310389694124619
802,-2.3077406027566667,1.2286855317852599,2.6144473269947763,2.6523472503318555
803,2.4406310712530512,-1.5958299599904961,2.9160509747206214,-0.5790836610285345
804,-2.313998948708786,1.181003614658266,2.5979531697975733,2.669680769301312
805,1.6112836354736828,-0.6331670537143737,1.7312236920324966,-0.37442112456322024
806,-1.1226252609058065,0.3735485540660548,1.1831424253523624,2.8203712021081695
807,-1.09596542574468,0.7444701326020606,1.3249060316732835,2.5449067921082187
808,1.9079734392355476,-1.1582214406292763,2.2320034835012423,-0.5455819057319167
809,-2.066902007468343,1.5272384202269293,2.5699301742837126,2.505232059516748
810,0.934445594831459,-0.7916432458196994,1.224698982751218,-0.702854396489433
811,0.906781786491365,0.397751261510912,0.9901814350642983,0.41336735458231616
812,-0.2464414043929537,-0.5956602305766694,0.6446273932201627,-1.963081010829282
813,-1.892930886292902,0.9020488506853539,2.0968737370915775,2.6968921964431
814,0.8348035104605742,-0.36223966860235635,0.910007955232504,-0.40940338608315874
815,2.2563831885170202,-0.9584294018470914,2.4514999514067317,-0.4016703808471957
816,-1.1819867690265937,0.3153924127553509,1.2233417740670707,2.880835501284535
817,-0.1770567742627236,0.690277502191762,0.7126234148162822,1.8218840275935657
818,1.259981055996036,-0.8205648346134353,1.5036219302979925,-0.577254663752716
819,-2.112202603564697,1.7953972474165383,2.7721564015286666,2.4370917085368844
820,2.24694692629339,-1.5114968439721537,2.708023854938707,-0.5921604418975892
821,-2.9031218682093822,1.519617389242221,3.276790135385981,2.659367399074461
822,1.5650520816899416,-0.6473729286621932,1.6936586808346847,-0.3922120273705441
823,-0.41407454652778597,0.45944848769120483,0.618506784864909,2.304297520189518
824,-0.8681405426834772,0.006647071486526102,0.8681659895492965,3.133936126483754
825,1.5669040955124274,-0.607726233383822,1.6806307206749809,-0.36998993513548545
826,-2.5197325150085135,0.8156284786893622,2.6484527110069855,2.828540219200339
827,2.6631424362335565,-1.1897195714365623,2.916806523293446,-0.4201356334021867
828,-2.603390259439607,0.5793441041460596,2.667073383683663,2.922626161717699
829,0.38513836727599937,0.8400647546597995,0.9241430376135783,1.140927132983293
830,1.8028926710895803,-1.6571401184177503,2.448782423070314,-0.7432984373590344
831,-2.1525140051487597,0.8214259926371028,2.3039221349128542,2.7770374679987486
832,2.258651531201849,-1.6831171664936662,2.816804951633344,-0.6404134972992664
833,-2.2316336901667455,1.1045014326450016,2.4900024782722823,2.6820096350936584
834,2.713468536992991,-1.2773562810222572,2.999091624128529,-0.43997228582808107
835,-1.8308674733577845,0.3689136149121097,1.8676651092385483,2.9427584472339006
836,-0.6105671587899906,0.6180443548699657,0.8687756211931327,2.3501086740614925
837,1.2989411333963972,-1.8350810295174682,2.2482816667232797,-0.954828926601
838,-1.433915161453001,0.6394263113210386,1.5700250628109143,2.7221281882963613
839,2.433299931898773,-1.2832446037148557,2.750938979974269,-0.48530156437738253
840,-2.1154301520991794,0.8549332125165989,2.281656312040512,2.7575210846880798
841,1.8300874274721082,-0.7121383823066836,1.963761968199267,-0.37109902958231145
842,0.47403033063233124,-0.4266217551810527,0.6377388778749179,-0.7328086420508164
843,-1.605352369725665,0.7272918944495075,1.762415879046646,2.716211959128142
844,1.4418856574145593,-0.6969715399265723,1.601500414150878,-0.4502594057706807
845,-1.8680323609416973,0.6295534036391928,1.9712641602685075,2.816532998895024
846,2.4490510837642887,-1.4211341588016282,2.8315143489305945,-0.5257929183944339
847,-2.412800270095886,2.4639797502019647,3.4485941125015156,2.3457003524348528
848,0.9524562371441334,-0.9855764637549882,1.3705961657550882,-0.8024861118376156
849,-0.178620709209099,-0.1350857698498018,0.22394982244751865,-2.494089787900554
850,-0.4109272236765946,0.8368158170284232,0.9322670726715073,2.0272668236084184
851,1.8334533090285277,-1.7449513109020884,2.5310879308721326,-0.76067095419303
852,-0.24335020434182297,0.7701762834484924,0.807707143424979,1.876836517350242
853,-1.6309581672230706,1.638474895279245,2.3118443991090687,2.3538954020420504
854,0.42549967357854257,0.15995968689678364,0.45457350741938685,0.3595890469029223
855,0.3461809021260933,-0.9860838832469696,1.0450849926184276,-1.2331718164317744
856,-3.150669161111523,0.541529832949827,3.1968688935822587,2.97137808602361
857,3.029594428768064,-0.7685793410135986,3.125565005923791,-0.24844905226138372
858,-2.7352622363935097,0.6950427155766548,2.8221877822562758,2.8927545843797624
859,2.213934043893005,-0.9545258644540411,2.4109383187091633,-0.40706370530182906
860,-0.8478128625262116,0.6117230393357289,1.0454624463456499,2.516562207326421
861,-0.08430089478599712,-0.6903013250109353,0.6954297665282761,-1.6923164823882642
862,0.6425676662888691,-0.23116741627611503,0.6828847487736844,-0.34533934168104297
863,-1.1459829749704795,0.9944351985152409,1.5172930972518914,2.4268794145419608
864,1.6263622169458358,-2.741728207716662,3.1878092204048527,-1.0354001814271139
865,-2.4133769117906922,1.6559401247687475,2.926862794048179,2.540222157615227
866,1.8130133501397268,-1.922661923635097,2.64265894136589,-0.8147414797754334
867,-1.0312131822454376,0.8173392056169106,1.315843457359288,2.4713804384397946
868,-0.37827722232532324,-0.0384951759588148,0.38023089761651685,-3.0401773213252032
869,0.4823386810685406,-0.5383691191783413,0.72283601995183,-0.840236835569672
870,-2.016872059524644,1.0888752833460345,2.2920345301005143,2.646549847332275
871,2.621651070904818,-0.8872132091885874,2.767706923815289,-0.32631951212370064
872,-1.9952747077498998,1.6280962697311878,2.5752317610069695,2.4571858803774465
873,1.8222853864017452,-0.8286986580300635,2.001865503802437,-0.4268035388901427
874,-1.0916989557356374,1.0417274770978864,1.5089740708491344,2.379613316385999
875,0.14771006809439768,-0.12667886233342784,0.19459136254865775,-0.7089003054574176
876,0.6021424097218642,-1.1258811557639987,1.2767865359918746,-1.07968320803377
877,-2.4193917962741125,1.13378187003795,2.6718753699799,2.7033604820438977
878,1.7928809427133956,-1.9820122235625774,2.672600705136543,-0.835458722651197
879,-2.7727538911284455,1.041661779658284,2.9619627620834126,2.782227975640288
880,1.9208178770626319,-0.6281902325002804,2.0209315389325173,-0.31607870166246477
881,-1.3743705509347137,0.004320306273967844,1.3743773413160192,3.138449183991442
882,1.1369969486653417,-1.317139180604542,1.7400050811299093,-0.8586702739697211
883,-2.2757802556031947,1.2418915481289048,2.5925798713072177,2.6420573676944987
884,2.858253303234733,-1.2364178269510901,3.114215950806032,-0.4082718294501502
885,-2.308346915164634,1.532485423431794,2.770735832550806,2.555515727112459
886,1.7948956302805072,-1.1885993474541792,2.1527700138121024,-0.5849114549454185
887,-0.023996032668037515,1.0045735072076596,1.0048600603901536,1.5946785715323732
888,-0.020431573835935524,-0.11460241790659609,0.11640946438950478,-1.7472249004923854
889,1.7036511321248327,-1.208448280414089,2.0887255507667812,-0.61695929538539
890,-1.4770734351634474,0.9569798397697724,1.759987598419752,2.5667027721670514
891,2.842405278617889,-1.3313579434354637,3.138754807477568,-0.4380424485147919
892,-2.0210156614203925,1.2409212538691463,2.3715796132558316,2.590936245819176
893,2.0342921148169353,-0.4837139194094746,2.0910101779371697,-0.23344480575198226
894,-0.6693625072775831,0.3870902164578567,0.7732302385617901,2.617284247937188
895,-0.9060314825495652,0.5294658244629886,1.049393685251267,2.6127383303242513
896,1.0971030177397552,-1.2126618630463923,1.6352931925562537,-0.8353870492777268
897,-2.636853832689667,1.37856755276799,2.975474186161747,2.659865791461975
898,2.4485288978704602,-1.5157612770104834,2.879726725331968,-0.5543090588934522
899,-2.1179419339648575,1.0911901009201301,2.3825141913518344,2.6658492626247363
900,2.315654153300784,-1.7540959717950741,2.905014085330203,-0.6482805480344651
901,-0.7523681303931653,0.25991882681087475,0.7959997488454682,2.8089612821312784
902,-0.7055001510093462,0.13604390153612655,0.71849732513029,2.9510975806826814
903,1.067366469313356,-1.1520735972955904,1.570523719464326,-0.8235456384394881
904,-1.8671329929505873,0.9162402193730017,2.0798273372954075,2.685396257717781
905,2.5308815175820882,-1.5059926054026533,2.9450594193608532,-0.5367693814384397
906,-1.754576263820013,0.9419773327292589,1.9914464996419876,2.6488868079720227
907,2.2786723768308548,-0.5132981582167275,2.33577027983504,-0.22156374577985954
908,-0.3726630474192234,-0.121478111141883,0.39196259821363316,-2.8264809136356153
909,-0.9031354240419205,0.024125996461364707,0.9034576126552,3.1148854075071477
910,1.745781897799361,-1.8965282685247615,2.5777071028333434,-0.8267621273343834
911,-2.503670926850191,0.8309905783753493,2.6379752560066767,2.8211246671084518
912,2.1021761078119425,-1.1037094584236584,2.3743038889049592,-0.4834719871106724
913,-2.4609407853702123,0.9323229821192811,2.631626054758986,2.779452496330398
914,1.6566155068043145,-0.26166431874955265,1.6771532884895117,-0.15665691411729205
915,0.08922736524652919,0.010623517127783089,0.08985756409452587,0.11850334973806274
916,-0.834353894849869,0.1417376782029578,0.8463072676478156,2.973321879055792
917,1.5603332445000433,-1.461354942459323,2.1378021661843087,-0.7526539095229584
918,-2.3001432558236274,0.9048128944738778,2.471708998105787,2.7668127413359875
919,2.7272949234386488,-1.1459666215909934,2.9582726543060396,-0.3977846809196609
920,-1.7033021596473645,1.1248989576642074,2.0412339189846413,2.557925447863281
921,0.4959608737083272,-0.4449842955472576,0.6663244041255103,-0.7312751444886153
922,0.45391160580322776,-0.12194347793757743,0.4700063379300084,-0.2624533924573429
923,-0.9659844231549641,0.5491841469522925,1.111183663055638,2.624639803025498
924,2.0876969780154013,-1.4030632196410053,2.5153657925486748,-0.5917290051841229
925,-2.202703414895268,1.4498830811647352,2.6370557982414824,2.5594543403150545
926,2.4592805713527923,-1.161107674139366,2.7196014339565724,-0.44110657720739876
927,-2.1346613132673156,1.2802078974762452,2.4891185554570696,2.601376024101129
928,1.2262553450012774,0.6561527706120245,1.390769078433238,0.49132131169466653
929,0.12476319454469831,-0.20987608678712633,0.24415942848490538,-1.0344594125688333
930,-1.7793999380770629,1.3216726162838839,2.216547460413005,2.5027392715392414
931,2.2196361118550385,-1.226975361744202,2.5361886774012437,-0.504976757100383
932,-3.089690792396709,1.3511289520006287,3.3722008596101336,2.729348145500419
933,3.413156753545877,-1.3730771452960226,3.6789916921909604,-0.38247852989306064
934,-1.8158655893524838,0.592451464027917,1.9100697829721471,2.8262179879171683
935,0.4238957435144357,0.14283800049426532,0.4473145378308825,0.32501542479821677
936,0.8498276029453109,-0.18572369751557716,0.8698851915894594,-0.21515994608492323
937,0.6654319697519213,-1.054513821589886,1.246915837693959,-1.0078711453591394
938,-2.757729691818213,1.9629778959337543,3.3850192426425414,2.522984815637712
939,2.2885951964798323,-0.6719674784266445,2.3852061263994826,-0.28558939496081803
940,-1.420782742723759,0.6982984187904435,1.5831122145024594,2.6847773775421904
941,0.9434231054204929,-0.645287158096636,1.1429972319501387,-0.5998965156882701
942,0.7963395802697733,-0.22034504604284422,0.82626186310386,-0.2699435314575799
943,-2.1566729515142242,0.747867563214129,2.2826616288668182,2.8077990258583228
944,2.3296115513951463,-1.0411445582286092,2.5516802251698283,-0.42028770052692344
945,-2.288897762665556,1.6638405852326343,2.829738231886947,2.5130285310771368
946,2.0047207025600073,-0.660758419699377,2.1108071405214424,-0.31838791378238523
947,-0.7348472481517092,0.5181090460300268,0.8991315041162133,2.5274809231076896
948,1.3494672536484131,-1.6602353895691877,2.1394960662378755,-0.8882889626540166
949,-1.9376918281385542,1.3221257997024765,2.3457762576754515,2.5428313042776365
950,2.2610055315288946,-1.5532314135130676,2.7431138943777125,-0.6019238907115528
951,-2.2671878370874765,1.3843746375169417,2.656432537377442,2.5934059141954666
952,1.9900149226358508,-0.9673610669689197,2.2126786540753307,-0.45247192312696466
953,-1.2375938981871286,0.6156791614712205,1.3822805383495487,2.6799624613429893
954,-0.08979112625127073,0.992595131556655,0.9966481533336852,1.6610117561074376
955,1.1134366114256409,-0.75439834637735,1.3449378991908487,-0.5954928776438089
956,-2.7532668610122073,1.8927742262872442,3.3411184773433713,2.53932916723683
957,2.5710838396300915,-2.433178451584787,3.539891168901038,-0.7578475502350575
958,-2.632423940019862,1.3323056453769198,2.9503718634594023,2.6730661077545776
959,1.7575306358257876,-1.2888479008810165,2.1794593016323107,-0.632745912455778
960,-0.6968513307359672,0.6155148668884536,0.9297635874291911,2.4180922757969863
961,-1.4571243394753992,0.44779808674628185,1.524380027153744,2.8434372300393145
962,2.0259532283370163,-1.46357210891545,2.4993058639158985,-0.6256094868892574
963,-2.582468607984538,1.2063045520780804,2.8503183653041098,2.704599075821605
964,2.640226374452368,-1.3204232271253886,2.9520014917147517,-0.46374154801720896
965,-2.425800938831344,1.7056371505906327,2.9654187367570812,2.52877359195897
966,0.8727512394705172,-0.22315355789794467,0.9008286387542502,-0.25032652393531746
967,0.19899081279299935,0.11219373355841356,0.22843987704819577,0.5133867952485348
968,-0.918282477047569,0.6393653572606297,1.1189418071185078,2.5333797023664673
969,2.2378716711843936,-1.4349212174870587,2.658395854097763,-0.5701633682808003
970,-2.5109589990562426,0.934620908833466,2.679259475707835,2.785264354091515
971,2.1001329097941834,-2.0796429439770634,2.955583362592598,-0.7804960340959954
972,-2.075323527627347,1.5318530819167009,2.5794459887544283,2.505733434948652
973,0.19819258212100976,-0.4559730428959625,0.4971837843852075,-1.1607733256762838
974,-0.565065108372437,-0.596505888546794,0.8216555554312003,-2.329133634425211
975,-1.5207380564813775,1.1056913269920017,1.8802121016034576,2.51292540057472
976,2.4538715174904837,-1.95366831123048,3.136607290474408,-0.6723935833884287
977,-2.7512721179000437,1.102047993315395,2.9637827258934957,2.7606041016634575
978,3.105899184658824,-0.8569384988494733,3.221948686133089,-0.2692089983168091
979,-1.277380883376054,0.6347453618077452,1.4263953153144586,2.6804188260692183
980,0.032616730646168435,0.0691647796404169,0.07646971858685064,1.1301420539145242
981,0.9396287478050454,-0.8913752628293707,1.2951648709279477,-0.7590506958340454
982,-2.0859051915336977,0.9526059635084394,2.2931329202161557,2.713191679425128
983,2.49900457410331,-1.742614155657634,3.046592843963176,-0.6089272720754023
984,-2.9556161173246664,0.9606907797035902,3.1078277634381264,2.827325397342596
985,2.3936449274131064,-0.9886129420546084,2.5897667052706437,-0.39167621179996176
986,-0.9252192820119944,0.6695179852889055,1.1420529989593764,2.5151819347584916
987,0.4114602951519828,-0.02190542497832837,0.41204298577944265,-0.05318803482183666
988,1.412694111647852,-0.9942754751558454,1.7275092976829085,-0.6132818607402456
989,-2.3939139594994003,2.0174183872337252,3.1306231000608844,2.4413355234568446
990,3.034874280400686,-1.6574076670031062,3.4579563433447595,-0.4998599837807889
991,-2.248111154852836,1.4470821555294933,2.673583836244085,2.56966750251922
992,2.7393659282927274,-0.6919750001463356,2.825412375197397,-0.24742805282977662
993,-1.290088172827268,-0.049400817814195364,1.2910336689914443,-3.1033187632989794
994,-0.22270598126272034,0.5579277318262115,0.6007339744270604,1.950583841295757
995,0.5199013790121398,-0.9807763149465032,1.1100538833132232,-1.0833661637753746
996,-2.124743215035778,1.259640796309931,2.470066530595662,2.6064516970835467
997,2.0994519278806365,-2.011032277650422,2.907223627317576,-0.7638907175694658
998,-1.9374596851964725,0.9233973660619696,2.1462555130766225,2.6968379544190664
999,1.7791871347312735,-0.5451762790238206,1.8608396050179976,-0.29733509366204247
1000,-0.2600817727826552,0.9937320521011301,1.0272029594519732,1.8267768905639212
1001,-0.04094845692384297,0.2483025571892341,0.2516563848408315,1.7342387885859287
1002,1.2649673043505345,-0.9075151945394921,1.5568320748866624,-0.6223230433667336
1003,-2.0626735136435173,1.9290286880006136,2.8241412328380218,2.389662648852125
1004,3.2840662499316977,-2.0012688436677024,3.84579876210073,-0.5472934787562309
1005,-2.040943328547428,0.8631703404118056,2.2159676682905114,2.7414790400254745
1006,1.6158584749028932,-0.5917006618203118,1.7207871117933498,-0.351018794234617
1007,-0.6010569297874326,0.529231227789154,0.8008465054632568,2.4196555238555253
1008,-1.1634370814091426,0.06455303412207058,1.165226560207151,3.0861647204441374
1009,1.5980600551752104,-0.5031538901771171,1.6753983935610548,-0.3050270244227092
1010,-2.1268523250844282,0.7392030083541457,2.2516487071203755,2.80709563232064
1011,2.236520291806073,-1.2692219109310514,2.5715651410858316,-0.5161784295978387
1012,-2.370867852105903,1.5610316637623853,2.838632457261422,2.5593196035203447
1013,1.6110570635646582,-0.6183846182776236,1.7256605686472475,-0.3664962874396229
1014,-0.34780485592909827,-0.26882395644067003,0.4395845053732855,-2.483585857875329
1015,-1.5084267597502503,0.8296974477935493,1.7215542815739993,2.638717515139221
1016,1.7515632609239447,-1.8536835934564593,2.550316984546857,-0.8137160673597645
1017,-2.1129326022543182,0.7517485499402525,2.242679215582665,2.799773978156799
1018,2.4012076454799853,-1.2321295163816472,2.698877785645435,-0.47409563698346524
1019,-2.377310125261147,1.2698197385913659,2.6951893440323285,2.6510064273175806
1020,0.9269282269067389,-0.5913936294429405,1.099519150711876,-0.5679033503238491
1021,1.0180942804367987,-0.27130905753408285,1.0536244912482602,-0.2604347988333212
1022,-1.2288381990803146,0.35537724136278825,1.2791936144296439,2.8600754057712066
1023,1.8836244212999418,-0.29284706262431115,1.9062529639597225,-0.1542352270496122
1024,-2.5705770346503414,1.1249555436355294,2.8059563906497287,2.7290750888183757
1025,2.524325652729317,-1.1405662034967818,2.7700381343198788,-0.4243747603270089
1026,-0.6539728370150897,0.7559704172700847,0.9995857858838685,2.283978669991286
1027,0.48567803799744524,-0.46417092741893384,0.6718167953050899,-0.7627593681819765
1028,-0.25731851944556183,-0.2467541158436859,0.3565114502164764,-2.377149520268954
1029,-0.060296394360989325,-0.07748820820020086,0.09818389676017968,-2.2320628979238326
1030,-0.5396248408676456,0.3163820110989448,0.625533808701372,2.61130763724243
1031,-0.13024266599074963,-0.44121178625367463,0.4600336861291097,-1.8578372891565993
1032,-0.1396154653616577,0.22929449440333372,0.2684556636240567,2.117728046206286
1033,0.46757943475790853,0.5048204158781004,0.6880946011239032,0.8236774674497921
1034,-0.23944183989056,0.44850538211888846,0.5084185996595588,2.0611683809580392
1035,0.28279337762990053,0.3092672260369227,0.4190683852689207,0.8300831590805124
1036,-0.5356291566620257,-0.7527648589696341,0.9238796059909786,-2.1892313827356373
1037,-0.5344754290626952,-0.4544193604542883,0.7015418301337679,-2.4369734218018255
