563,0,0,0,0
566,0,0,0,0
568,0.7233020979322191,0.29061267438612504,0.779500898900704,0.3820451044685005
569,-0.15682615508069375,-1.2287003699270826,1.2386682533981177,-1.6977457234338564
570,0,0,0,0
572,0.9606444703143211,1.2816312655912725,1.601691761634107,0.9275844016765596
573,0.10802686447777887,0.05727539273948423,0.12227131332558167,0.48751144938957797
574,2.936025540207879,1.447747307005443,3.273563538056728,0.4581105013059202
575,1.0982791331414319,-1.1794928407973657,1.611651456049395,-0.8210379552337684
576,-0.9056653430489519,-0.48445552306952777,1.0270963282149077,-2.6504034074251286
577,-0.6779307900057461,-0.9445841381997298,1.1626819643291717,-2.1933048990980457
578,-2.1340040495543917,-1.412441753657049,2.559094564682662,-2.55691540736549
579,-0.8977742183473083,0.7147247607930467,1.1475321480550331,2.469229716688531
580,-0.9325042436499302,-0.8863422137613952,1.2865328150966766,-2.381568881738283
581,2.0716217162348585,1.644897368976558,2.645241745028583,0.6710804835865184
582,-3.596876942007782,-3.0663940737659914,4.726552268998455,-2.4356399061827463
583,0.12457630756063054,0.565450408996071,0.5790107265321298,1.3539471006330392
584,0.04515673142503829,-0.908227093159212,0.9093489886404587,-1.521117587789908
585,0.1006393327327828,0.9853603020175115,0.9904863452289189,1.469014706459167
586,1.7998197642915557,0.8251497405759665,1.9799553728069468,0.42986895824228694
587,-0.40413401367163715,-1.6564337067873112,1.705021092534488,-1.810099603277248
588,1.069090300185394,1.3580089476638477,1.728335144549681,0.9038792908593093
589,-0.9155054733691941,-2.129353225792329,2.3178212683382533,-1.9768482444974187
590,1.7691086615919858,0.9832902073300147,2.0240071858446775,0.5072937474195472
591,-0.7095579079396543,-1.122141011795975,1.327656911658352,-2.134645784476412
592,2.0427567809799143,1.3415997684547847,2.443920048806293,0.5811123461212709
593,-0.5472518126467776,0.19454801899075846,0.5808041650491259,2.8000264849376335
594,0.3639127566218576,-0.2055047405511914,0.41792905237747213,-0.5140657873622858
595,0.6622447684550252,-0.13420140602204356,0.6757056687081613,-0.19993871262011462
596,-2.963845450431961,-2.300544716599802,3.7519176226459847,-2.4815316549100026
597,-0.07076927267945621,0.023812972352629913,0.07466825033336688,2.8170060821613228
598,-0.5643709399469685,-0.37320676580293366,0.6766076026011757,-2.5573291119184534
599,1.640861242122753,1.9627373072806904,2.5582735102588385,0.8744824880337561
600,-0.8415395223923952,-1.892899397546671,2.0715349132903773,-1.9891313358844942
601,-0.7578433328750407,-0.9360278679891962,1.20435654473065,-2.251386274262485
602,-0.005749831403079497,-0.17949515110217362,0.17958722067662827,-1.6028187289345632
603,-0.47398251732334984,-0.6076809693919358,0.7706721658976029,-2.233213781959826
604,0.6756845429478062,2.6725925000348525,2.7566828386343483,1.3231654151717518
605,-0.27747916703430064,-1.035225395067755,1.0717678418068153,-1.8326780509685392
606,1.521271595341375,0.7344947719411721,1.6893045423491306,0.4498064156567806
607,-3.0039791536622715,-2.8491990591478498,4.140268835991993,-2.382632098304365
608,0.7128994120550942,2.1723719359190454,2.286356358855102,1.2537032254253673
609,0.5084546220182347,-0.2208373367495824,0.5543421614439537,-0.40974702410152597
610,0.8358120084191683,1.9781284800569665,2.1474575658275925,1.1710224892649153
611,1.1737511150757882,-0.20736607352466763,1.1919280047849763,-0.17486513885415725
612,-1.6275579459597793,-1.4846044038255286,2.202951452782146,-2.402096057377386
613,-0.3568021018870695,0.2823042905040438,0.4549763206453961,2.472236392957775
614,-0.4968924106536292,-2.1713771685465417,2.227505527681216,-1.7957602922544973
615,1.629426495167877,1.427541477647651,2.166311467347092,0.7194529902033516
616,-1.3995075160123633,-1.6581729518668453,2.169829215785865,-2.271800113602697
617,-1.2992707003296005,1.4665010458616052,1.959267636196789,2.2958037519982284
618,-0.4923763381556796,-1.409058010681747,1.492608098544959,-1.906969077968051
619,0.4074724918372681,0.1340665553298095,0.4289611554232777,0.31786344686632384
620,0.561921518496888,0.35429380227037655,0.664289011859333,0.562547508138592
621,-0.7058195284852218,-0.171745994452408,0.726414408861462,-2.9029028554867256
622,1.4030870411739897,2.046677714374937,2.481439685269299,0.9698386007661759
623,-0.5797123840393397,-0.8589004812083658,1.036231868274923,-2.16450964688446
624,0.3707880718023375,0.41713339872399047,0.5581075761194458,0.8441501982388228
625,-1.4751071744596516,-2.0355898669016597,2.5138749536074885,-2.1978805353354596
626,1.008339356129568,1.0938502153187528,1.4877017680545632,0.8260527953113478
627,-1.21469489061775,-1.953140666504737,2.3000526386253504,-2.1271768755334723
628,1.055800450410004,-0.20013819397513544,1.0746021997807358,-0.18733784681674728
629,0.09449477514857563,0.6894359371146948,0.6958815803824651,1.434584049417396
630,-1.9857768021265088,-1.0646389605149125,2.2531679085478866,-2.6494587825014944
631,0.8068992854365433,1.2338124044609913,1.474238619165777,0.9916222560352809
632,-0.7366809736383857,-3.4795219879960086,3.5566518134150407,-1.7794343604360225
633,2.5461309736539874,1.6661917409176112,3.0428568570509955,0.5794631489254832
634,-1.6150131268130963,-0.7189608907146976,1.7678156471068711,-2.7227597701551285
635,0.5086143199584967,0.17456629456569317,0.5377377777925226,0.3306214588651925
636,-1.019534858756515,-1.203382481460494,1.5772066208666775,-2.273676734813222
637,-0.6171308579556012,0.08058427401579138,0.6223699230037298,3.011748403900518
638,0.25325048043958986,1.4052157456477516,1.4278540183293422,1.3924885787763734
639,-0.6178091970010087,0.6429527080292701,0.8916705606114866,2.3362540253823347
640,1.0237776419309625,2.4184182734583146,2.626188798528167,1.1703450197538054
641,0.4920849394362108,-0.8162681076033778,0.9531218238558693,-1.0282859298879612
642,1.7429226136235343,0.5902171090615411,1.840145503189695,0.3265157331900877
643,-1.3348285028203577,-1.6332486090615248,2.1093288389777074,-2.255987999677001
644,0.5034306244720597,1.75103412084502,1.8219667631490482,1.2908421183343881
645,-1.5642271941089803,-1.0719570998060135,1.8962855108381156,-2.540804132853794
646,0.34546567529855565,0.46378508709472044,0.5783105911367563,0.9305780827064895
647,1.0456029984931092,0.6279534226875967,1.2196766503966732,0.5408354408881709
648,-2.211128468648667,-2.029056374414381,3.0010263036868294,-2.3991077881312153
649,-1.4062036174658488,0.393993887687202,1.4603560515534952,2.8684145663396965
650,-0.4642988965583186,-0.8978022466617404,1.0107533524337877,-2.048070022924133
651,1.8299767036828598,2.9563560121464434,3.4769031632440393,1.0165251327403233
652,-1.3666816465656098,-0.9317932027541929,1.6541031696234072,-2.543191338890443
653,0.9928164776671906,0.2882559236643374,1.0338162485930793,0.2825724923640489
654,0.012927972369936924,-0.8851646472620587,0.8852590497883445,-1.556192203932036
655,-0.9772915507591051,0.5043766615622189,1.0997702450574782,2.665150993956859
656,0.6491619084529816,1.9404571131826742,2.0461634811245055,1.2479595235308982
657,-0.9827641906575764,-1.0460469768361236,1.4352838507371408,-2.325012546980956
658,1.0964618047601107,0.8865478347830731,1.410033883513568,0.679934665583588
659,0.47189617902256487,-0.024911133057798907,0.47255324390625014,-0.05274048111264271
660,-0.6725835510987395,0.3080351253124718,0.7397663628706437,2.712115881028157
661,-0.715190218723194,-0.4921955621065308,0.8681897950993746,-2.53882856222576
662,1.652095874623683,0.9155980072786178,1.8888463383454905,0.5060650569470773
663,-0.8958739571440901,-0.4279485276207424,0.992839407649481,-2.6959531738306284
664,-0.3610827985729088,0.5407744432144455,0.6502444047119031,2.1595238256374403
665,-0.9058046457581668,-0.4042502726482553,0.9919175062540568,-2.721829426975856
666,-0.8483472825405443,-1.0780072097226139,1.3717844787020523,-2.2375345907722455
667,0.07412160933114365,-0.4054689534627869,0.4121881672149824,-1.3899880937434381
668,0.04266989838123436,-0.5082670488704935,0.5100550099698908,-1.487040993911799
669,0.5690880571838193,2.8530318697770554,2.909235649924704,1.3739125275343742
670,-0.48974553136474697,-2.072870734835192,2.129939850988268,-1.8028061638978814
671,-0.0007135129371249604,-0.9676486796678319,0.9676489427285133,-1.5715336944189138
672,1.2677464719225213,-0.9034027353098963,1.5567008766096981,-0.619135832025906
673,0.8131884852662665,-1.5672993260869816,1.7657017557114087,-1.0921850855213913
674,1.1318484288435116,0.39698318714033576,1.1994484218788337,0.33733286300535453
675,0.1798372986863228,0.5299350783615182,0.5596182996264706,1.243634100817688
676,0.40596961277066157,-0.33988533855665537,0.5294651734145818,-0.6970268836205877
677,-1.2245676869068234,-2.062955886861687,2.399031681940365,-2.1064956055771367
678,0.7714485319429514,0.5606063398853394,0.9536311161851692,0.6284170867962878
679,0.16310841141040555,0.9263816592539342,0.9406313478057694,1.3965122332105295
680,0.5484496382053976,0.038452532414112284,0.5497959647875654,0.06999678581606811
681,-0.43153676605936653,1.042866204326856,1.1286247829053198,1.963141320141674
682,-0.044280407329097216,-0.9080511209938322,0.909130129745674,-1.6195219518644715
683,0.2840953386841534,-0.22142689526697268,0.360194435561732,-0.6620596873311791
684,-1.5627435031472032,-2.3333806099814183,2.808350463824992,-2.1609192191317694
685,0.051504902105421024,0.6576441448287369,0.6596579236001109,1.4926385800551178
686,-0.06314421689916117,-0.6818898860719855,0.6848072786230253,-1.6631347703703987
687,-0.5870932532182565,1.4114352041566463,1.528668644117197,1.9649807354020077
688,-1.4891043307085852,-1.6147542087403508,2.1965570473765847,-2.3157347506781356
689,0.9743592819164064,1.0621657247858138,1.4413785197394988,0.8284872947504693
690,0.6230582995865461,1.7334878777884342,1.842059137792033,1.2257501659716281
691,0.4550497157747486,-1.3604184832912551,1.4345064285346227,-1.248002927583953
692,1.329961192255496,1.3231847118806854,1.8760635795890375,0.782844038639868
693,-1.2893435199267742,-0.8702392533404009,1.5555459075294509,-2.5478790185451525
694,1.5223110987146242,0.6573529145265411,1.6581748808573433,0.4076266906885365
695,-0.537308287264409,-2.3613532209669756,2.4217120451726135,-1.7945294645516596
696,0.8023416813400672,2.0666728851466587,2.2169548907941317,1.200478646920103
697,-0.06704554170960364,-0.37209841344576944,0.37809037802090784,-1.7490658219853052
698,-0.4153963238362621,0.20290565889422396,0.4623038094889333,2.68721731609702
699,0.0012866932758015537,-0.2349757167955886,0.23497923964296644,-1.5653205251542885
700,-1.6620426172844418,-1.862966174082203,2.496603418135167,-2.2992566509222194
701,1.052444757902606,0.6265918937446031,1.2248499376426172,0.5370066310246605
702,-0.15453715927395706,-3.453593367066219,3.457049157683507,-1.6155132707707929
703,-0.5298378059273432,-0.6752825799884477,0.8583324900210613,-2.2360864005509007
704,0.6321390278753825,1.190926398791703,1.3482972364809653,1.0828164752105636
705,-0.14671354506378975,-0.5148320863153231,0.5353288161541213,-1.848411052678914
706,-0.7025335599429354,-1.0266642858846353,1.2440228931804682,-2.1708989824315927
707,0.5322113734813456,-0.2269327166734456,0.5785735942468259,-0.4030523437846399
708,0.7969505964030645,2.1316111675821503,2.275718880456929,1.2130145981649738
709,0.23156596948723518,-0.1023468971532111,0.2531752072803597,-0.4161622342055372
710,0.9864281269957473,1.5244836160261457,1.8157892898848398,0.9964926285438804
711,0.42351147426904845,1.110559798327131,1.1885726879320173,1.2064705853535453
712,0.6383254816591375,0.13929317024633292,0.6533467745482822,0.21484853261673018
713,-0.7973502895542879,-1.7931598134824753,1.9624448020112089,-1.9892024331331737
714,1.578906082840092,2.198717186373983,2.706898905405551,0.9480235368104755
715,-0.16632463781644446,1.5450856720341335,1.5540121039007198,1.6780309061186718
716,-0.16650139072305592,-0.901397640277878,0.9166462889311442,-1.7534522159517105
717,0.45510875016822183,-0.7520326433998434,0.8790205180873977,-1.0265829006047398
718,-1.3527979516243818,-2.5795688193027217,2.912771462274025,-2.0537947649514905
719,0.6163780016631222,0.017979081591761314,0.6166401611224386,0.02916065323784735
720,0.4655384049683562,-0.2432885691878255,0.525276436172365,-0.481560673746226
721,0.4868155602939055,-0.07947531149250153,0.4932602912064778,-0.16182786727489878
722,-0.15447372494122646,1.9306010776158473,1.93677119262671,1.6506395082216492
723,-0.7745772661103842,-0.8759251356725599,1.16927960064222,-2.2948672361068185
724,0.058316352039810226,0.07901961334437146,0.09820843247056256,0.9350205619691367
725,-0.714846256861108,0.14624553152486897,0.7296526066830219,2.939794084202507
726,0.4952769591133688,1.6939021542789305,1.7648240066645138,1.286337404759494
727,0.20636672279482582,-0.8246577790966967,0.8500868643272713,-1.3255868184277904
728,0.8007500768415525,0.5920723116794306,0.9958666114591739,0.6366806678387557
729,-0.9070509700761704,-0.683625279745911,1.1358190812905888,-2.4957411315546025
730,0.22866072946982285,0.6229638033200899,0.6636035182612455,1.2190110316933767
731,0.28511535982812575,-0.3114955961331134,0.42227985367555165,-0.8295861957259911
732,1.289652745059641,-0.4261993691976613,1.3582525925410014,-0.31917681576449947
733,0.30933259972431415,-0.05898044487048537,0.31490530343156037,-0.18840851672447492
734,-0.8676780716693884,-0.6670803861514969,1.0944685823009899,-2.4861608453630626
735,0.39709903240100175,0.19783416363634387,0.44365076111227797,0.4622054137823652
736,-1.9991589722183676,-2.825173420852593,3.4609596146290325,-2.1866203996494775
737,0.24753912112845455,-1.2030087550755297,1.2282123925760657,-1.3678620784450386
738,0.3700706765279733,-0.2719427598575521,0.45924412926548563,-0.6337279419877948
739,0.35507771283363354,1.160863207045736,1.213953692536777,1.2739594175561881
740,0.2682049360476526,-0.2672244688524188,0.37860639782468386,-0.7835669862331824
741,-0.4642099150094623,-2.0695260425918605,2.1209499961477216,-1.7914514030026054
742,0.5493881206530205,0.8775565859752987,1.0353419090828302,1.0114473709118466
743,-0.007648903995914225,-0.6839851767199434,0.6840279436579699,-1.5819787111983574
744,2.0076781079882835,2.5991800838543213,3.284282036244812,0.9130954620810472
745,-0.32845538175246247,-0.0655173689036701,0.33492605666059405,-2.944705666212949
746,0.4322174512251422,0.30636955855675296,0.5297869680860581,0.616628916596071
747,0.5773611509119974,-0.6972856618588139,0.9052917722018191,-0.879206522157211
748,-1.37410911995795,-1.0277541932290433,1.7159413029738206,-2.49940984049977
749,0.4613518137360302,1.2862559119174648,1.3664917734769404,1.2264114850034398
750,0.8857874798978855,0.19826405262790558,0.9077048496666126,0.22019864979999332
751,0.8248465425413087,-0.8347695044320744,1.1735467371485988,-0.791377162976974
752,-1.241719954877567,-1.7831069495105112,2.172864201862102,-2.179088603266007
753,-0.6063452482555931,2.301254011168112,2.379795071849562,1.828425666655885
754,-0.22968959436025216,-2.311956080877053,2.3233377347389164,-1.6698199849103899
755,0.5562073206610876,-0.5503463820986099,0.782462602202824,-0.7801016434527944
756,0.503229407955132,-0.8840682745511685,1.017259333257136,-1.053316664285484
757,0.5567929623173882,-1.1336372007024238,1.262993153466241,-1.1142487393423608
758,-0.8836208274379374,-1.453335099147239,1.7008729162096208,-2.1170739518611996
759,-0.5131491111486071,0.8429382671780559,0.9868469651094586,2.1176338592430897
760,1.0602729254046608,0.3477269126359488,1.1158372112980846,0.3169066171710395
761,-1.4824251110320006,-1.118373494972161,1.85697158946347,-2.4952677340515717
762,1.1175739331740147,2.6141465910138777,2.843014930565704,1.166801569039378
763,-0.04269712470727427,-0.21479240781866338,0.21899502942945426,-1.767021624734875
764,0.6217922149559172,0.08164975695581234,0.6271301630369319,0.13056652828231188
765,-1.5129665624624522,0.05517066697541395,1.513972133701265,3.105143577897558
766,-1.426515139015919,-2.147112317775054,2.5777968785346475,-2.1572195644822942
767,-0.7784002385311624,1.2254550436667841,1.4517737411159255,2.136691752836342
768,0.7496998901928009,0.6646142013694316,1.0018792152834717,0.7253101940913629
769,-0.5878927357321118,-1.1498307216844523,1.291405651705139,-2.0434321830170554
770,-0.9492577808271108,-2.8401770629179737,2.9946111739566756,-1.8933490403482487
771,0.002110508869009209,2.4877806074379123,2.4877815026629317,1.5699479769217648
772,-0.5660643576277948,-2.290670966237599,2.3595767274111816,-1.813059998206234
773,-0.4644837374408439,0.33260919386407295,0.5712915351989064,2.5201536777674542
774,-0.2026575592667541,0.5632891446538224,0.5986357380016606,1.9161530333033652
775,0.4729626031791554,-1.5328773487407261,1.6041840886532945,-1.2715180632752485
776,0.0836118841998541,-2.6888918197015528,2.6901914737128614,-1.5397110482364387
777,-0.594298853142277,0.32234482923342966,0.676089724651806,2.6446068242245815
778,0.534759721855778,2.098420074098158,2.165487189409669,1.3212683210035947
779,-1.444788897085914,-1.6824790440211927,2.21769039559475,-2.2803346565982285
780,1.0580948001235129,0.5213315021391054,1.1795554845665517,0.4577968047193465
781,-2.2050642841913373,0.8878379677353223,2.377091658806753,2.7588160455291684
782,0.1524942717594513,1.1027420228529081,1.113236036016248,1.4333813962707769
783,-0.04681544999533571,-0.7825242476587846,0.783923392004737,-1.6305513008163874
784,-1.2786567908322581,-0.7762024114283577,1.4958119441456024,-2.596008988429784
785,1.4071857612759686,0.29045649770614546,1.436849589831012,0.203550867800902
786,-0.42811405710750705,0.08830403124704844,0.4371261234787158,2.9381824264409464
787,1.1375295639052752,0.4535114546456498,1.2246004035003986,0.3793688144265439
788,-0.24846305420282988,-1.5549604260443175,1.574685941979455,-1.7292442703945083
789,-0.2581083767529435,-0.028099048577018948,0.25963337744013787,-3.0331543885280974
790,1.0022576697399472,-0.08970234426067236,1.006263855615618,-0.08926244948782341
791,0.11725440068721582,-0.09929890486466775,0.1536517718343674,-0.7026724927828032
792,0.2716102660001525,1.3089659678018961,1.3368485484377908,1.366199865443309
793,-0.8266326072809989,-2.063231440179152,2.2226662914535593,-1.951862476560804
794,-0.4024818233235692,-0.9588725137249412,1.0399173600258111,-1.9682074292223684
795,-0.25268988077107224,-0.929489552349537,0.9632253130867364,-1.8362398165791272
796,0.05339369692865148,0.5223611770270509,0.5250829326275942,1.4689340488159712
797,-1.8497979784060021,-1.14215081960333,2.173996562930929,-2.588443700358635
798,0.938846139543557,0.18168542739488203,0.956264434277204,0.19115701776717223
799,-0.0683465126242595,-0.904969325383604,0.9075465418771388,-1.6461767937973801
800,-1.6430522397441791,-1.126332868304189,1.9920457807868537,-2.540656153947517
801,1.0548220513217075,0.4725225476425976,1.1558231343874312,0.4211596887249034
802,-0.43104229392122306,-1.3063027130166347,1.3755814178679102,-1.8895179292156807
803,0.876175357785371,1.4873846649271627,1.7262666071759631,1.0384515220683959
804,-0.6716568876910287,-0.7363235739331913,0.9966420522497267,-2.3102980624928677
805,0.18102077229667657,-0.1620342666965371,0.24294777954690128,-0.7301092065772792
806,-0.7176002414590243,-1.8454089211900282,1.9800212607317615,-1.9416599459812607
807,-0.12462235125957477,0.25555301599069935,0.2843203728462093,2.024521291786052
808,0.9463015870564959,-0.5584489435924525,1.0987956662934055,-0.5331367976039357
809,-0.031291838582205855,-0.8692856842825449,0.8698487110184318,-1.606777976654398
810,0.21257182676117736,1.0569628021461313,1.0781266839537855,1.372328197259533
811,-1.0539886170242312,-2.5404104309152444,2.7503776399468545,-1.9640718847980496
812,-0.0968172473170057,0.6772964651711391,0.684181321808307,1.7127810778591421
813,-1.006446785253047,-0.8211007286898848,1.2989001263381466,-2.4572668199302914
814,0.9722587837607648,2.5859110777294063,2.7626478683544926,1.2111640662902379
815,-1.2012269973653247,-0.7764757039606138,1.430335910910596,-2.5677508425529805
816,0.17679422402278533,0.6032802031334086,0.6286518918610724,1.285723292931915
817,-0.6663071520985682,-0.5687109213808981,0.8760121763055663,-2.435054738383757
818,-1.821772224712788,-1.5583603763286646,2.397361278832667,-2.433966749689449
819,0.7906362129789954,1.3602609285244398,1.5733452942516906,1.0442861827785264
820,-0.9802395690705907,-1.3766428906916417,1.68997492918195,-2.1895643227860866
821,0.9373209200388715,1.3292805961133354,1.6265169566733513,0.9566330410246584
822,-2.337691691629061,-2.192235210368267,3.2047929204068617,-2.38829357785467
823,0.1329028893410964,0.9146337730362575,0.924239209714537,1.4264990261582406
824,-2.2884127905895753,-1.9342312912468742,2.9963450716118323,-2.4398753284757295
825,-0.20374156798828835,-0.40483097044398164,0.4532093789375307,-2.037061017199474
826,0.7577116955660586,0.04681002807603818,0.7591562370988405,0.061699738256351236
827,-0.10472046346365005,-1.7016747402061583,1.7048939254169857,-1.632258464042902
828,0.604368436756431,1.8322382965537827,1.9293414375650877,1.2521817603105967
829,-3.0943369790543898,-3.794666825827221,4.896367802665266,-2.254883447187452
830,-0.21458593793141745,0.37639741482178124,0.43326912957470926,2.0889438818849855
831,-1.8658071909709975,-1.5013925179587204,2.394872849831805,-2.463999749779419
832,1.114839668125967,1.6280890377345258,1.9732058687371044,0.9703763696671749
833,-0.4426530862064624,0.4361131372482987,0.6213987634431366,2.363636547074516
834,-0.3566812033782867,-0.36871672666791255,0.513004391178168,-2.3396043972418137
835,1.0856845571465215,-0.23662041425916414,1.1111706340929899,-0.21459011776120557
836,-1.5995559556192234,-2.7357279891223243,3.16903563968981,-2.099883265691332
837,1.5520858756589746,3.454467328659689,3.787124910825796,1.1485261899358756
838,-0.7583237308892308,-1.8237129117776476,1.9750907992834832,-1.9648599321377314
839,-0.740457218288384,0.05120162626474212,0.7422253691753777,3.0725538883080183
840,0.056542719179446976,-0.47737146520955775,0.4807084302241077,-1.4528996654985953
841,-0.046793167704038297,0.19653989033861308,0.2020334849427003,1.804529664297495
842,0.2922588853602406,-1.9997885166732203,2.0210317581597,-1.4256787673226587
843,-0.008759138148150214,0.35666389935499865,0.35677143888519297,1.5953499131290225
844,0.46362981048713436,0.8595519531689888,0.9766177150599715,1.076138996697825
845,0.7533751060199734,-1.773532292861887,1.9269122564856316,-1.1691053208694366
846,0.9902794745765959,0.7600861188823274,1.2483526528530704,0.6546369826521489
847,-0.8787796871768592,-3.6702145106115722,3.7739539335421677,-1.805807494003151
848,0.0781666359200699,2.354591437008594,2.3558885496146154,1.537610977327508
849,-1.227820091649221,-2.2508210297509095,2.563930085908437,-2.0701771277651826
850,1.1701037405467787,1.6552890019946744,2.027097541749308,0.9554625644324799
851,0.008687661904332344,0.3741034181481382,0.3742042796915673,1.5475778789949892
852,0.1956258933453796,0.4472375994437243,0.4881505510632586,1.1584620011695157
853,0.3761173799758808,0.13984555101728802,0.4012742972821085,0.3559741777021431
854,-1.399223395444551,-1.6681587005185747,2.1772872021107363,-2.2687422749166815
855,2.5251232203250424,1.4064362783091156,2.8903823765669325,0.5081842653703226
856,0.42619391429241205,-0.8139838941604012,0.9188095735964112,-1.0884552230732365
857,-0.40059707706973313,0.38622025813049277,0.5564567422066141,2.3744645747710966
858,-1.43858869790904,-1.7736251779498389,2.2836995672831453,-2.2522694571243367
859,-0.5790087885500839,-1.4661004655174565,1.5762936757497754,-1.9469254094692026
860,-0.33254067098903306,-0.817892678944304,0.8829109423563208,-1.9569641732913172
861,-0.11285134638893624,-0.07452583182521266,0.1352387739926518,-2.557948456503424
862,0.7892484546032961,0.9173195554456015,1.210119122192773,0.8603037524599972
863,-0.7159024964261675,-1.4548726342729879,1.6214717901787998,-2.0280816712658933
864,1.1578442090191743,-0.16202800255962302,1.1691262917121907,-0.13903648783481626
865,-1.6475335629304482,-3.461488143585143,3.8335710517952863,-2.0150285090801012
866,0.9642074369592706,1.1167399275158232,1.475399622880395,0.8585668526866899
867,-0.08569509667569264,0.11886679326062222,0.14653656244882984,2.1954341396804984
868,1.2140181795636522,0.7479756968000402,1.4259410167726259,0.5521851028351603
869,-0.3655776664740529,-1.143510860735887,1.2005266006405453,-1.8802249277208594
870,-0.7675850465068947,-0.2188363911450324,0.7981705141825106,-2.8638635481805723
871,0.5764941502415581,0.731406870287401,0.9312902421728402,0.9032926639915647
872,-1.4188717706734337,-1.2789868827891269,1.9102367779834553,-2.407998438974674
873,0.7732558635819942,2.040402541041203,2.1820098899985156,1.208547725605659
874,-2.0097188362440193,-2.7014967107598977,3.367054243548886,-2.2103999662470013
875,-0.21862793875789066,1.1751562630744274,1.1953202157784235,1.7547350255954237
876,-0.4815476829713248,-2.3159676593611493,2.365500870890098,-1.7758003807927811
877,-0.8026284086341207,-0.7750185907711966,1.1157357117111169,-2.3736933347917506
878,-0.08390241705143353,0.1802299238353271,0.19880251767208706,2.0064895975410555
879,1.7167081326595621,-1.180758539155363,2.0835732625774854,-0.6024936748467583
880,0.18247778369971002,1.233804250885214,1.247225348943158,1.4239622781619579
881,-1.242086994949375,-2.8391572090835098,3.098966563374512,-1.9831936765653206
882,0.47443635221060276,0.16256235045261747,0.5015140776524452,0.3301058288155869
883,-0.8886887943221495,-1.3629175160743898,1.6270562156164552,-2.148610513157421
884,1.4105769329284499,2.5131688352963693,2.881968923915513,1.0593384938142825
885,1.1092001462785106,-1.1190328804766523,1.575614023830755,-0.789810929143827
886,-0.4623467595458237,0.19672665791733834,0.5024598531204749,2.739302035914696
887,-0.07253957792511301,0.3654059467406796,0.37253657039142607,1.7667662712360968
888,-0.24970122996757027,-1.5537500914945213,1.5736867703156656,-1.7301425681944669
889,0.24506515944551666,-0.05583949337483318,0.25134633753928964,-0.2240308704469799
890,-0.2753530081828899,-1.84792375366726,1.8683258491181516,-1.7187146841315786
891,2.8155157510995537,2.693912195628741,3.896702691051365,0.7633298442795846
892,-1.4519921553882114,-2.657413045097087,3.0282214766362574,-2.0708661087222113
893,0.22258709838325785,0.9991057516560886,1.0236001755367943,1.3515898887152473
894,-0.3648587517643591,-1.512769541313446,1.5561470347832627,-1.8074623605316238
895,0.3563440244851108,0.676344087721418,0.7644752375204591,1.0858861084250155
896,-0.013038138096590046,-0.7660905630108346,0.7662015033783758,-1.587813739774629
897,-0.2328815500759447,-0.3091269037760185,0.38703134111325216,-2.2164396353048357
898,1.5129936797655432,1.6803027727067956,2.26109868934919,0.8377441490691686
899,-1.2286231307977005,-2.318062422370531,2.6235335316205655,-2.05817176147672
900,0.11513283961761545,1.3587612822168467,1.3636303725020154,1.4862645708197717
901,-0.24360482613252543,-0.7748325434587287,0.8122245882253138,-1.8754082522329214
902,1.57775912582008,2.717385343745036,3.1422137046211343,1.0447512440609785
903,-0.4532988398561315,0.2512029904113433,0.5182497280332293,2.635556292619371
904,0.5681067949582257,0.5357031182535366,0.7808477197150991,0.7560503809849412
905,-0.45449638498320155,-0.03268759063962534,0.45567032221181825,-3.069795810853365
906,-0.9354379598150331,-1.9073200056888027,2.1243619702780516,-2.0267717731030683
907,-0.07941609592734267,0.36340235849604596,0.3719787500017032,1.785948734473374
908,-0.7670132369751173,-1.0450353764942975,1.2963056135879476,-2.2039519773883876
909,0.6114361447803276,1.8841294616955793,1.980857891816852,1.2569993759125917
910,-1.1733187234106595,-2.2770687297189625,2.5615852175108187,-2.046589868271987
911,0.5839821616731911,0.4288560657270182,0.7245361897540726,0.633419392702951
912,0.14897537702131558,-0.18817439732094954,0.2400068056654763,-0.9011443821958234
913,0.1779040965020613,-0.38355872831880333,0.4228086631347001,-1.1365052577598955
914,0.19899247997000202,2.1056643646506927,2.1150461989385523,1.4765727440449519
915,-0.15977177574916368,-1.3838439023984392,1.3930365991356373,-1.685742447130695
916,1.4826341022767906,2.314829190496539,2.748933986549871,1.001132792509663
917,-0.3122736964814976,-1.263682233649888,1.3016941457794873,-1.813057008805412
918,0.34111524336231014,1.3061535087521179,1.349961702301068,1.315341887926558
919,-0.4341262493683189,-0.5939837669501458,0.7357189108558301,-2.201942864067304
920,0.324585803046034,1.621619888360783,1.6537856589855522,1.373245522580871
921,-1.2687195543769008,-0.9419538037572011,1.58016653428396,-2.502944653349999
922,0.5471917343495534,0.32847697185889047,0.6382130640954151,0.5406370685240599
923,0.4568353872141415,-0.48393623568961175,0.6655019543356173,-0.8141972417694162
924,-0.3412629614991829,-1.8753968168485926,1.9061934921557744,-1.7507952356824812
925,-0.040552244436071305,0.0056207461359463196,0.040939923252586,3.0038651014265123
926,-0.9139811712962569,0.5070090887306833,1.0451888812743826,2.635128303610134
927,0.8756070326584791,1.7594028201679066,1.9652445036828803,1.109012162577733
928,-0.8573488553356583,-2.634876233184059,2.7708518228053225,-1.8853762864333168
929,0.05267223472407068,1.0708198997444924,1.0721145563789498,1.5216472442515747
930,-0.4453086323317734,-0.8519321078759958,0.9612950090680966,-2.0524420133478607
931,-0.595295966297158,-0.6020413584421931,0.846658777055189,-2.350560889163651
932,0.5779100619720907,1.372246152563548,1.4889726468119038,1.1721982373905382
933,-0.09694372598761447,-0.554953970308361,0.5633577861087702,-1.7437391203334507
934,1.406636351505142,0.13196637616363205,1.412813133366709,0.09354317838584647
935,-1.3419104503570338,-1.685551449497666,2.15448540159387,-2.243170285279308
936,1.1095897689067442,1.8891460935506075,2.1909044748779083,1.0397303005231004
937,-0.7860372217439817,0.4423131809014649,0.9019398338947945,2.629041579957322
938,0.16924440579026623,-0.6969232832923353,0.7171790095131543,-1.3325629389289295
939,-0.13902955974987208,-1.2653475054228238,1.2729625006118628,-1.6802319578978966
940,-0.5229277018735274,-1.9080362298257114,1.9783972391090328,-1.83829392235577
941,-0.341446694328738,1.152166149006007,1.201695751837109,1.8589029426332835
942,-0.5390891011167582,-1.0629076867660388,1.191801078003039,-2.0401741030409153
943,1.338264518302367,2.292029200847651,2.654119397933218,1.0423158865360769
944,-1.3094152107961463,-0.7719405892449913,1.5200198905238775,-2.608906664535087
945,0.5899266537900871,-0.5812688032683582,0.8281828774521957,-0.778005978969146
946,-0.15407303355613067,-2.2328798697357115,2.2381892262139402,-1.6396890622287996
947,0.34755787822120965,0.7570590153846979,0.833027509443042,1.1404092950252835
948,0.4169741764760033,-0.8491129105846085,0.945970506289338,-1.1143179206316307
949,-0.21235187204655404,-0.19972889623716128,0.29152178229729386,-2.386817200108833
950,0.7701340194391264,2.74656740505327,2.852496962031426,1.2974179173576765
951,-0.8539126516134274,0.38476570982925296,0.936595680134114,2.718247015259941
952,0.5315010774227176,0.4351517200655053,0.6869136880114397,0.6860531064712326
953,-0.34273632120397224,-1.538898019716271,1.5766024549514988,-1.7899352135128597
954,1.4708321656221415,2.01645927400898,2.4958876703821313,0.9406014305840567
955,-0.5919471535018488,-1.0035062053664205,1.165086321586454,-2.103740614601238
956,-0.1124323836951362,0.9688429586390157,0.9753449233003532,1.686327649084498
957,0.6107809251494132,0.5515985877236744,0.8229910938188366,0.7345272762675918
958,-1.4390385638921543,-1.136513255890577,1.8337105467286254,-2.4731191052680117
959,0.8062540916529883,0.3794307487725064,0.8910742693071382,0.43985990451982027
960,0.31580947136563964,-2.5166175660793897,2.5363555736732963,-1.4459592390110425
961,1.1833043783996118,1.343540981572346,1.7903384096600494,0.848727062007942
962,-1.1257755078457308,-1.3572881478913814,1.7634062522492455,-2.263226569569791
963,0.3976521500081276,-0.13386138229441258,0.41957848142612997,-0.3247140247908867
964,0.03848795169415098,-0.8598194178538279,0.8606804016265891,-1.5260633566956316
965,-0.48752604306713465,-0.1825171841099973,0.5205709991577905,-2.783370721590406
966,0.6489799996462011,1.8592790265988697,1.9692875713544795,1.234968727777798
967,-0.4112257574005298,-1.5701240764498152,1.623082326623337,-1.826949369244723
968,0.9161576510170448,0.40974345141967206,1.0036107499914368,0.4205573426081356
969,-1.2343254619816548,-0.8229415388624375,1.4835066978215845,-2.553557577208508
970,0.022813151167099477,-0.53711103698447,0.5375952993811476,-1.528348032245894
971,-0.1655970128238664,-1.5758088297411632,1.5844859855948243,-1.675499028866581
972,1.476124173835558,2.0354178097389877,2.514332562885102,0.9433444390510262
973,0.756432819760505,-0.08882875493532083,0.761630591897534,-0.11689575060439572
974,-1.1345636497997589,-1.3931880297066073,1.7967213366475971,-2.2542352795128773
975,1.0057339806423329,0.4479035553522408,1.100962503773789,0.41898020043717066
976,-1.4651088768960676,-3.2101799673682763,3.5287107339724297,-1.998955282159752
977,0.5730431565271488,-0.4781946074433563,0.7463568461738018,-0.695416214805937
978,0.7979566466520964,0.7504072645606357,1.0953747635588627,0.7546983758714275
979,0.37913666547552793,1.7505327678999265,1.7911196449705085,1.3575070407290226
980,-1.1382865864540577,-3.484278933554606,3.6655007897576084,-1.88655795829641
981,0.06618716563775706,0.2855351575366285,0.2931058973897099,1.3430186623987257
982,0.31470267780423455,-0.004759866488143416,0.3147386721490399,-0.01512381022083664
983,-0.49776264463457665,-0.7768549957498863,0.9226436662196102,-2.1406348375714477
984,-0.4851958532528897,0.645780671689522,0.8077423425459197,2.215149538586422
985,-0.6355105820171616,-0.8276998846326933,1.0435328451355834,-2.225594430828019
986,0.6371080320978422,0.972342953307475,1.1624790163311713,0.9907534360186103
987,-0.6538808716999824,-1.3990902171465223,1.5443489340463934,-2.007993891398476
988,0.4081851879797682,-0.7790315174272564,0.8794914739956792,-1.088161099274939
989,0.02566097001260914,1.1114182503384882,1.1117144474043028,1.547711937373537
990,-0.46652584231333094,-1.025588395700538,1.1267111071351725,-1.9977060483761289
991,1.2390821181471097,1.291413871123268,1.7897134636699565,0.806075649033341
992,-1.1242408487810849,-1.5317520074179356,1.9000478147396422,-2.203950919032148
993,0.07468684494011768,1.3364925012541562,1.3385777268114467,1.5149716631888688
994,-0.2253537970209436,-2.276273190651409,2.287401139352279,-1.6694759794483784
995,0.3272855701403614,-0.20873789433846923,0.3881846892330497,-0.5677403882487108
996,0.3877691568135333,0.13450837111042802,0.410435647665574,0.33389032184272954
997,0.3533627375011861,-0.2513998252258034,0.43366703399946904,-0.6183690863958082
998,0.3692936466089236,1.6602655309648071,1.700840801114428,1.3519289393636726
999,-0.1266873110272968,-1.424148725420764,1.4297724528374833,-1.6595193067207765
1000,-0.16537771249096522,0.7555540921526926,0.7734415129519645,1.7862806539703395
1001,0.6481054589474979,2.5388001869220034,2.6202188983046333,1.3208542564007402
1002,0.5131865342310675,0.4728510190207089,0.6978169567336533,0.7445142852099332
1003,-0.9281887271038158,1.107449014395911,1.44498360980638,2.2683600707741163
1004,-0.38727555380802414,-0.5209206604661176,0.6491076097826677,-2.2100886399159174
1005,-2.1700878251323275,-2.1410205259917348,3.0484832394988626,-2.3629368070901497
1006,0.3542592159613491,0.6550000687673219,0.7446641405215818,1.0750023298801572
1007,-0.4228336970358555,-0.023595199127157684,0.42349152148639274,-3.0858479158256573
1008,0.6601322671204457,0.03653918260215505,0.6611427394737184,0.05529488107087624
1009,-0.0593723415620957,0.9676274840645647,0.9694472769881225,1.6320781737299266
1010,-1.2910542000003034,-0.9424099282134648,1.5984234170374667,-2.511045031484254
1011,0.9660749343505586,-0.7641081596418644,1.2317313255786397,-0.6691926273670936
1012,-0.2247853483009976,0.6252587558018377,0.6644373292626348,1.9159160367450925
