180,0.9541958659099237,0.06463320625846336,0.9563823512961948,0.06763247582002559
181,-0.7930957892941706,0.6000449878755489,0.9945124023714893,2.493889959167094
182,-0.18655964585104812,-0.19909081884190982,0.2728399816874547,-2.3237123161795834
183,0.10956834921410064,0.9841189144277678,0.9901996065864657,1.459916477213649
184,0.7815311105414366,-0.28820616261305076,0.8329787925945483,-0.35329865007093014
185,-1.7765883144382997,-0.09789918279170706,1.7792836448947658,-3.0865431695349628
186,0.0003909795877916622,0.18304057606781043,0.18304099363878565,1.568660303178913
187,-0.22857980273238354,-0.14393842485844743,0.27012403885605274,-2.579615302192453
188,1.0386356281210283,0.6061506691303293,1.2025733248702586,0.5282754837143364
189,-0.8459845541360664,-0.29119553771852225,0.8946981094335555,-2.8100860978852613
190,-0.030873286805785938,0.021715650054488833,0.03774558643710993,2.5286018855305015
191,-0.23675626513636416,-1.2731929882882014,1.2950188857725438,-1.754651075955722
192,0.49042553732681426,0.5717644664886166,0.7532806998730996,0.861825634918175
193,0.8688810758399086,-0.28155339150953296,0.9133600802658486,-0.3133645832426313
194,0.646764377905356,0.47742100879679583,0.8038874175951831,0.6358857652226558
195,-0.7447674722748161,-0.43546233441713866,0.862731726815841,-2.612502331170496
196,0.1046890358352357,-0.029706040702876635,0.10882207073177862,-0.27648733743861315
197,-0.6312762200880115,-0.2390349832052152,0.6750165844218385,-2.7796227227701795
198,0.2703776229120649,0.963683102076061,1.000894190311103,1.2972619741521532
199,0.20576305643965043,-0.08705204715647596,0.2234199953216365,-0.4002342527008074
200,-0.8260032599772558,0.4639282330632568,0.9473704612907505,2.629845902044455
201,0.12699440245546612,-0.14873545170678426,0.19557559369574223,-0.8640844581555518
202,-0.6942630171309929,-0.20600339195755168,0.724181285628016,-2.8531455331694318
203,-0.36420265234710314,-0.23511745675091333,0.4335017767503179,-2.5683396215639758
204,0.025298068953702568,-0.20955739040823573,0.21107887664921854,-1.4506562674542713
205,0.7297357119180106,0.7161070886320431,1.0224106668250026,0.7759723671325793
206,-0.12246981454518391,-0.11286586593348602,0.16654596713114184,-2.396981430674105
207,1.0014065765510622,-0.8312917636134216,1.3014842019061281,-0.6928413287388857
208,1.0613016993502242,0.5313822207806425,1.1868986315627132,0.4641987582053133
209,-2.03581776585861,-0.8976223007878161,2.2249224190198533,-2.726319568200894
210,1.015855705304034,0.41485126421991936,1.0972986764885948,0.3877062944812144
211,0.20465606384175317,-0.287192312015236,0.35265213532297857,-0.9516574296716669
212,0.7325210913071487,0.155674823501613,0.7488803641984977,0.20940379886022303
213,-0.7747483468260725,0.18094491166289117,0.7955979273266264,2.9121522700077884
214,-0.16818477713297852,0.9393546835085544,0.9542920625724213,1.7479620375807319
215,-0.09693141619766266,-0.8437586774632564,0.8493081921426567,-1.6851754087416597
216,-0.5599138175116423,0.47326401295845244,0.7331318496709844,2.4398659534143565
217,0.5785000449426434,0.18298585607158202,0.6067504639642974,0.30635292203554265
218,-0.5245411042824344,-0.18753407977544612,0.5570569101618426,-2.798234029790787
219,-0.06476377779301856,0.03127585252286735,0.07192027436721604,2.6917005566958245
220,-0.5268628450536426,-0.2406973361286191,0.5792405934647813,-2.713056816704987
221,0.4232873160958661,0.2572204706206094,0.49531255028913757,0.5460426590708564
222,-0.5659674643926564,-0.4581122772499384,0.72813874317892,-2.461126787024749
223,0.09714942039670404,0.0328979280642443,0.1025684335179968,0.32651198578168955
224,0.34384973752617043,-0.231799393210963,0.4146849414794163,-0.5931516834693734
225,1.8488563813529026,0.08830022129041026,1.8509637619222277,0.047723110110411304
226,0.001941100367389481,-0.270204085854175,0.2702110580322845,-1.5636126198181532
227,0.006870521836958687,0.08829188014328793,0.08855879498699633,1.4931368157390918
228,-0.0669698305541715,-0.16180200435451297,0.1751138110418258,-1.9632276360919492
229,0.077958376173342,0.009341605583699675,0.07851607485391579,0.11925948160863833
230,0.10535485509672071,0.1803020312966055,0.20882640633342595,1.041982836103618
231,-0.8810522810819066,-0.2775159149397268,0.9237251783103374,-2.836447888949334
232,-0.22011905244050922,0.5941689781028572,0.6336317319919365,1.9255855490486051
233,-0.06823462795784963,0.5478516146541779,0.5520845552374527,1.6947076974886666
234,-0.6974260102141443,-0.2178596048182726,0.730661239655419,-2.8388201595731513
235,0.1838193599526221,0.2346391074136136,0.2980688977757474,0.9062514710657356
236,-0.28423542717575856,-0.2565656365044333,0.38290430122513763,-2.4073143671855686
237,-0.07415771163800855,-0.8133719275728026,0.8167455287657732,-1.6617181400785528
238,-0.10278764935230811,0.7590605360991276,0.7659883800179138,1.7053919145754393
239,0.015481690170418005,-0.9771130127672905,0.9772356534888113,-1.5549533335660504
240,0.42887747373094953,0.4119869797117417,0.5947008987094642,0.7653138052288563
241,1.5987831175150404,-0.37442129495980225,1.6420410357145423,-0.2300455632193145
242,-0.7538646573619872,0.12190864674994373,0.7636580646938189,2.9812689787333166
243,-0.4026371895926104,-0.40601988237460773,0.571811902050426,-2.3520114153526035
244,-0.12514303538148397,0.18051050289136583,0.21964703721786266,2.176993159497085
245,1.3023622736217249,0.5867543027890179,1.4284355440812073,0.42329524307610084
246,-0.10580107280190987,-0.222899232981149,0.24673454372993572,-2.0139662025097005
247,-1.5848223177993077,0.6673811309653956,1.719610232861918,2.7430232991963424
248,1.0941950694547131,0.20455262077643965,1.1131507645802137,0.18481026477717558
249,-0.9935108057645721,0.09373350817907067,0.9979226882512118,3.047525359550196
250,0.6948993825726575,-0.058056514379700275,0.6973203788516301,-0.0833530720602534
251,-0.9491531143194152,-0.07906258182651982,0.9524403006316564,-3.0584864845585256
252,-0.6392306460010104,-0.5264034771537354,0.8280799717095035,-2.452688550571515
253,0.881309115335057,0.4618916716113972,0.9950123984537236,0.4827390355424046
254,-0.281810368467859,-0.1318494608212859,0.3111291758978162,-2.7039811770286533
255,0.25378405821618344,-0.8311641474646194,0.8690455616567309,-1.2744516432364212
256,-0.17970198338935006,0.3967624100706644,0.4355608027349893,1.9960766095256899
257,0.9184596659986255,-0.3254866266213412,0.9744278845433597,-0.3405742780881807
258,-0.5873383200872695,0.3577052274340531,0.6876913057299645,2.5945616658449864
259,1.3891587360441235,-0.2597093478350416,1.4132271364789912,-0.1848208346020734
260,-0.7112702527102783,0.13771757950553365,0.7244801612849079,2.9503372256905394
261,-0.2351737837982455,0.26434890106577313,0.35381782046791516,2.297854776598631
262,0.1580070678469383,-0.6246339485037424,0.6443087793232085,-1.3230342326553635
263,-0.24548961643290568,0.9101322762882091,0.9426589585411748,1.8342561185370125
264,-0.560201841294429,-0.3188358210915112,0.644579230041402,-2.6241700392285514
265,0.05045426410254095,0.4558413973483084,0.45862513265475036,1.4605612122889235
266,-0.4373196887370341,-0.41596483286775765,0.6035521952074716,-2.3812159204231462
267,0.3128098406477875,0.5301351741236431,0.6155430929262382,1.0377201175403794
268,-0.2576394715006245,-0.20207955909882003,0.32743586468298586,-2.476467413351792
269,0.19966145670639435,-0.029164837458210968,0.2017802890226973,-0.1450456432573568
270,0.01437071858993022,0.07468843438607564,0.07605839719474827,1.3807104542080453
271,-0.23750907015619305,-0.4192717378011821,0.4818706761417244,-2.0862040568537585
272,-0.0794715134912849,-0.3837276580487696,0.39187068914144235,-1.7750131824420747
273,0.1136947395172001,-0.564059689121791,0.5754040551525993,-1.3718963308895848
274,-0.16499570658652374,0.050135705983393564,0.17244469318143577,2.84659773413073
275,1.3861615388710788,0.47729750598421106,1.4660343519386527,0.33161501621527983
276,-0.15670075794912464,-0.5629839521906206,0.5843851965664437,-1.842264727881544
277,0.9874385370691243,0.3922520712220603,1.0624954361630023,0.37812654247044614
278,-2.174520253408332,-0.3022060827894393,2.195419515481716,-3.0035011882460925
279,0.2733732622829166,0.7964092614956826,0.8420217647586687,1.240140984101937
280,-0.2913639561547825,-0.22147120409965737,0.365981487498368,-2.491646940372447
281,0.3441303978778478,0.8151635011254257,0.8848261209472897,1.1713326276503004
282,-0.03113393199521397,-0.15054959494364084,0.15373516923325298,-1.7747234728164782
283,-0.013000535355558895,0.06193547546877198,0.06328520396644063,1.7776970582590326
284,0.03074563702591604,-0.026493422059274963,0.04058565767041673,-0.7112456800060594
285,-0.034069167789311905,-0.08818289376927169,0.09453534231904459,-1.9394774709747857
286,0.8011910986327848,0.05740173509263968,0.8032447545549577,0.0715232866748665
287,-1.0038923564748075,-0.22956155981080428,1.0298050170451256,-2.9167863950357744
288,-0.2129925006964868,-0.3557103205524754,0.4146029878094076,-2.1103188543717133
289,2.2365905451802064,-0.23587361716568012,2.2489939150794327,-0.10507284819630563
290,-1.0130458652578227,0.0946163839082601,1.017454758315988,3.048464889270543
291,0.2859215993496491,-0.045747022284899685,0.28955819971569857,-0.15865378350210277
292,0.6971693413437379,0.08967489944541285,0.7029129946872559,0.1279247250069994
293,-1.0666207136893036,0.19689841396871088,1.0846422139555851,2.9590474693168947
294,0.07070563333127211,-0.3562920743372615,0.3632400429747868,-1.3748930228345155
295,-1.2147836438933837,-0.17985879042203123,1.2280262562188822,-2.994602226537852
296,1.1820168195912402,0.7203406714412495,1.3842161842461678,0.5473147158294489
297,-0.5501313006202508,-0.20778609018543648,0.5880642032947415,-2.780454580870688
298,0.05865222082627497,0.6407774649781004,0.6434561699382599,1.4795177767075451
299,-0.2971348488268859,-0.33833761361313464,0.4502904164789732,-2.2914471186339407
300,0.04047092322889512,0.16507434077038852,0.16996303600423673,1.3303707033382757
301,-0.24068592116884702,-0.18080066806737705,0.30102922486447437,-2.4973308818582898
302,0.1750232273192296,-0.00041707804030011175,0.1750237242642563,-0.0023829822887755153
303,0.14373359332296332,-0.24445324343344055,0.28357844430538076,-1.0392620217455408
304,-0.24482749476999288,0.047430559238478054,0.24937955037457596,2.950232638191238
305,1.2718493598745226,-0.9508093276160707,1.5879669932637004,-0.64195060123939
306,-0.2095083058027285,0.03518856682933347,0.21244285216460465,2.9751879429868144
307,0.13607939160704063,-0.023558455363286157,0.13810359024748875,-0.17142374048612175
308,-0.18450620648866334,-0.08704406841661694,0.2040078676898368,-2.7007848867128827
309,0.2261346039909995,0.06451048168685247,0.23515624884241518,0.27789320392520966
310,0.7005285793828762,0.5551366088743634,0.8938215398191737,0.6701226981442538
311,-0.9788189344283182,0.22303982731841643,1.0039089953604448,2.9175517270579667
312,-0.08088015703572182,-0.3702426627492059,0.3789739161495752,-1.7858693773076424
313,-0.4912148004549408,0.94816157350499,1.067849404016056,2.048795822685872
314,0.5442503719275464,0.3415140800077552,0.6425265241115078,0.5603910562216038
315,-0.8569339757362968,-0.2610700742428662,0.8958199721129194,-2.8458697954970913
316,0.07674226536460083,0.010515395259744764,0.0774593366274168,0.13617421376239439
317,0.159920685755651,-0.05379328468472977,0.16872564478978902,-0.3244853497328507
318,0.6148690629371458,0.40339652037050655,0.7353861007690018,0.5806298160156553
319,0.144548977777049,-0.4820108799118543,0.5032185363535309,-1.279442860676928
320,-1.0691891012451151,-0.17257462508018762,1.0830269320025723,-2.981565795388251
321,1.9210055788710179,-0.4515195314684206,1.9733555993158043,-0.2308530140821038
322,-1.0500544546808896,0.22123904906766256,1.0731081374342215,2.9339368900555334
323,-1.0338366754873505,-0.5487363655596482,1.1704400328382267,-2.6536279387435764
324,-0.06573805167806768,-0.2463995259723788,0.25501807355134903,-1.8315181117815367
325,0.5356553812218863,0.00469995899584319,0.5356760000658298,0.008773996405740088
326,0.3848315298188254,-0.05403777323169834,0.38860698305426516,-0.13950715543829248
327,0.5757809526235178,0.7571103958416643,0.9511781415148096,0.9206102746925469
328,-1.3572267792368393,-0.3450793489054149,1.400408614411733,-2.8926149347967214
329,1.0167754121517874,0.5236002336242791,1.1436736612372589,0.47554507568987425
330,-0.7720433329587877,0.1657263361897776,0.7896303733222277,2.9301420955153983
331,-0.16677945945525607,-0.03530354517079104,0.17047500813261013,-2.9329938614197135
332,0.023494995733130963,0.035648832040806155,0.04269489489825979,0.9880729740931455
333,-0.06259400981491581,0.206701078488436,0.21597070614551492,1.8648417625035776
334,0.20924271750482148,-0.03538472590071251,0.21221355672027903,-0.16752358808324672
335,0.09280648813717107,0.1645139876321764,0.188885934804566,1.0571731415235968
336,-0.7653297845087081,-0.6045486068211403,0.9752992858940928,-2.4730289060704176
337,0.4727851514477379,0.02378860527312554,0.4733832455530097,0.05027349214600983
338,0.42667862156895353,-0.33154024504608515,0.5403457968645637,-0.6605743817630965
339,0.7587646434735689,-0.22019853280335155,0.7900703627110188,-0.28244801517322604
340,-0.07147451888772594,-0.9263625305464984,0.9291157865684686,-1.6477998650458037
341,-0.029657724349135606,0.3513553806787968,0.35260485553309034,1.6550061862914551
342,0.8704496014574943,0.33719534231818216,0.9334790879064119,0.36958052601594593
343,-0.7471333318029565,-0.20038715821090136,0.7735394163627523,-2.8795517837550277
344,0.011694343209796898,0.5862896452375708,0.5864062634180378,1.5508526133385763
345,-0.8075527334921162,-0.0549167964489925,0.8094178598862326,-3.0736932170463858
346,0.5365578620201177,0.26812409937292614,0.5998206998429968,0.4634167306274104
347,-0.00765227833744575,0.5823241690371788,0.5823744458753273,1.5839364956472441
348,-0.8439403116568656,-0.18819117889984227,0.864668242423185,-2.922191131302118
349,-0.5486114603618262,-0.13125977488482476,0.5640954377967885,-2.906749217170761
350,0.3966599254456469,0.13735857749611569,0.41976955018950884,0.3333641071316928
351,0.15124857746764064,0.03942392725161881,0.15630220160293912,0.2549829058363988
352,0.284867735533453,0.4080966804541504,0.4976871782009802,0.9613871277217959
353,-0.7360362339335325,-1.1825442064450726,1.3928963126736549,-2.127536423093031
354,0.6058868196548701,0.7151853420599537,0.9373307376422189,0.867944871168704
355,1.902172061806482,-0.4695799812321866,1.9592763744533703,-0.24202604173709974
356,-0.9293297796474462,-0.1636926307585327,0.943636114561233,-2.967240572259854
357,-0.06489062084438046,-0.44200504738273594,0.4467429401628903,-1.7165647090646783
358,0.1325058309146243,-0.10442699544785228,0.16870919537666218,-0.6674386509563015
359,0.6600913093609506,0.7558796004606165,1.0035310194938447,0.852943740158674
360,0.16963962876889127,-0.139464890682234,0.21960887819451816,-0.6880866421299221
361,-1.088707192785364,0.2953724243312763,1.1280639257940674,2.8766642740011075
362,-0.0038781195871706586,0.11848152003881296,0.1185449720664695,1.6035164970220186
363,-0.8934816568656743,0.3701889568368415,0.9671346002079438,2.7488011616115005
364,0.04906581980549163,0.14438121644934654,0.15249062376611236,1.243205549158758
365,0.16126916690257076,-0.028619523324550755,0.16378895356150772,-0.1756357562739543
366,0.10520757537199188,0.009688916482446075,0.10565277572433754,0.09183429842605581
367,-0.5194422839849722,-0.32204780263521116,0.611175157850589,-2.586605844800988
368,0.4212039252413433,0.3167237406169079,0.5269977936472613,0.6447471055062528
369,0.6328963183661926,-0.27175716621115953,0.6887740610596489,-0.40558021948095024
370,-1.4033458168643165,-0.21701156052847637,1.4200258797337393,-2.9881692046887784
371,1.4760971184949767,-0.3727598067807776,1.522436394986804,-0.2473590562190437
372,0.0761811569755082,-0.4652991639288757,0.4714943060430717,-1.408511062194393
373,0.8969650261177549,0.29258436345378414,0.943478599553843,0.3153112037699975
374,-0.06670025967343918,0.06708384809826384,0.09460003866899397,2.3533272783832198
375,-0.7788683012057618,-0.09187415580447578,0.7842682520209106,-3.0241767062788965
376,0.07976385597146418,0.19391174211830275,0.2096760273631481,1.1805515914830447
377,-0.15701282425914087,-0.07067196075695392,0.17218464803537015,-2.718652983090218
378,-0.01230775595877276,0.18261421600413996,0.1830285025441322,1.6380921328554774
379,0.043202197165555845,0.3891621695674985,0.39155283687187614,1.460235672948387
380,0.010585915700744408,0.7425175482842405,0.7425930050311966,1.5565405040259594
381,-0.7645490901468293,-0.3555221889854465,0.8431674436939248,-2.706327601108709
382,0.6387703201417025,0.2586353461648514,0.6891442259641632,0.3847196572965082
383,-1.0130737998648556,-0.6984487408591349,1.2305076869245182,-2.537992404237473
384,0.23007574318182833,0.2841157829577696,0.3655907899911827,0.8901108641584498
385,-0.10755696844103113,0.2099406647687374,0.2358889234020206,2.0442519194943736
386,0.8832554858637423,0.13678876343715274,0.8937848841365917,0.1536482268382108
387,0.9029871134465566,-0.3262523544793794,0.9601178708126847,-0.34670900015407796
388,-0.7137157339258238,-0.7835666951825715,1.059890048378894,-2.3095764630327764
389,0.7969126410299623,-0.05929857531714333,0.7991158104229902,-0.07427350363792068
390,-0.8242608609205035,-0.398082357568569,0.9153554119863824,-2.6916723606041955
391,0.8137300098275091,0.039572015118096715,0.8146916430615849,0.0485921177823169
392,-0.028835091638029553,-0.032030768693743994,0.04309794255977531,-2.30373905040892
393,-1.5868360453836203,0.5304779520768079,1.6731573424422257,2.818973110007997
394,-0.0009234950946392928,0.040955306393016144,0.040965716946437684,1.5933413571329873
395,0.7463995997976554,0.7472592674704401,1.0561764887548666,0.7859737081866243
396,-2.028668984146748,-1.1663158846934039,2.340040724031775,-2.619820901524104
397,1.0341418287869146,1.2126256532384332,1.5937096024491668,0.8646719579148673
398,0.031923071774485834,-0.27855837025674646,0.28038161165028924,-1.4566930958214244
399,-0.8330168882084763,-0.703811175894316,1.090535330630912,-2.4400702208456155
400,0.6504360206423598,0.48517885069531985,0.8114588924345458,0.6408903366942761
401,0.06295800134193996,-0.0004424447937481091,0.06295955598927958,-0.007027502474638122
402,-0.12128570627078261,0.06608144716597053,0.1381194418072688,2.642718775932635
403,-0.06538838741619202,-1.2258483775137847,1.2275910906576621,-1.624087156062923
404,1.0597752184789897,1.6550950939822542,1.9653150596854227,1.001262698104487
405,0.053030473750595775,-1.1140931294119127,1.1153545320430818,-1.523232549754265
406,0.08777444247891708,0.01388299166478646,0.08886557381826357,0.1568671887280731
407,-0.10755707018415706,-0.3596641657145483,0.3754022315407059,-1.861380061492088
408,0.16349800910177237,0.06196968162134908,0.17484804951870242,0.36229395036604184
409,0.16596753142118814,0.40358541272837556,0.43637874243961094,1.1806442226354068
410,-0.9269399020819264,-0.11052443943060553,0.9335058831004233,-3.0229171274326068
411,-0.05917545939041702,1.0147469154982218,1.0164708739099326,1.6290458427860883
412,0.9718722077124085,-0.057372515271367774,0.9735641702694046,-0.05896455123343805
413,-1.030294255338049,0.20828115314475326,1.051136190670787,2.942123957972452
414,0.11865825628171933,0.046391444839969154,0.1274046621523643,0.3726950068764348
415,-0.05396263610555252,-0.108222508222525,0.12093005160602045,-2.0333447217427634
416,-0.26522488286298085,-0.3533374936313294,0.44180496024303717,-2.214698993135786
417,0.3667908081782798,0.44270148371742835,0.5749087759372683,0.8789003828943542
418,-0.028781550281451018,-0.23894222937565246,0.24066941354399524,-1.6906727962637602
419,-0.030085217596933944,-0.32394863297145093,0.3253426457166762,-1.663401034515061
420,0.8065511202620428,-0.7804553868758148,1.1223347631163503,-0.768956276303228
421,-1.1641558243424015,-0.3126206020050404,1.2054005243686972,-2.879243560925048
422,2.132956611474583,0.7379346421492983,2.2570005410981073,0.3330782931854585
423,-0.01815944188751928,-0.23027989677370897,0.23099479688464036,-1.6494916008507876
424,-0.09559228650141449,-0.014269972451756985,0.09665152534927948,-2.9934073877706413
425,-0.9289928581403046,0.10121481437147395,0.934490325858938,3.033069582747867
426,0.9121358961352826,0.3058121715106381,0.9620358503000639,0.3234929048107672
427,-1.6404266391559759,0.0017415568476053522,1.6404275636165175,3.1405310052650623
428,-0.23485372959339657,0.0028465443108416366,0.23487097972810905,3.129472748421104
429,0.0019304446173009637,0.323510756108476,0.3235165157056102,1.564829224716232
430,0.8783518492820122,0.5635514705282958,1.0435958178680744,0.5704481856502589
431,-0.07441099772381676,0.20771540403438848,0.2206415320274565,1.9147888277473055
432,0.14504398218844017,-0.020775750721441,0.14652436175298633,-0.14226987474535885
433,-0.1300429417168516,-0.03930701074159515,0.13585362631822656,-2.8480621275807234
434,-0.7334614801033013,-0.4490953582815109,0.8600304550568684,-2.5921811710204588
435,0.014894040105673412,-0.4479613443073731,0.4482088781186047,-1.5375600762448343
436,0.05955845212156419,0.38476970666215493,0.38935194411226126,1.4172252351778984
437,0.9577188020514313,-1.2717245109944315,1.592013987271109,-0.9253226617891095
438,-0.2394898263438563,0.3701643442891509,0.4408820916131971,2.145047305783667
439,0.1731445287147153,-0.2204681944768936,0.2803306130263733,-0.9050528366791599
440,0.07830789973218089,0.1457897311374836,0.16548949472883484,1.077888516854681
441,-0.033464900344483794,-0.1197189637430256,0.12430820501789135,-1.8433680488792477
442,0.06442458511412497,0.2938640779037769,0.30084318747374716,1.3549781144835198
443,-1.6333487622491702,-0.13366383216248323,1.638808774436254,-3.059940373735836
444,0.7325324554821009,0.6275666352270264,0.9645950860256378,0.7083757093889559
445,-0.2519654201638559,-0.12035784623185464,0.2792357142414258,-2.6959631674504414
446,-0.12001275723025628,0.028449318687535197,0.1233386623561054,2.9088365444773765
447,0.15084277460846351,0.19844991097704678,0.24927075604325816,0.9208593079047181
448,-0.8548569547546094,-0.44143116681061656,0.9621028469576975,-2.664926956163747
449,0.18365068694311049,-0.022650850880040707,0.18504225425633522,-0.12271684907613781
450,-0.05595534941232927,0.2778158977100702,0.2833949084728024,1.7695488422672576
451,1.6099767494308708,-0.4030786239538884,1.6596678917170606,-0.24532028978268117
452,-1.2504846088492059,0.07124850227660318,1.2525127169196368,3.084677476459248
453,0.2234970584970597,-0.7257253857254682,0.7593604352632667,-1.272049514318741
454,-0.300935984400553,0.24140880991274116,0.38579875610299197,2.4655158048999146
455,2.352169592335258,0.2393322893850609,2.364314221047809,0.10140061711818416
456,-1.0006349610397365,-0.579915998472643,1.156534863520991,-2.6163471424374842
457,-1.0149527398818918,0.12566527168371522,1.02270270592245,3.0184056671196346
458,1.147037346581783,0.24074322796877823,1.1720289997547861,0.20687978978432534
459,-0.04954473713826246,0.440913687222519,0.4436885851115136,1.6826952683853071
460,-0.708909529069615,0.26489253797126366,0.7567831770583704,2.7839955580361444
461,0.5316959418967144,0.7356467726441451,0.9076765661463233,0.9449580554714173
462,0.057273066658694916,-0.06445903926191932,0.08622744288833438,-0.8443607769046875
463,-0.7062900301342552,-0.16002356558772135,0.7241913754046335,-2.9187851289935107
464,0.16407462846223098,0.11954537740678006,0.20300635695551164,0.6296662477181182
465,-1.0053328469946337,-0.567596989220533,1.1544957667391202,-2.627619884136109
466,0.8850867187059066,0.6341177854615125,1.0887992769414394,0.621679190810355
467,-0.4329965324643581,-0.8256638299470751,0.9323125855682902,-2.053790351999677
468,0.5167370366640398,0.7552334602369228,0.9150927518682295,0.9707475984853567
469,1.4931587172893614,-0.6993624711554958,1.6488271046649896,-0.4380314076493497
470,-0.9800359345017569,0.0031398832177274016,0.980040964338406,3.1383888195628797
471,0.23711789017829688,-0.8777643094788345,0.9092277365091004,-1.3069554538883406
472,-0.14034242960678966,0.18492500709498927,0.23214921020115178,2.2199788958998248
473,0.17678855930125792,0.02915188721033246,0.1791759672158583,0.1634262597200013
474,0.8545252760604853,0.2555919525224226,0.8919308793961969,0.29063459970743244
475,-1.6744416116123375,0.08623516921784358,1.6766607334547297,3.090137262058488
476,-0.39508479413325404,0.4771842803360187,0.6195133831929055,2.2623492169636488
477,1.0916096850662598,0.3847327016563895,1.1574242766826188,0.3388515961894429
478,-1.0033632556120438,-0.18605836792983155,1.0204682939656244,-2.9582406018298575
479,0.8470314372915482,0.5617450641151436,1.0163758029478627,0.5855936905298251
480,-0.6466901390098201,-0.3194870892605195,0.7213044683742779,-2.6827290099552017
481,-0.37220927731743814,0.0011256178385110616,0.37221097933388253,3.138568509712468
482,0.18068283652667105,-0.06231404735876822,0.19112647099121186,-0.3321070559554063
483,-0.5941876748138384,-0.34776632313833034,0.6884768757262871,-2.6120667988871107
484,0.9861786150420357,0.35080005033785255,1.04671339729807,0.3417584053237569
485,-0.1874286793661213,-0.24245998771596078,0.30645775482462856,-2.2288740256215043
486,-0.26766959250699074,0.09687046437159097,0.28465926582569934,2.7943533101857416
487,-0.11459767293786172,-0.969316409614521,0.9760670717685128,-1.6884753288692507
488,1.1634199134199434,-0.005110252324243447,1.1634311366045202,-0.004392411889071048
489,0.9753547336589463,0.2538271951693787,1.0078418037958476,0.25459369302601637
490,0,0,0,0
492,-0.014254693012389907,0.13423188207536896,0.13498664540751146,1.6765943514387527
493,0.9919455324172759,0.2710731331670786,1.0283173551037683,0.2667610521668263
494,-0.9313876264594683,-0.03606150879954839,0.9320854805964429,-3.102893937624873
495,-0.7756575405990134,0.23766259538808754,0.8112509658143476,2.844273365130404
496,0.9169193882577247,0.16220144630574396,0.9311554509031214,0.17508692620876712
497,-1.2336913388419362,-0.3279359546631895,1.2765329255034774,-2.881783819986043
498,-0.09776345758757543,-0.17884226278545157,0.20381915660138075,-2.071061058576667
499,-0.426337445807917,-0.23712803953958428,0.48784559527980287,-2.6340033498656092
500,0.4488849161524513,0.2532713852491497,0.5154066962459999,0.5136976862006792
501,0.12998245312803647,-0.7947527225179556,0.8053119445723407,-1.4086808150146846
502,0.8268300357959788,1.2033500165033502,1.4600339620409493,0.9687759982104768
503,-0.9093016224637722,-1.2805425298008686,1.5705472330509695,-2.188262663737958
504,-0.2365719980069798,0.12371125746074085,0.2669658882020925,2.659767568983568
505,1.3934291581108482,0.1356141119598533,1.400012859239574,0.0970184605120563
506,0.05290539028931107,-0.19405814855758763,0.20114061087523594,-1.3046380932173074
507,0.7104511511756755,-0.031261118657198494,0.7111385910963783,-0.0439734196113182
508,-0.6988197155425269,-0.22496543458066753,0.7341378900363383,-2.8301472218040136
509,-0.1192759310981728,0.19309558032330187,0.22696398586500194,2.12413193863538
510,-0.07073644448905725,0.05182762096785609,0.08769120180577544,2.509264733041605
511,-0.6839758475160806,0.671482568930287,0.9584945489477541,2.3654112427465614
512,-0.06595237546275712,-0.024724386697016598,0.07043444559818796,-2.7829250634449707
513,-0.18338571640560986,0.21072477262237044,0.27934790276346894,2.286936424850721
514,-0.13182209504054754,-0.05910944585536981,0.14446795952808375,-2.720067442271784
515,0.18161026011307513,0.15803409023101267,0.2407427262732618,0.7160950440339007
516,0.29003841293479127,0.397389862197997,0.49197660874829763,0.9403108119344409
517,-0.40888579900376953,-0.46958836748751764,0.6226562707518033,-2.287204151918769
518,0.07984935075239719,-0.08535717691961509,0.11688355943957997,-0.8187248543648185
519,0.8093644265649118,1.207191303018817,1.4534034598393584,0.9801773396156966
520,-0.7198263797232585,-1.125569421436694,1.3360600807668894,-2.1397703234692296
521,1.7728425793076212,-0.3289656219708377,1.8031054299304738,-0.1834715186723595
522,0.16987919196003531,-0.37237806516452565,0.4092974019911075,-1.1427977475245765
523,-0.19831961950887944,-0.19219269259963312,0.27616788837742123,-2.3718826620131503
524,0.11483013005170051,0.04690244122787135,0.1240395008085101,0.3877701251692
525,-1.625484603434984,0.6883747409044645,1.7652365223729867,2.7410025890668237
526,-0.5343884922040161,-0.2269198281452418,0.5805718465492,-2.7400315684958194
527,0.49793977026854463,0.2586697667456974,0.5611185819801056,0.47910990851849
528,-0.08990435500425065,-0.24655831542554552,0.2624381754894153,-1.9204510724742418
529,-0.30384436131532766,0.2888604495042273,0.41923949622012435,2.381469670440506
530,0.12125940673206514,0.1928073677206612,0.22776857721903315,1.0093868275929179
531,0.011363528465608397,-0.1230011727660667,0.12352497027328718,-1.4786722989905243
532,0.04357912748946546,0.09723728079779903,0.10655622520384767,1.1494627424965786
533,-0.10562504228028047,0.3077125591004233,0.3253362392738358,1.9014530412879376
534,-0.0048956311209167325,-0.2549668826022753,0.255013878892884,-1.5899950147313062
535,0.8774669610481851,-0.4913097907996189,1.005650823231753,-0.5104261083477528
536,-0.534832984772379,-0.690181595234094,0.8731534550125828,-2.230054116021999
537,0.7739998819919265,0.3694257131073755,0.8576428014205034,0.4453185943740919
538,0.7541049382715528,0.07571591109092424,0.7578965345730716,0.10006963274408967
539,-0.6639226402111262,-0.03782309275470652,0.6649991417516595,-3.084685038283467
540,-0.14866965214605443,-0.3321525281320419,0.36390653664606754,-1.9916480559750567
541,-0.4478226716814788,-0.09688564421992396,0.4581833402993252,-2.928528185664744
542,1.3236042259542273,0.515773482593886,1.4205458219680613,0.37157264125377837
543,-0.9399225484014551,0.692115670519911,1.1672525426713414,2.5068823800361204
544,0.13675793952313597,-0.33235544767569536,0.3593923727937553,-1.1804319162625414
545,-0.9586225983017584,0.2670151389459079,0.9951152548328848,2.869937933032352
546,-0.011080512407943388,-0.20665002118369102,0.20694687485063054,-1.6243647297097206
547,-0.08815183987678665,0.03870187789584634,0.0962734762347742,2.727893262305775
548,-0.4110374325753128,-0.21524086190618164,0.463983188932768,-2.6592024247268284
549,0.42615731935268286,0.20449144066515146,0.4726804524656945,0.4473977722019729
550,-0.7498603373325068,-0.3704690498936998,0.8363837889590887,-2.6827157743915344
551,0.38063608288791784,0.20338496374256465,0.43156606802762215,0.4907323140761936
552,0.4701526378469225,0.3456529747073773,0.5835404714314838,0.6339571478120286
553,0.8804639376061232,-1.3231669813532108,1.5893355863278993,-0.9836561628340672
554,0.845239467281317,0.6361623340588949,1.0578904821980704,0.6451895517437336
555,-0.8495697350567752,-0.5274367794202135,0.9999791452873436,-2.58599897007374
556,0.19812080021972633,-0.09632966794811182,0.22029810804157668,-0.4525604001307883
557,0.5786121974530261,0.2726572524851463,0.6396358748336185,0.4403647900711523
558,-0.5517438297813442,0.04004798810160537,0.553195349811232,3.069135334486134
559,-0.28868849767832216,0.35816728113104546,0.4600270100380759,2.2491947075553056
560,1.1406424484256377,0.03140957000425715,1.1410748249954012,0.027529779082137495
561,-1.1185424059974594,0.4756314937640127,1.2154679888317796,2.739531975171635
562,-0.9098098602668188,-0.03204502316657454,0.9103740249746115,-3.106385537139061
563,-0.09607395490490944,0.09092947141573404,0.1322814181320089,2.3836976562454
564,0.16432001055488854,0.07788413985952047,0.1818433532203364,0.44261449326679575
565,-0.33766639638270135,-0.26222223438560377,0.4275267189922264,-2.4813012796958085
566,-0.005580987549365091,0.1181046796185683,0.11823646971146774,1.6180157851349504
567,0.2710036076977076,-0.0960195719666217,0.2875112407990794,-0.34051022133515857
568,0.04189368135632776,0.13964695951142403,0.1457955892281067,1.2793422028615142
569,0.8628617119740056,-0.558904326491529,1.028058548994979,-0.5747801584928571
570,-0.815024959689822,-0.3176440965138454,0.8747362213647569,-2.769966248872371
571,-0.2573279608385519,-0.5546357782966425,0.6114233606888517,-2.0051972864910965
572,1.3332830932249635,0.4540795670127409,1.4084857329266793,0.328251601199581
573,0.5797560305214802,-0.1804044287855504,0.6071760970686051,-0.30167548121000914
574,-0.613019243371582,0.16940103860554245,0.6359947363182367,2.8719821421694047
575,-1.0545064200623528,0.8919895031403939,1.3811694550870166,2.439493332883037
576,1.0170779596936654,-0.19151155332883718,1.034951327915015,-0.18611665483873355
577,-0.32412006555978223,0.7611747643846911,0.8273093972840919,1.9733575658314044
578,0.01725867281027149,-0.031759728757947414,0.0361461223086294,-1.0730238086788588
579,-0.04424449062946678,0.04555954693637432,0.06350785201932646,2.341551915578466
580,0.15363721884762072,-0.052578108395096024,0.16238488999176667,-0.3297293295841696
581,-1.1199268396944717,-0.5657724865311593,1.2547249231539548,-2.6738040556359826
582,0.3319486402391476,0.18608632832876992,0.3805496305969851,0.510935614494786
583,-0.27125953204188136,-0.13486252545828847,0.30293503345860806,-2.6802103534255433
584,0.35224522419775894,0.43853963655521966,0.5624888539341145,0.8940930871149951
585,-0.5243929957701994,-0.7436552434916166,0.9099511718688096,-2.1849743532690815
586,1.3537293846401326,-0.12630962095215637,1.359609270041665,-0.09303556729438123
587,0.8702379874110875,-0.06012012326300464,0.8723122055516929,-0.06897509887482532
588,-0.8367664439119835,-0.3172222143630279,0.8948787710871733,-2.7792280792997017
589,0.8137254286383495,0.17857833201276208,0.8330902075268476,0.21603300638471212
590,-0.9169508724187381,-0.1275501503449732,0.9257796407798727,-3.00337707649787
591,-0.006156486214081269,0.751430237582781,0.7514554572802163,1.5789891678052943
592,-0.2085769361341363,-0.15856630780967862,0.26200689353430634,-2.4915768435302996
593,0.08458956621154812,0.6830733102594877,0.6882910299435205,1.4475868676810035
594,-0.6488184405296806,-0.6167460755774528,0.8951765694607716,-2.3815314060108324
595,-0.27084411161092703,0.14393857083769035,0.30671622873449184,2.6531071482444792
596,0.8870655462455943,0.5179977860400413,1.0272326852657967,0.5285309485189391
597,-0.7685139549018913,-0.3971801354342688,0.8650813596781117,-2.6645831015454577
598,-0.6635106753988111,-0.15146201967752404,0.6805785478348412,-2.9171644741678024
599,1.3960604509701398,0.6355643998431333,1.5339253205781929,0.42721591740798215
600,-0.7214792067918552,-0.41495854871880056,0.8322997314596573,-2.6196458781800724
601,1.7832154938347458,-0.8664209884105958,1.9825596653343602,-0.452284416826862
602,-1.000856971789517,0.47451136596725974,1.107644218335381,2.6988747518839933
603,0.20938911224868662,-0.46755337749368664,0.5122987030376389,-1.1497400959726565
604,-1.1812239625018037,-0.4721925515722205,1.2721068568908616,-2.7613030732154096
605,1.2634989971577397,0.6287870035885135,1.4113124429765491,0.46177011005116964
606,0.6982327282638607,0.16996636129636045,0.7186219498394961,0.238779647060603
607,0.025795130378924114,-0.06411830216597991,0.06911255619577096,-1.1883042355833755
608,-1.2918685538301133,0.25554012864597553,1.3168998130926703,2.946307017292079
609,-0.4166350272026875,0.4639734375697344,0.6235832716345592,2.302489702773471
610,-0.0504808348299548,-0.15043938868154783,0.1586830940964002,-1.894545917599281
611,-0.23450281096927483,0.022860640386852538,0.23561446736435443,3.0444141497227957
612,-0.020784419398069076,-0.1821110979584546,0.18329332800009027,-1.6844350570465214
613,0.11396180960900892,0.03535364891172321,0.1193196318328773,0.30080970173158605
614,-0.6734871595067489,-0.30023150790475484,0.7373763708983574,-2.7222481667616942
615,1.5181494562131093,0.8222825222519532,1.7265359300637777,0.4963980872973684
616,-0.7952771707402917,-0.20809860554970783,0.8220528011827561,-2.885662825636536
617,0.24190394458253195,-0.44490894510613543,0.5064202679988656,-1.0727907728166168
618,0.017195725682654484,-0.2774099971791202,0.2779424392147996,-1.508888852298779
619,0.842753298322009,-0.37014218009471733,0.920455515121668,-0.4138413410581234
620,-0.12011974521340107,-0.20726175613822306,0.2395541457533821,-2.096047643035913
621,1.0563450887558474,0.5161735760256079,1.1757125954610095,0.4545192279246777
622,-0.8725766626342875,-0.039193510028212586,0.8734564461965593,-3.09670584252716
623,-0.3186267063086916,-0.17836107554421687,0.3651515455840425,-2.6312713053898555
624,0.10771900167094373,0.7297877668953561,0.7376947661676171,1.4242512688358293
625,-0.04252947721772671,0.6194129387038174,0.6208712789831015,1.6393496784870267
626,0.024491904807632636,-0.5453021147880008,0.5458518570027697,-1.5259121151521358
627,-0.7942624773155558,0.1774810694075768,0.8138503627015846,2.921750272384278
628,0.039291533187679306,0.03207792028103995,0.05072294894616498,0.6846660254800275
629,0.6918236607273229,0.27715287127875854,0.7452742391899871,0.3810338655408063
630,-0.9202354773834713,-0.05661781772721497,0.9219755480051396,-3.0801447512390863
631,0.03561328026444244,-0.16993690157391939,0.17362850067813662,-1.3642182394767999
632,0.13349130650158259,-0.02610483098203531,0.13601981882100894,-0.19311744742071157
633,0.24723639554167676,-0.6648355569071782,0.7093180901461051,-1.2147673043015228
634,-0.20448065142454652,0.7578114245185361,0.7849143213993613,1.8343501909676718
635,1.6347974677812545,-1.1268472186045528,1.985534541311437,-0.6035008560276233
636,-0.6895473492824067,0.09747715344292374,0.6964031464214738,3.001159209539583
637,-0.147954328934361,-0.20430522206777368,0.2522520707835308,-2.1975686654331086
638,-1.1262484346852943,0.39312228647827396,1.1928875339934533,2.8057602385971383
639,1.2337108954567384,-0.04462789679371326,1.2345178098111413,-0.03615794143819337
640,-0.22827084921709684,-0.3388598963080085,0.4085750970484726,-2.1636136728942823
641,-1.2114053687135993,0.1097139738203623,1.216363483256377,3.0512715529834167
642,1.2157408486961003,1.321288583670821,1.7955025292455475,0.8269770677610156
643,-0.9443953044446971,-0.633779772097796,1.1373474801385575,-2.550529955636345
644,-0.10071868186059874,0.05133502871012752,0.1130466189162954,2.670225305985134
645,-0.3829209109973135,-0.27182463721976546,0.46959243762934433,-2.5242722075520687
646,0.5574415746058321,0.2534100948774949,0.6123379665551127,0.42666846817772297
647,0.05175801692928417,0.013626647772753131,0.05352175114824574,0.2574342419373454
648,-0.46005836869017,-0.3387267441263475,0.5713050934380828,-2.50693741695644
649,0.3566227385483671,-0.9637965263409569,1.02765924402821,-1.2163999587984937
650,0.5014445758923785,0.14776640877391856,0.5227634017926542,0.28657026574929756
651,0.5144486103241661,0.4581977119154317,0.6889140119557756,0.7276296716811681
652,0.09900410527825443,0.10103054493947639,0.14145311545779132,0.7955282600660362
653,0.1578279925769266,-0.12805521121356378,0.20324323447488438,-0.6816290734284445
654,-0.23495109733312347,-0.16107368995051274,0.28486268925977787,-2.54062206575973
655,-1.0244021573078044,-0.17618163451754754,1.0394420369785697,-2.9712740482025652
656,-0.10751472591311995,0.05684108087802997,0.12161547912809476,2.655263740549746
657,0.17313226328781184,1.046694517663127,1.0609166762273115,1.406871974107265
658,0.8123968177108054,-0.4296920842067493,0.9190342086432821,-0.4865142370549378
659,-0.5416097954260977,0.6485607111424088,0.8449687370187411,2.266573364185277
660,-0.22110436421951363,-0.4034170277282101,0.46003525749444335,-2.0721634150383546
661,0.7197275370364196,0.9471594448089036,1.1895876350480536,0.9210019345643884
662,-0.9521122831675939,-1.1790667677140618,1.5154920793215299,-2.2501018844347054
663,-0.4328681938191039,-0.2751202971805924,0.5128996501665318,-2.5754248039708005
664,0.4171145116548587,0.5768253343452443,0.7118370474873966,0.9447208620878742
665,-0.11985521531300947,-0.15581693205808733,0.19658125280331912,-2.226475973272502
666,1.2637285532126725,0.10366083122380587,1.2679729587554323,0.08184453001194751
667,-0.029717537460442145,-0.6082774630021959,0.6090029589658006,-1.6196127460459178
668,1.0835094738546331,0.0716083132648464,1.0858731649973583,0.06599326608643873
669,-0.8745676012415515,-0.017583514517923504,0.8747443450084165,-3.1214899813348715
670,-0.07014538780344992,-0.22464265283338136,0.235339535357142,-1.8734563391022814
671,0.7084317709146717,0.2664556250890655,0.7568845183929332,0.35975255702545755
672,-0.697018886408955,0.13249962249790315,0.7095008653785185,2.9537392716766226
673,-1.3668770027313712,-0.5025213118525471,1.4563242803242353,-2.789288439002789
674,0.6029500756512789,0.7389874173188673,0.953756361280748,0.8864268565845053
675,-0.42522673729934013,0.31174215065925637,0.5272579507336997,2.5089826757284475
676,0.10836976280438648,0.008330308117933782,0.10868946371943648,0.07671843330546702
677,-0.21498864050295197,0.00907951226804471,0.2151802804355759,3.099385214227525
678,0.011801141349224054,-0.22875657702127228,0.22906077461589455,-1.5192538127984414
679,0.05128986784563949,-0.05926169618408039,0.07837473558639553,-0.8573831603540113
680,1.0284560771551696,-0.08083112997928765,1.031627633505001,-0.07843340272260645
681,-1.2614761903437284,-0.13343914305585258,1.2685141637772939,-3.036204414088775
682,1.494037972591741,-0.13512189323728307,1.5001357903796801,-0.0901953512741225
683,0.014443732522522623,-0.12111093773376069,0.12196917909018261,-1.4520966171345508
684,-0.04472488018564036,-0.2730556169458396,0.2766942082033756,-1.7331487120209794
685,0.7554985701480064,0.22499075941595947,0.788288609151656,0.28944121993155975
686,0.08928872958369993,0.4330949237732966,0.4422032227707852,1.3674806032152778
687,-0.8556957403330898,0.12430940418903447,0.8646779909272743,2.99732895898597
688,-0.14519900434072497,-0.04733216353702119,0.15271897251695085,-2.826473437579459
689,-0.860305947695565,0.26074870454033316,0.8989528411211715,2.8473049303708646
690,0.1828310711746326,-0.5439557133641983,0.5738597552437507,-1.2465453617650748
691,-0.13495107625521996,0.39409124696021536,0.4165569635873342,1.900716893032749
692,-0.2734540499149034,-0.14557252642271123,0.3097877948918476,-2.6524033109920544
693,0.10085505671088413,0.1523484175077101,0.1827068219341008,0.9860296095152346
694,0.29072134857835863,0.355122103979852,0.4589451070164016,0.8847853587590473
695,-0.5833637955473705,-0.4486504031159484,0.7359351208982605,-2.485995013437342
696,0.13573848152873325,-0.6697663656134409,0.6833827038159246,-1.370839182097022
697,-0.1625269966355063,0.04600967703822789,0.16891392783462206,2.8657214144457868
698,0.7394890258209443,-0.41701338924474385,0.848966540046778,-0.5134682571300605
699,0.8102158732145881,0.46255705929604574,0.9329570163268418,0.5187520461334441
700,0.7588267070577785,0.013117485738803225,0.7589400765384968,0.01728481515340776
701,-0.7295451943879243,0.5131719165477762,0.8919538141562219,2.5285794418077185
702,0.8228339262668669,-0.027701266087774457,0.823300085241471,-0.03365297294831474
703,-0.9557299754626456,-0.06567076889905366,0.9579835258946899,-3.072987808062174
704,-0.1507668415090393,-0.2168450588418409,0.2641068345248438,-2.1783437740433587
705,-0.13986279444441152,1.0546125486365554,1.0638464311222229,1.7026469932513837
706,0.08637439479855402,-0.20860869437069596,0.22578335510808345,-1.1782370060437062
707,-0.866051550693328,-0.20455283514331768,0.8898804137767542,-2.9096531403062036
708,-0.673831286555469,-0.7573057460530208,1.0136866358722112,-2.2979331301429955
709,0.07523223199859785,0.5907252698588081,0.5954966273466648,1.444122547321555
710,-0.010570381803063356,-0.07469942923432882,0.07544360608691124,-1.7113685440384558
711,0.13167625393305116,-0.09654675926685741,0.16327863477740706,-0.632670668424205
712,0.4305053326595498,0.23296533087511762,0.4894973818500592,0.49601847874411736
713,-0.45127613480144646,-0.4651966645789116,0.6481188830582532,-2.34100641326825
714,0.21824015891888848,-0.4301745273922961,0.4823680036881872,-1.101302452576789
715,0.7719745326342036,-0.19681487955813282,0.7966685483005335,-0.24963199972781017
716,0.3159697719198675,0.4177390697420833,0.5237774595723591,0.923224058500305
717,-0.9834729817985135,-0.5368525437563676,1.1204596198281052,-2.64192254794254
718,1.978156071824742,0.45642676760439826,2.03012975907524,0.22676487256523045
719,-0.6923811307681262,0.4094630190013504,0.8043951728929316,2.6075326460629866
720,-0.23754743490826513,0.38734683049221985,0.45438568521011413,2.1209146666732286
721,0.32163944495368924,0.6429797748814963,0.7189401389940451,1.1069626545883946
722,-0.32471587514783096,-0.32268073153511523,0.4577807926039043,-2.359338060745412
723,0.29864177558249594,0.16193076971831033,0.3397182425255234,0.4968536392814716
724,-0.928026569370445,-0.2425157764390633,0.9591909170125201,-2.8859846679461905
725,-0.6141109745062749,-0.5364464053509437,0.8154183189155095,-2.4235939376062148
726,-0.16025988930164203,0.04816770457318853,0.16734204457584628,2.8496222212449998
727,0.565596967006627,0.3275223585181948,0.6535830661946623,0.5248904239889013
728,0.29154024905358256,-0.39430175321126626,0.490376987024986,-0.9341244102418716
729,0.6963804643770573,-0.5740471784886267,0.9024831933597208,-0.689401141477656
730,0.022383773748856584,-0.015500783399829743,0.027226964818878333,-0.6056752581830368
731,0.7663068555375503,0.41464248002716886,0.8712947739352791,0.4959783111158351
732,-0.6296066278017634,-0.22791108844137398,0.6695879105886247,-2.7942768074181186
733,-1.2587711602755007,-0.37363201989262507,1.3130520630311555,-2.8530532355095097
734,2.893282225800135,0.44403481167057635,2.9271571450993723,0.15228279258896432
735,0,0,0,0
737,-1.8983627556118563,-0.4891131000938458,1.9603603690591311,-2.8894270824795885
738,1.10939020766682,0.7111908316453537,1.3177780662476668,0.570068102575393
739,-0.7532225123633225,0.2766142114254535,0.8024086085613993,2.789641658598166
740,0.07514103365667779,0.10945493273720786,0.13276504524723623,0.9691869621929727
741,-0.14682026342870813,-0.39702800557779483,0.4233053590097304,-1.9249987819380563
742,0.6461610549299621,0.7941620380730683,1.0238249125825036,0.8877941890938942
743,-0.9154659532455298,-0.683517666191733,1.1424860224737718,-2.5002495063460977
744,0.32788246899474416,0.4201781236519082,0.5329695761201831,0.9081576836089256
745,1.586859804060282,-0.9608294537778193,1.8550787791868082,-0.5444472785350948
746,-1.0014975360763856,0.8985572745098125,1.3455119807499203,2.41031909813071
747,0.9588697567705822,-1.1487078832966517,1.4963158127872436,-0.8752298263780853
748,-0.6828561913446265,0.16044474693035227,0.7014521329892967,2.9108174118638046
749,0.6812540296582483,-0.06837079525996614,0.6846762874308425,-0.10002528009535963
750,-0.587261540068539,0.020622539381975002,0.5876235236733068,3.1064906296282797
751,-0.14501835349972225,0.1965164381009572,0.24423151577070834,2.206537589055969
752,0.11863498140189677,0.027032182190509957,0.12167578923602393,0.2240350813372363
753,-0.3698399417978635,0.3773493178720173,0.5283692745112303,2.3461446625723346
754,0.1986520720424778,0.31558763674286183,0.37290508469544137,1.0089910769541464
755,-0.20286473173803188,0.20845569105892992,0.2908743277052818,2.342602617002098
756,-0.8900715563506765,-0.4208009559481525,0.9845307613027611,-2.6999636918869423
757,0.030267558528521477,-0.16881200556338172,0.17150398922943075,-1.3933839942191935
758,1.0538853009049944,0.9271980207290653,1.4036988270663715,0.7215366340746872
759,-0.18418004812292565,-0.37395005302585105,0.41684641330422895,-2.0284467157739408
760,0.11520321152488577,0.12673053957621505,0.171267070994182,0.8330087871440331
761,0.2903195610703051,-1.3393363526728308,1.3704405543951974,-1.3573349629331348
762,-0.15151002992661233,0.10807364827724086,0.18610535355092753,2.521989420776654
763,0.9235853187279872,0.05324634685689489,0.9251189190712091,0.0575880441185633
764,-2.327741424156784,-0.4713840927986439,2.3749911790739464,-2.9417876169775394
765,2.227375728822608,0.6342831306683365,2.3159269693145488,0.27742365857956147
766,-0.8380563471091591,-0.012126638181939597,0.8381440784754988,-3.127123707709095
767,-1.2712150198881318,-0.25453482584180165,1.2964473010329034,-2.9439763713990583
768,0.07043828264761487,-0.36121530382592937,0.3680190856197593,-1.3782095864762078
769,1.0503090762493912,1.097860206043947,1.5193571626404065,0.8075302020539623
770,-0.8263204540614879,-0.12291800586581303,0.8354126698622732,-2.9939220629369294
771,0.23477954489237618,0.3274912777200143,0.40295405654064187,0.9488157857453365
772,-0.14506720975805365,-0.23993083965228834,0.2803770731768902,-2.114606651194491
773,0.8104301787942632,0.45810600784489,0.9309447830693739,0.5144857040630934
774,-0.16353873209834546,-0.05691237808889582,0.17315870083847315,-2.806695776224028
775,-0.6550703670624216,-0.32250924168556594,0.7301571041740911,-2.6841017571936345
776,0.6133986579650355,-0.2608088316600288,0.6665426920049276,-0.4020286083968065
777,-0.4786769441434444,0.17030359343777945,0.5080698089754269,2.7997780887758577
778,-0.5244828206721195,-0.7081519754027568,0.8812272405271011,-2.208277466501984
779,2.207331945024407,-0.15225753414108567,2.2125769302394787,-0.06886899918603309
780,-1.7753558684665904,0.3322209443210795,1.8061725320534447,2.9566029230358004
781,0.7564330886642665,-0.2321214328633232,0.7912467233554173,-0.297741299354601
782,-0.3303980332930223,-0.22213184995030133,0.3981273906254634,-2.5496892353582634
783,0.39078342583616177,0.7455380421882865,0.8417473838736834,1.0880057327756054
784,0.7577307263163675,0.07135362981068738,0.7610829088155182,0.09389065592249927
785,-0.6420191805508466,-0.29612415364204026,0.7070206097175635,-2.7094319477933952
786,0.6358361256817489,0.719321584809336,0.9600578738256311,0.8469261183232696
787,-0.977115761354753,0.39258945920119004,1.0530345172708069,2.7595493096634955
788,-0.8018032290663086,-0.7032183304017963,1.0664916494535948,-2.421605020822671
789,0.30138380117159613,0.4761525025018045,0.5635187674313706,1.0064959625584817
790,-0.01739744619760586,0.09513017189988204,0.09670791456700789,1.7516778847149295
791,0.7342837060368765,0.013901069940743582,0.734415278093224,0.018929208787333673
792,-0.9355567976627981,-0.07170481990715416,0.9383006463021258,-3.065098198525998
793,0.08430825806328812,-0.16413870959695487,0.18452479065377494,-1.0962961095294086
794,0.7638409131795925,-0.03759414775083769,0.7647654938555646,-0.049177565520207904
795,0.9060464315642776,-0.6568667868675675,1.1191041559390633,-0.6272959834039106
796,-1.2810826860973066,-0.19169386000771738,1.2953452762035875,-2.993060416879378
797,0.43214952574408017,-0.4141131449338218,0.5985339667953807,-0.7640884079143498
798,-0.0318946995174656,0.12322137408443723,0.12728228034006242,1.8240781307084333
799,0.046510879943753025,0.05507161163870933,0.07208428650980067,0.8694731966258733
800,-0.34027822184100387,0.3686808073719021,0.5017118754660617,2.3161535235796
801,0.22875445612044132,0.816818962661273,0.8482463197432671,1.297736371463856
802,-0.2760820688479271,-1.389023107496996,1.4161943729234214,-1.766999181550294
803,-0.31758986150100554,0.8091054468324046,0.8692036264432478,1.9448376197185104
804,-0.17320587326469195,0.2576036765187837,0.3104189567171739,2.1627393826138137
805,-0.130975924484801,0.0627149264576019,0.14521657892689357,2.6950257335398953
806,-0.10185336109611853,0.01192911864279722,0.10254955406129392,3.0250032910246545
807,0.287740639809158,0.21882713165177847,0.3614968732157007,0.6501881360700181
808,-0.0089863862567654,-0.012380139667584444,0.015297810174815216,-2.1986752966655057
809,0.8181178418490163,0.052787246214393235,0.8198190632783497,0.06443347340043597
810,-1.3378423206531806,-0.49388930126838204,1.4260956198088746,-2.787944268603614
811,0.08751675171026818,-0.9037955666525477,0.908022911677187,-1.4742648220941774
812,1.3321029247515526,0.003255508846905286,1.3321069027932753,0.002443882004290363
813,0,0,0,0
815,-1.8162882415173272,-0.4848637678810519,1.8798925101393205,-2.8807228683687613
816,1.822522191422422,0.5197377191069563,1.8951819002116101,0.2778009793421848
817,-0.7229057252155826,0.39840270048784987,0.825419529273132,2.637895378772158
818,-0.6219568522135432,0.10047237676599252,0.6300198604078976,2.9814338946528363
819,0.43169357106808093,0.5845872904168345,0.7267060199409447,0.9347226602894535
820,-0.03493683320562013,-0.23671163157064257,0.23927594704707147,-1.7173308067611248
821,-0.5632701426295625,0.09663047349192766,0.5714986456547398,2.9716938667720254
822,-0.3269430973919043,-0.5414291773319064,0.6324850535771713,-2.114043375155564
823,0.1387388033397201,0.18731806168864296,0.23310193432686863,0.9333003279916486
824,0.05498353650818899,-0.07191230709838692,0.09052385983352709,-0.9180218951399863
825,0.16142914554257004,0.08801861144866052,0.18386583421602432,0.49918605576627684
826,-0.3930745075649611,-0.7995727471691225,0.8909680951150911,-2.0277059606330368
827,1.9098735700262068,0.08207166075169425,1.9116361607228478,0.04294587850542865
828,-2.8473763517242787,-0.05640980927273631,2.8479350685963416,-3.1217840915656843
829,2.945622161578399,0.5536488230492296,2.997201517757122,0.18578890685841037
830,-0.74021171489062,-0.7554081392613625,1.0576175299812436,-2.3460342202477475
831,0.8507483235566724,0.7256943507785536,1.118215095939236,0.7062372457445669
832,-0.20397420999358928,0.022417063387933922,0.20520234665677559,3.032130490228124
833,-1.9288312305499176,-0.012166914503836779,1.928869604134311,-3.1352848165215756
834,1.1397642425166623,-0.030754859869261963,1.1401791043187728,-0.02697698143765325
835,-0.21191032053343406,0.7963045939959557,0.8240188046201655,1.830885627582366
836,0.020681791225115376,-0.6543813822527227,0.6547081257531964,-1.5392017403913636
837,-0.8034679644500784,-0.0699645131219313,0.8065084023083339,-3.0547335893471255
838,0.2666179024124631,0.49134157050059457,0.559018465516849,1.0736271408771907
839,-0.4270401340037324,-0.512515308101456,0.6671095990077313,-2.265470165825506
840,0.15238111375219887,0.2554304175158677,0.297430163266423,1.0329056196959767
841,-0.2052501264544162,-0.08487938412815765,0.22210836152547067,-2.7494676032463174
842,-0.04913655136886064,-0.20921939031256898,0.2149119679384742,-1.8014723727488489
843,1.253319452951132,-0.39616511492477,1.3144414971496758,-0.3061545662905989
844,-1.1428665913399527,0.3896555386969567,1.207466556240055,2.813006616462316
845,1.3307345415722693,1.026454716497824,1.6806140857300305,0.657022202561213
846,-0.06266012943035548,0.009655823826392407,0.0633997378069912,2.988696949704065
847,0.7684537662297544,0.21849207694720008,0.7989117463909234,0.2770165118652082
848,-0.025740494835872596,0.07344194008840077,0.07782217960417089,1.9079055345270854
849,-0.8939838783456935,-0.460053875685162,1.0054137174690556,-2.6663247395219356
850,0.08455692086101863,0.0027549479431172585,0.08460178841883813,0.0325694659175741
851,0.1971233750691681,0.6226452931022095,0.6531039626437711,1.2641895398108927
852,0.5186043079318097,0.057782607191825264,0.5218134320801986,0.11096179034321378
853,-0.8337202582110876,-0.46494460607129895,0.9546009405329319,-2.6328763411499763
854,-0.6306291302292948,-0.4350033273922236,0.7661076913437581,-2.5377501728386345
855,-0.009065540992310162,0.2130380944316812,0.21323089296010833,1.6133242838858572
856,0.03037989447830114,-0.24112287793047926,0.2430291757176276,-1.4454633218614805
857,-0.27293575452381447,-0.524060990655812,0.590875492827918,-2.0509523263422724
858,-0.10129928729156745,0.12020039876142619,0.1571931342908633,2.2710682570418994
859,1.8963346584263263,-0.6554362763437211,2.0064101896412443,-0.33277931828059193
860,-0.0686088561036513,-0.27744184998823584,0.2857991519594596,-1.8132236664077457
861,-0.00139479404560916,0.5020123865352843,0.5020143241833657,1.573574725284617
862,0.049379026928249914,-0.028423394682249636,0.05697523730221549,-0.5222976554638019
863,0.22881576120209957,0.28460697658726986,0.3651818501741879,0.8936387170486064
864,-0.2996943014354656,-0.46021124458604845,0.5491912817555751,-2.148021901059979
865,-0.8521400276613349,0.7617618274477991,1.1429889362978414,2.412135873853633
866,-1.2502478034463138,-0.7630979374570188,1.4647313856722974,-2.593592240288946
867,0.6703772418727567,1.238063763386208,1.4079089205736801,1.0745238558335068
868,0.5834719004602675,0.1972832099735342,0.6159221733012848,0.32605187517315887
869,-0.09739053182352109,-0.22786710627588036,0.24780704955955477,-1.9746985229229803
870,-0.5691080258567354,-0.22504251851785284,0.6119869935181701,-2.7650319289675815
871,-0.005635258097640872,0.03382760503689042,0.034293774892229074,1.7358680320971664
872,0.006190770485318353,0.03880051749752056,0.03929129416648538,1.412576145291365
873,-0.3115020436832765,-0.5418375413779586,0.6249971555658225,-2.092554952934415
874,0.29280897037745035,0.21346920291193783,0.3623619650644376,0.6299506519785045
875,0.7835844309925051,-0.6106483789469621,0.9934263954639018,-0.661991750245735
876,-1.2231489801849875,-0.2826321039877939,1.2553781637148793,-2.914508985026808
877,1.2650530005347491,0.4430087426026148,1.3403789912499828,0.33684395634054515
878,0.12059175083982154,-0.578332048700986,0.590770961477706,-1.3652254360326432
879,0.6407227915550493,0.36310799387467796,0.7364598501166159,0.5155865100310876
880,0.07785293129575166,0.13002016873497269,0.1515464390515719,1.0312774555415838
881,0.04824871491234717,0.055845197405574254,0.07380125042274358,0.8582462271740722
882,-0.8252825885757602,0.3247689709068027,0.8868856947037601,2.7666809830549033
883,-0.8789000505850026,0.022951400997385463,0.8791996734110307,3.1154848088613605
884,0.7588459259116007,0.4605934540480803,0.8876899623092376,0.5455256076495749
885,-0.7808876518038232,-0.06266132253426804,0.7833977062012836,-3.0615205120673834
886,0.6084433574295645,0.3365255579293489,0.6953076803400207,0.505214516475295
887,-0.7144395527132019,-0.3324419288323952,0.7879984203834697,-2.7060731507468274
888,0.24832320408950181,-0.02097964552058329,0.24920786347032814,-0.08428508493055432
889,0.504821477001201,0.13226931392830465,0.5218619501829372,0.25625178823849853
890,-0.5881873343467987,-0.2062158263713627,0.6232891041338817,-2.8043874298887834
891,0.5948464328126875,-0.9070284236449879,1.0846855949674499,-0.9903413230644494
892,0.2772971123491743,0.4736895600318576,0.5488856782612982,1.0411824851922233
893,1.9354356445655867,0.12138626150351683,1.9392384481380334,0.06263575743635019
894,-1.2428751346211584,-0.6061556927862739,1.382809937828323,-2.687829806276859
895,0.23253121187565284,0.25500108338610517,0.34510334252865055,0.831454561805351
896,-1.1034516366097478,0.18034940816266953,1.1180927615190772,2.9795839455145248
897,0.0694386408479204,0.002692835833386198,0.0694908354218889,0.038760654064417005
898,-0.09330641014400953,0.12940961759591119,0.15953976087572053,2.1954882098218964
899,0.12526231505808028,0.3991815570839208,0.4183737122354287,1.2667295112116668
900,-0.2453294838238662,0.1877384078745763,0.3089211313985584,2.488402719626101
901,0.03230031841701475,0.1090516120735856,0.11373462386489148,1.2828358902667656
902,-0.7976886922651829,-0.5273291342084576,0.9562338968854739,-2.5574737464295882
903,0.3280618545127254,0.4106671771762649,0.5256159346863928,0.8967564326637048
904,-0.39984022326041213,-0.10684688731396363,0.4138701021644582,-2.8804700406593775
905,0.8424744635542538,-0.03364322832237576,0.8431459473620088,-0.03991261828516976
906,-1.1213528398054677,-0.3520654474252751,1.1753221986376954,-2.837373759195161
907,1.1956905918709708,0.028769221553034185,1.1960366464274914,0.024056116175070277
908,0.21156620482042854,-0.5054978763324698,0.5479857315649345,-1.1744182650275856
909,-1.2703342797681216,-1.1956641401299066,1.7445234072223224,-2.3864651224096054
910,0.8324130315877483,0.9721766114065531,1.2798589058654215,0.8626928170424674
911,1.0715862806548557,0.26689436088497587,1.104323212089607,0.24409822710024282
912,1.0129463833468435,0.8602798850604358,1.328962699316669,0.7040786604636908
913,-1.666228362648667,-0.440389254789352,1.7234441250672383,-2.8831982443311412
914,0.02210350208190448,-0.1265454859081956,0.12846137477088623,-1.3978723902156198
915,0.7049376340623894,0.7887414434799211,1.0578516590620204,0.8414450362950889
916,-0.818822987851604,-0.1549677444675126,0.8333583186478529,-2.9545481972306025
917,-0.6326994187326136,-0.18650919581114067,0.6596167331009012,-2.8549287061299355
918,-0.5615420423812338,-0.3958293380524083,0.6870300795632569,-2.5275876235059345
919,0.19111617818691684,0.3664058918787987,0.41325376122701085,1.0900208490869354
920,0.18499423714058594,0.06429460026095057,0.19584857262166291,0.33448981787810805
921,0.6178728117355377,0.2128311685061135,0.6535012760275659,0.3317290263327872
922,-0.060348977527723946,0.003518207428783171,0.06045144226694409,3.0833608492882805
923,-0.5075019588331315,-0.6207984163845595,0.8018409518134144,-2.256116564520385
924,0.21681466015081696,-0.6835111958575908,0.7170747183655188,-1.2636288305230372
925,1.4075443001613621,-0.1739990373089313,1.4182583057754936,-0.12299488335345905
926,-0.8110104303971184,-0.6877754361036068,1.0633780930226209,-2.4382331600500917
927,0.022022425014824876,-0.2048236521053468,0.20600416419409032,-1.463688839659113
928,-1.430134909519552,-0.46457039223264474,1.503699274710768,-2.827502080476388
929,-0.7830907974008596,-0.47181397424344595,0.9142426501018803,-2.5993352881368073
930,0,0,0,0
