180,0.7422259344428994,-0.35151562274205617,0.821256702128738,-0.4423026034552748
181,-0.24303107425339476,0.09813030960026481,0.2620947552222343,2.7578346601212784
182,-0.031846986368918806,0.2384597201283043,0.24057694957009348,1.7035635810799301
183,-0.05647854315122913,0.563698020585889,0.5665203299520103,1.6706559723117602
184,-0.15788347478780906,-0.7597421867199046,0.7759738280979682,-1.7756919303030079
185,0.5159526679896089,-0.15663265211580324,0.5392039904474242,-0.2947374940384287
186,-0.3197871538043273,0.07337105359044926,0.32809622863307203,2.916058901230902
187,0.27442547621808444,0.7828555684409082,0.8295614401817746,1.233636782119342
188,-0.21803434342814398,-0.010320658158320839,0.2182784709928186,-3.094292947611285
189,-0.021569207429706694,-0.9121114480916503,0.912366441978766,-1.594439477281651
190,0.14175403309786816,0.0784580109381352,0.16201810201295425,0.5055110082219502
191,0.09644369214925064,0.20049836233349083,0.22248815486176157,1.1224478047896593
192,-0.23111428080380847,0.6803416253275145,0.7185252521274014,1.8982688349525498
193,0.022036953856286345,-0.7298842360543745,0.730216834492291,-1.5406131000945014
194,0.2810490370968637,0.20897118656969838,0.350224953521907,0.6393538395839399
195,-0.5149859158591426,-0.413768905561426,0.660617287650558,-2.464747493803947
196,-0.23620642314574525,0.22516948281995042,0.32633536481465014,2.3801117247092543
197,0.6927403479593295,-0.18336433138404118,0.7165972841943579,-0.25875994645553685
198,-0.8740333077117839,-0.7600331119759858,1.1582679112750656,-2.4258463610329346
199,0.8741272446412722,1.1482720795599164,1.4431310434333389,0.920131186391691
200,-0.18299313381692173,-0.3699575072853065,0.4127408923536599,-2.030140999312959
201,-0.4231613385068158,0.3069501733335187,0.5227656523877187,2.5140394514635784
202,0.5272788167449107,0.45710148893482483,0.6978285762093345,0.714227702987601
203,0.042150148425776024,-0.5703531385165945,0.5719085045949611,-1.497028581940386
204,-0.19309420140120892,-0.08004381136609595,0.20902722873535348,-2.7486214194812315
205,0.28623500587423223,0.13817286899021042,0.3178399287578696,0.44973256127142053
206,-0.23710212727905855,-0.35184499303568373,0.42427858522972284,-2.1637777742291218
207,-0.09971421616842235,0.24527303828577374,0.26476742287528027,1.9569310917720417
208,0.14753283511686277,0.05693275364703254,0.158136889673008,0.36829143632435873
209,-0.7809926115050985,-0.30759756413468153,0.8393841317818339,-2.7663952006117167
210,0.8632811453297791,0.2717531594863658,0.9050437092056479,0.30497070505835255
211,0.007891515613891897,-0.07180223018801257,0.07223459198096605,-1.4613294060382223
212,-0.4397262984286954,0.14094028122613622,0.4617611724711211,2.831419715372028
213,0.4251037025702544,-0.073717333579566,0.43144803071635446,-0.17170272741554757
214,-0.43646836091818386,-0.15778360032851424,0.46411237283144513,-2.794709221311984
215,0.39249561380711384,0.8141327612737541,0.9038058197627689,1.1215687861664816
216,0.09284251452038461,-0.5807479894143341,0.5881224019804546,-1.4122706203905493
217,-0.40057908073379167,-0.20151209376263068,0.4484091032239743,-2.6755064543027762
218,0.2917451916430309,0.8315826517790867,0.8812746243860461,1.2333811537298904
219,-0.40204467703824776,-0.8159210605888063,0.9095972182494576,-2.0286267128015765
220,-0.14465356365076332,0.15334658756779618,0.21080756484422758,2.3270315540777884
221,0.28113187161329733,0.0014431863023105507,0.2811355758766554,0.005133440107513576
222,0.17440572804287058,-0.17383234718147378,0.2462418382419693,-0.7837516451559324
223,-0.17263272950538067,0.16278400495932033,0.23727766765347716,2.3855487071654213
224,0.4129379509114415,-0.06073150106283265,0.4173800025447852,-0.1460248962565755
225,-0.47498861943665815,-0.059177253754768344,0.47866077336282603,-3.017644643812647
226,0.2405635071230563,0.22652263986577736,0.33042897471484767,0.7553466614249901
227,0.1495168675220384,-0.3721757695918484,0.4010861467875541,-1.1887932242882218
228,-0.5573984863838177,0.1521853003204683,0.577800517701916,2.8750608744268917
229,0.3821797255591264,-0.13866695381145178,0.40655856491752385,-0.34806021093481704
230,-0.02097539819794747,-0.6447535074773612,0.6450946075839745,-1.6033172868463113
231,-0.10889814047459367,0.8999926703540098,0.9065570096192327,1.691209875183343
232,0.38128143789151636,0.04469103461605073,0.38389168193082185,0.11668031422163053
233,-0.5497230364509278,-0.4034483508821438,0.6818841460500087,-2.5084676008494795
234,-0.0915855325308712,0.2783005162246184,0.2929830832997911,1.888721785926022
235,0.13303474552969874,0.044926999517912236,0.14041609168408792,0.32568325975476625
236,-0.03646773431410111,-0.14183072836459587,0.1464440205485893,-1.8224662969307637
237,0.3790144971129621,0.26268142353532653,0.46114370785291775,0.6060559607317153
238,-0.10296544350626391,-0.2881911374140884,0.3060327012599595,-1.9139434723210818
239,-0.2346931494321325,-0.03833786793418881,0.23780384039815794,-2.9796696492346735
240,0.3465567322047036,0.3724591829205792,0.508750834474272,0.8214074554970147
241,-0.2195844318524678,-0.44723462401751135,0.4982330093761912,-2.0272040518179857
242,-0.037020582819536685,0.16401003198856756,0.1681362963348162,1.7927973528424122
243,0.12773359282448382,-0.1118809199739701,0.16980344811008086,-0.719335369240789
244,-0.3128575266888447,0.008173945839700991,0.3129642877333635,3.115471860444025
245,0.028923915519840193,0.35361188831925006,0.35479284159873437,1.4891823631358296
246,0.3581053833432861,-0.3317963881023047,0.48818880439557105,-0.7472822252903013
247,-0.3178575938867425,0.6628603969926417,0.7351308427026524,2.0179295172321514
248,0.19496361914343652,-0.4456097635147671,0.48639374392481,-1.1583682783149025
249,-0.2906155862841615,-0.8187751225665352,0.8688211095070904,-1.9118647461382392
250,0.289011439826254,0.8140101843490584,0.8637940683834501,1.2296328617987708
251,0.1101141285482754,-0.18636784181029498,0.21646730415232054,-1.0371371474917577
252,-0.2323533771889288,-0.11912564970396033,0.26111111103990053,-2.667843307243855
253,0.5917283950617502,1.3825317570865536,1.5038406008866725,1.1663844627839355
254,-0.3448325207984908,-1.1936419693443554,1.2424534672898266,-1.8520305534746029
255,-0.3915066757240311,-0.1529057212345606,0.4203065984763299,-2.7692530984933637
256,0.3988358187925769,0.3055802498200535,0.502443329572631,0.6537764953439226
257,0.01700175943017257,-0.10568872869953339,0.1070474997272007,-1.4112964593833495
258,-0.5002188617233969,-0.10174238159552829,0.5104609895345393,-2.9409341091108177
259,0.6886079944954417,0.21881041711753824,0.7225364826236703,0.30766750641413954
260,-0.41780065711725456,-0.4135715872544665,0.5878765575116842,-2.3612813010820735
261,0.149789623154561,0.2826381414611774,0.319876929792403,1.0834614798520952
262,-0.15014921687100014,0.08768987647465565,0.1738801361947793,2.6130073633814144
263,-0.03456615264997254,-0.2125766228284931,0.21536861303864271,-1.7319911281999114
264,0.22028518555327992,0.8671668087697526,0.8947088002284093,1.3220296325383856
265,0.02102318825495786,-0.7165341715033264,0.7168425164402303,-1.5414646359162774
266,-0.4153028998771333,-0.07369180382022478,0.4217902092232994,-2.9659794091443787
267,0.2624478743665577,0.19567233487600788,0.3273630238670107,0.6406576050812808
268,0.019451315437208905,-0.9375556371235518,0.9377573920659794,-1.5500524641703648
269,-0.07799871303348027,0.6547440841006846,0.6593736534770885,1.6893660847030634
270,0.2393376972495389,0.02799141927511073,0.24096898737751915,0.11642475538527594
271,-0.665982748301758,0.03241391086359613,0.6667710871453829,3.092960233701031
272,0.2827067371575822,0.19215541787664847,0.34182861766334843,0.5969706371176162
273,0.06859844114921998,-0.10643817858047555,0.12662871707330925,-0.9983036658771565
274,-0.034883710223766684,-0.2523749758203735,0.2547744132743903,-1.7081477754994185
275,0.1545500774369657,0.4638400334451376,0.48891032210637403,1.2491685359933458
276,-0.10177680484048324,-0.49607873275959946,0.506411519517386,-1.773150965306298
277,-0.04593776875321964,0.3499699584986615,0.35297202502405084,1.7013121905475945
278,0.1080295725207634,0.15156217530520166,0.18612222200012432,0.9515485804185062
279,-0.4745048495401534,-0.472992103189398,0.669982374332828,-2.3577910600399306
280,0.39382166823770604,0.36289793734553655,0.5355281685431447,0.7445553812258758
281,0.016635629322422574,-0.8436020877604449,0.8437660971126622,-1.5510791239722865
282,-0.503000271411679,0.619223518622789,0.7977763089085878,2.2529972710368567
283,0.6209077220053132,0.09801129862523794,0.6285957476025692,0.15655982253366096
284,-0.20347108140151704,-0.23023037950383696,0.30725642159796035,-2.2945727953132597
285,-0.08706829929610649,0.2653066353424549,0.2792284002372444,1.8879016232748893
286,0.267476730859471,-0.2891957405132075,0.3939263609892747,-0.8243941626160588
287,-0.05277362596052626,0.10073827627812193,0.11372447363918091,2.053356025925856
288,-0.14892696598360544,0.4003363335231427,0.42713981450554916,1.926938328659496
289,0.12102754127215576,-0.4594120582118819,0.4750864184302272,-1.3132087376207076
290,-0.5238822772346339,0.09718168725592591,0.5328197826080169,2.9581746630270325
291,0.6081066651441915,0.18971153976303867,0.6370119186577696,0.30240270302029704
292,-0.1593038186809963,-0.34480740605110327,0.3798287165473908,-2.0035912084486442
293,-0.30692222797677005,-0.6048325225341955,0.6782504215563029,-2.0403861110403927
294,0.46576243230322234,0.7539201636133726,0.8861886122309562,1.0174003684385555
295,-0.22784094463247584,-0.7807354625979315,0.8133015176482982,-1.8547396762512416
296,-0.03929135563532782,0.9734406609820212,0.9742333042350668,1.6111378084952506
297,0.3390264956788087,-0.15455360090552972,0.3725933176066354,-0.42772857355702804
298,-0.40095454902734673,0.3465751679420066,0.529980091531515,2.4288120194601293
299,0.4108676782744851,-0.16313080939417546,0.4420677663257802,-0.3779518545869106
300,-0.0601030523183681,-0.18616515470083073,0.19562679193497176,-1.8830806075585966
301,-0.24659981833917755,0.21938955129473925,0.33006551716624744,2.41452072214525
302,0.18094402356780392,-0.12998185159892728,0.222791430288491,-0.6229381288698711
303,-0.49484064162254526,-0.8022417604096006,0.9425810855022009,-2.1234934548566766
304,0.4755289773397635,1.3498571587545314,1.4311681093885014,1.2320909176978818
305,-0.09890287836276457,-0.7229845779853008,0.7297180821063867,-1.7067504962855438
306,-0.1320553782591105,-0.03257331042118494,0.1360133944836009,-2.899756192746565
307,0.20262728487318782,0.8892848788334788,0.9120775253765192,1.3467668924583356
308,0.01554652460174566,-0.8441623866881685,0.8443055309106162,-1.5523818989815918
309,-0.4248628141555173,-0.04142649737013926,0.4268776938849157,-3.044394323690844
310,0.5357506296020347,0.26650647366466274,0.5983765015641491,0.46160152332801757
311,-0.3785123319730701,-0.8428163199765777,0.9239106746187927,-1.9929050382906945
312,0.0632948049881179,0.8186540952035841,0.8210972901746071,1.4936341451970974
313,0.12655494603973239,-0.949390805536467,0.9577886280408122,-1.4382763538580434
314,-0.01702897951088289,0.7360276110227915,0.7362245787333507,1.5939285323688137
315,-0.032138774546069726,0.2104282252363987,0.21286836027334743,1.722355458863364
316,0.14205255625881819,-0.7626804107584348,0.77579658267765,-1.3866519773650279
317,-0.2768268219086849,1.2211917638182115,1.2521750729612442,1.7937147495824806
318,0.3038347747090029,-0.419407315756672,0.5178977378138345,-0.9438563286668153
319,-0.24875513011181738,-0.3517456918279436,0.43081799692731715,-2.1863392718239982
320,0.18531971424567928,0.2948929216009333,0.34828900599708057,1.0097339179606986
321,-0.1214282427102944,-0.32849660227671507,0.3502211241987789,-1.9248669465615724
322,-0.3543427220797639,-0.44238395672974207,0.566800079272012,-2.2461373265545648
323,0.4913685266437824,0.586503409205136,0.7651335033739723,0.8734318060669682
324,-0.2911794356670043,-0.5965104200377027,0.6637847128165213,-2.0249094274762083
325,-0.028576852380751916,0.7547141595809137,0.7552549894995174,1.6086427176484375
326,0.34991004397977576,0.16648713381155744,0.38749839303243055,0.4441007104771973
327,-0.2621547813085954,-0.9082330930954754,0.9453107852747328,-1.8518012163409345
328,0.057382437649721396,0.8985024197910718,0.9003329064968333,1.5070184093277208
329,0.23929268085464628,-0.26120693018262386,0.354245744485426,-0.8291549635329309
330,-0.5018873820157523,-0.8157218474805745,0.9577541838508185,-2.122366572152462
331,0.4733595538697273,1.1143261282061871,1.2106989664002936,1.1690997956066735
332,-0.18017406119770385,-0.4491598603608793,0.483949659043044,-1.9522813839422999
333,-0.1116637239931606,0.6150094245085143,0.6250643002846304,1.7504040081728043
334,0.0972941343857201,-0.32392685493252316,0.33822293821138516,-1.2790108069146209
335,-0.05001988765445731,-0.7775852033034312,0.7791923623582324,-1.6350350292571143
336,-0.15852429465348905,0.5142695704481355,0.5381478821702228,1.8698058802133923
337,0.3979580562119054,0.15348726647641797,0.4265313065583357,0.36810705771771457
338,-0.13017064262078293,-0.7560037706279559,0.7671284751617519,-1.7413069435654018
339,-0.17041493882129544,0.8384359873648464,0.8555794272198992,1.7713181595849332
340,0.23881268158902458,-0.1626617248043658,0.28894693908064173,-0.5979467892424353
341,-0.7635765513961132,-0.5762076039631268,0.9565899605927864,-2.4951434097185325
342,0.7043985281126197,0.6666729171173813,0.9698608481761823,0.7578896810488521
343,-0.17083668818008846,-0.737896964523145,0.757414750503852,-1.798306301047682
344,0.06899081469441626,0.6938607892293192,0.6972822436733442,1.4716917251335906
345,0.3216125822671074,0.050967060898784666,0.3256260038282836,0.15716647938912845
346,-0.5517403735591415,-0.8981159916044135,1.0540539711944357,-2.1216866412465674
347,-0.06749752158350475,0.9249492602231157,0.9274087822568885,1.6436415002264435
348,0.5106823370779239,-0.04563126467149914,0.5127169411272565,-0.08911685216582556
349,-0.4056119079442624,-0.75439108630448,0.8565202455061048,-2.0641222778968946
350,0.32398471812757634,0.7453310424454003,0.8127019505408808,1.160750522408594
351,-0.1410022931659114,0.041250667211443215,0.14691243726599482,2.8569817418553716
352,-0.41868580596894844,-0.22091271974704796,0.4733922621525469,-2.6560832950638478
353,0.5923021556642425,0.10252930898039381,0.6011107242467942,0.17140449219025047
354,-0.16357005074769404,-0.6376350035885991,0.6582807602406713,-1.8219077517931734
355,0.1288184582009535,1.9666031187182398,1.9708176023482178,1.505386742284514
356,0.03186642108948945,-1.30169549012777,1.3020854879047028,-1.5463205121983659
357,-0.392505234739815,-0.7349825323640857,0.833222468599162,-2.0612985440737672
358,0.29458127087957564,0.7900141893371426,0.8431491828300901,1.2138847141010938
359,-0.15642027324054197,-0.14547661824127545,0.21361354904491336,-2.392428269435406
360,-0.14918260805040973,0.019827792133384037,0.1504944912134888,3.009457533100503
361,0.33016929298878495,0.13263460869643495,0.35581413892195257,0.38198564867370016
362,0.038533961508846915,-0.18001876385804394,0.18409677218936643,-1.3599233502800032
363,-0.5157327684024722,-0.4694813485233169,0.6974188304135114,-2.4031055995075072
364,0.5872974480816993,0.774986416619754,0.9723796781445009,0.9223114357776201
365,-0.5537525474553604,-0.8136017170754144,0.9841695168218552,-2.168395938595215
366,0.39678158491915383,0.8203317774664356,0.9112518045261679,1.1202862825995439
367,0.09619031979184456,-0.32835015157178304,0.3421496743515478,-1.2858195052102386
368,-0.47905689949664065,-0.5386324643260707,0.7208470327200566,-2.297721195029442
369,0.3713613412282939,0.8117234075644433,0.8926388609885347,1.1417250881199266
370,0.056914205278758345,-0.3104173619962012,0.31559177015757756,-1.389462977335632
371,0.05297211620620601,0.7627955356001337,0.7646326400480551,1.5014629269375668
372,0.07272751101720587,0.07020581614486332,0.10108485286789586,0.767757537938232
373,-0.32112791137944896,-1.339566258627002,1.3775198353268354,-1.8060815439391829
374,-0.20328386430378487,0.6999146990780787,0.7288380584682972,1.8534604096881269
375,0.44603479017155223,-0.1829582285533604,0.4821003499674775,-0.38925837673947977
376,-0.4033069097799853,-0.7359031716903814,0.8391721763620646,-2.0721361436199315
377,0.07525862488853363,0.9053222639344654,0.9084449692719635,1.4878579232936413
378,0.08447529071600002,-0.732207179953491,0.7370640603889168,-1.455933405676871
379,-0.26860760692511576,0.029841127779661747,0.2702601328446347,3.0309507377570397
380,0.14553476984610825,0.09244779861171537,0.17241509418351975,0.5659206810442705
381,-0.008506100145837081,-0.20347626001870367,0.20365397646716873,-1.612575895304331
382,-0.10387154182626546,0.7698205978274757,0.7767966593908715,1.704915858667688
383,0.34176940159647984,-0.546591158017435,0.6446458080918982,-1.0119997891169517
384,-0.1393260970709207,0.8453058244338081,0.8567109770201008,1.7341509257116472
385,-0.14034158014067089,-0.8479973400773986,0.8595319935259673,-1.7348073825120418
386,0.17151886893066148,-0.07222962658255483,0.18610706960110018,-0.3985776894619729
387,-0.17242518285945607,0.5051508961211653,0.5337676194151657,1.8997301283464765
388,0.4011834409770927,0.2939378912867028,0.4973405646519233,0.6323219133722987
389,-0.09730099835599049,-0.7880045859055826,0.7939891130798339,-1.6936521672054983
390,-0.3423901676121659,-0.0040824730579061,0.3424145053349165,-3.1296697656277743
391,0.374546733062175,0.760497894367802,0.8477277290412345,1.1131650906851887
392,-0.23898324954598138,0.1263126371518979,0.2703107024662986,2.6553731783109065
393,0.21260674715040295,0.2971866178330629,0.365405958836101,0.9498106365119299
394,-0.2898225185225556,-1.2900223915384288,1.3221780753413226,-1.7917916212678808
395,-0.29090912753849807,-0.013471365325329998,0.2912208752286461,-3.095317899623184
396,0.2943690807234134,0.8767078507900692,0.924807986191128,1.2468575702144515
397,0.14844589720564727,-0.7382592371238843,0.7530357797581262,-1.3723667788792016
398,-0.08555670129237569,1.2140391039168037,1.2170500790744596,1.6411527798794312
399,0.16292077507523572,-0.5249097867520334,0.5496121024678957,-1.2698452693437772
400,-0.07490317776284883,-0.9982790184198223,1.001085153548996,-1.6456883006990535
401,-0.12177950664226955,0.9628002361233428,0.9704712993783995,1.696612919468444
402,0.26362146586916424,-0.01733220187568918,0.26419061771544156,-0.06565206268997782
403,-0.7582095006590635,-0.6641373996386335,1.0079484771001108,-2.4222369533256987
404,0.4908193495384694,0.5178411045667985,0.7134865404899579,0.8121815009248224
405,-0.050332811281464274,-0.5562919284031125,0.5585643217194857,-1.661029763655487
406,-0.12681903713587417,0.06879756120017078,0.14427810855137196,2.6445365914613856
407,0.5771350650851446,0.5823798050294045,0.8199092148871856,0.7899213517683809
408,-0.39455678189608534,-0.7557597278060086,0.8525537052371582,-2.051940839431788
409,-0.23978014508907108,0.1508806015312416,0.28330103052647954,2.5799461456218027
410,0.4719855410381797,0.8196711575414213,0.9458494369900511,1.0483437275410314
411,-0.7488968789747332,-0.776470235077511,1.0787736376550094,-2.3381199210369186
412,0.5709079283888059,0.7804620571244527,0.9669833945358786,0.9392407864008626
413,-0.27106840300461954,-1.02146000587868,1.0568153210079554,-1.8301910043503657
414,-0.1815802512311393,-0.031032220232305008,0.18421288318060153,-2.9723270751619606
415,0.5778015078833505,0.827100911252387,1.0089353298932506,0.9610196687935639
416,-0.164134692951734,-0.7341534192560175,0.752277502279353,-1.7907492753153313
417,0.008237058708118639,0.7058188486879544,0.7058669111803941,1.5591266401491974
418,0.23916310741662983,0.01698056502846157,0.23976515914090651,0.07088099099250939
419,-0.43683543999736685,-0.7534767587517024,0.8709491532900553,-2.0962002706778855
420,0.28038386050138797,0.875297203861777,0.9191084290321284,1.2607941602204977
421,0.11920637848845672,-0.16076456757838287,0.20013846921818312,-0.9327596507177742
422,-0.19707293731869413,0.46612835976802103,0.5060764669528149,1.9707909172841465
423,0.13495656129578038,-0.32533760881975127,0.35221844521452195,-1.1775796914322516
424,-0.20549347348708125,-0.26817111271301997,0.33785102240414344,-2.224633865301114
425,0.16051462383325088,0.5606873746313852,0.5832111766207548,1.2919720090864213
426,0.19132006779466337,-0.352727790595452,0.40127330162783525,-1.0738056413152417
427,-0.3702328709845233,-0.7230691738366204,0.8123431595761826,-2.0440212931364954
428,-0.08931105792305516,0.17001830978909993,0.192048667610264,2.0544805054660116
429,0.10152240788977451,-0.21556044419165232,0.23827107336779302,-1.1306415992251022
430,-0.32810757752690733,0.016115144047233798,0.3285030902415358,3.092516662815102
431,0.2584554983404814,0.1743184175550141,0.3117469411579059,0.5933799877268177
432,0.24776749281272714,-0.04584752190010022,0.2519736608439163,-0.18297288139256432
433,-0.5060422864106613,-0.1697194087867615,0.5337447642409784,-2.817995997170201
434,0.6348402236316133,0.80125560087194,1.0222683832875252,0.90076402463275
435,-0.2936742416048901,-0.7625162398773,0.8171141757788953,-1.9384256481467164
436,-0.161785589386227,-0.06718034463884237,0.175179267148948,-2.7480151530710546
437,0.4164275255817529,0.6842875160414792,0.8010376324944785,1.0241091214486624
438,-0.1875995830305328,-0.6550077569764596,0.681343353422166,-1.8497373979469915
439,0.2493836490270951,0.6894875120470942,0.7332020415076334,1.2237417145907916
440,-0.16274634730893922,-0.5116463186991496,0.5369062571816365,-1.8787599952266483
441,-0.19302128475067093,-0.05322844398446591,0.20022608125767985,-2.8725157074051824
442,0.11769360796199635,0.6597191220794514,0.6701351396490071,1.3942540230294076
443,0.004971667444806371,-0.7957705165602249,0.7957860469395709,-1.5645487935462858
444,-0.4562034485784352,0.11422882196961837,0.47028694460236053,2.8962468818382487
445,0.6214681549159877,0.9546510921310016,1.1391142942135335,0.9937255805687848
446,-0.21165933790246072,-1.1370063209132866,1.1565392553294833,-1.7548445774410761
447,-0.048587415957285884,0.3065045747782733,0.3103317440247073,1.7280091880394723
448,0.43816296552097356,-0.12310742240134687,0.4551287969404238,-0.27390113316335696
449,-0.7861838666228778,0.08200329897744041,0.7904489946740917,3.037662974955266
450,0.5784349253984828,0.5948247265554869,0.8297008004350473,0.7993667125768013
451,-0.15559861739507141,-0.70327614544982,0.720283462599284,-1.7885369445139552
452,-0.3973076416497179,0.6435145426816007,0.7562832331580348,2.1239137805908745
453,0.5389531190376147,-0.5335676048565574,0.7583962377759641,-0.7803768441835779
454,-0.19230554288412804,-0.16644297700341326,0.2543318431060451,-2.4281610628715242
455,-0.295503896686796,0.07741320052190304,0.30547562353177216,2.8853800800282685
456,0.35595199853594295,-0.06573100183985048,0.3619701505160368,-0.18260545845700377
457,-0.2423690809926029,-0.023664214773418735,0.24352159346152735,-3.0442640468816933
458,0.2601719569680654,0.7961055826917516,0.8375401757441646,1.2549319714634453
459,-0.003812085234017104,-0.8402075471686601,0.8402161949837718,-1.5753333713499675
460,-0.3530907252427369,0.09262066095297428,0.3650365010349071,2.885058286558194
461,0.5806147536540038,0.7169197915163465,0.9225440258483827,0.8900635390894308
462,-0.08622190387802675,-0.8326330494811032,0.8370854268212731,-1.6739818509701734
463,-0.17475741735051997,0.09478185167856168,0.19880582065583663,2.6446321503711325
464,0.4476576678022184,1.3722842782366058,1.4434547197045993,1.255467243424864
465,-0.45268333656383675,-0.9143908164803634,1.020310133472266,-2.0304885402880735
466,0.0566251905494255,0.22593751489802116,0.23292525162174296,1.3252311770472887
467,0.24647870003116168,-0.5327656209802285,0.5870187019742215,-1.1374808140400057
468,-0.38436598820157997,1.05828682033777,1.1259254890918868,1.9191787152374895
469,0.09460019591983837,-0.4187835693694524,0.429335387595631,-1.3486322607513523
470,0.13177236543390336,-0.7128954728218275,0.7249716625233729,-1.3880182308854931
471,-0.22782956325022496,0.11032374131264078,0.25313561145758756,2.6906339360233833
472,0.38274560362560806,0.5715545658320877,0.6878726763131658,0.980726242745694
473,-0.14269230975742175,-0.6170010308780149,0.6332861654642719,-1.7980682357059694
474,0.010476566317151992,0.6881351988309063,0.6882149448477916,1.5555729273799301
475,-0.04669530405772093,-0.7488756637854124,0.7503300681907163,-1.633069585069789
476,-0.5517625256761676,-0.16856607018974046,0.5769370890831651,-2.8450933161373886
477,0.6923000593293409,0.7465088437133716,1.018113365932146,0.8230565045702235
478,0.0016942453484034559,-0.6220630172047095,0.6220653244162764,-1.5680727423471985
479,-0.13626414361294792,0.9919282256861379,1.0012439871217305,1.7073148312886168
480,-0.1597206007928662,-0.9750808559265636,0.9880755770244065,-1.7331568787304976
481,0.3289201396773933,0.4749155875149995,0.5776965237476448,0.9650631922580335
482,-0.16405482401319205,0.498369992465058,0.5246776483438391,1.8888067515282676
483,0.11733499236152056,-0.8392228832320541,0.847385713930085,-1.4318829498298602
484,-0.4382763301387058,-0.30055304935169147,0.531430406576865,-2.5404867612054667
485,0.17720258784606813,0.836931461116734,0.8554852586376546,1.3621488221429308
486,-0.05515076909432537,-0.8272504463741086,0.829086791812448,-1.6373653803431134
487,-0.24450524793110162,0.2816158456322171,0.3729481207580998,2.285774894696434
488,0.5555710137144843,0.6278832690033482,0.8383892596962765,0.8464249929349036
489,-0.3673885172253222,-0.9735151264559079,1.0405316064529146,-1.9316549760441981
490,0.1071879716055264,0.1615941662539342,0.19391218585795802,0.9851171090077439
491,0.4001167838591755,-0.01358656635258626,0.40034739353599313,-0.033943459860891374
492,-0.40346180009612453,0.4382534093363972,0.5956907544454428,2.314883824604952
493,0.2716497842662875,0.2673132042314137,0.3811167202424816,0.7773521814900367
494,-0.2078757360743566,-0.7553124568475482,0.7833959593446567,-1.8393653867396167
495,-0.022844269267579875,0.5464211150320466,0.5468984326099635,1.6125790713986774
496,0.2018494767780794,0.7718267939097245,0.7977843136290339,1.315003424549458
497,-0.3369607428862764,-1.3369769744636244,1.3787856876586653,-1.817686376892252
498,-0.06352637164002317,0.0696735725020119,0.09428683152455304,2.3100770365559824
499,0.31589075273609524,0.6327788413566111,0.7072453815563535,1.1077793648198462
500,0.014229756319991793,-0.10972194693223969,0.11064082250023076,-1.441826926631214
501,-0.16602281694179055,0.19479555366299905,0.25594703255197476,2.276619882528008
502,0.14186578070302858,-0.7718495777980365,0.7847787398251096,-1.3890253134365258
503,-0.20761236951443607,0.7305720437800574,0.7594987867853172,1.8476749023894516
504,0.4203167153140157,0.04094523539882289,0.42230635026509883,0.09710879153551587
505,-0.3560020282743608,-0.7547839235354843,0.8345275402064802,-2.0115166944074896
506,0.13490227532065546,1.0858345785289032,1.0941825057163594,1.44719135384805
507,0.10084091421981611,-0.9501810299682631,0.9555170745163257,-1.465063994879862
508,-0.17924756922252527,-0.24914834304121314,0.306927659086577,-2.194451227117844
509,0.06918099371989683,0.9316092673921901,0.9341744146480814,1.4966727117898841
510,0.16778012745066917,0.267946006787696,0.3161411610670696,1.0113550964697273
511,-0.30876132367848186,-0.8248606144585438,0.8807545562099662,-1.9289701661528178
512,0.02675446183184249,0.4312689361178741,0.4320980172231232,1.5088391192339
513,0.1416470359814639,-0.05634382678098859,0.15244182371862444,-0.37858788238725416
514,-0.14687007006466501,0.08901553913793236,0.17173987215791323,2.5967119296471877
515,-0.03789144515042153,-0.5566796828279905,0.5579677686829765,-1.6387583706403583
516,-0.009898965914771907,-0.38890754586262233,0.38903350595426806,-1.5962440947995642
517,-0.04038899252554984,0.3083800957846563,0.31101375241841434,1.7010265307518566
518,0.4549456738113804,1.1012380334092882,1.19151196903214,1.1790292996846412
519,-0.44846263520810226,-1.3009635357709044,1.3760904245663976,-1.902755849303139
520,0.10634692493010789,0.36275457434356895,0.3780218904366173,1.2856219607930477
521,-0.13974866117405327,-0.18348182959294945,0.23064099828676704,-2.221710891383708
522,-0.13263315052040525,-0.1671507008717299,0.21337973057176496,-2.241557851999356
523,0.6494676955953764,1.008285738099545,1.1993533329577706,0.9985582957949968
524,-0.4816962070721047,-0.7697662710869224,0.9080591104166718,-2.129948754745785
525,-0.021249549801382273,0.028927215577937204,0.0358932746883574,2.2043597695556354
526,0.27022995625384283,-0.04062121049094003,0.2732660095926734,-0.1492037723970217
527,-0.47388980068319597,-0.1748495726678243,0.5051177251430403,-2.7881218838663235
528,0.558287225847721,1.467807931211638,1.570396366995458,1.2073396589546093
529,-0.1379434157781816,-1.2326867766885528,1.2403810202431211,-1.682237367947444
530,-0.054126446753571145,0.4219201624669324,0.4253778270364945,1.6983854407528305
531,0.2857242644103053,0.6349761440272346,0.6962995467157116,1.1479620462142044
532,-0.1640466820039137,-1.2912640811495066,1.3016429007770807,-1.6971628542090564
533,-0.5725328182443263,0.004443779102132339,0.5725500634350671,3.1338311948074704
534,0.40808683529269274,0.17408666726134925,0.44366770544786,0.4032184951044725
535,0.10170295195962353,-0.10835399196449202,0.1486071263834366,-0.8170506217981637
536,0.20809967414720631,1.3755511999328576,1.3912032842172628,1.4206503116956557
537,-0.2800059693157664,-1.171213004348374,1.2042189354129946,-1.8054650649448487
538,-0.34894788237477314,-0.28421399875182374,0.45004691055526663,-2.458079551403371
539,0.45133920889429646,0.23929862375044308,0.5108531225452043,0.48751224265457094
540,0.1541149444169605,0.29217745661202343,0.33033177601453007,1.0854147168312975
541,-0.28698830844746226,-0.36184720639843704,0.461839463411139,-2.241328133677801
542,0.23390516965605457,0.1335690104476157,0.26935535811225836,0.5188525049805779
543,-0.25413090983226994,-0.36800125521082805,0.4472219171383736,-2.1751658756090366
544,0.012112211938756445,0.22927466770985916,0.22959437913745992,1.5180169982033986
545,0.1920346891212148,0.03556638523758693,0.19530051096899376,0.18313299905310843
546,-0.24035132066774167,-0.22144072625590638,0.32680996403333673,-2.3971220776600486
547,0.1928974313333356,0.907483146431673,0.9277580935095787,1.3613505603092264
548,0.04631966146837385,-0.7313073220845467,0.7327727549336258,-1.5075426601185535
549,-0.5629698612193579,-0.16972849527303424,0.5879990023367314,-2.848771545379651
550,0.761400924973259,0.7980852370612581,1.103028292549769,0.8089171588457735
551,-0.2660437177532913,-0.8250545771323061,0.866887717644541,-1.8827254580831814
552,-0.12071622740813837,0.7099058912162093,0.7200963698999834,1.7392306031667841
553,0.013415683861239813,-0.7061385509141189,0.7062659794019223,-1.5517999555194995
554,-0.0647458364699105,0.08687696410655121,0.10834957421494272,2.211256262622673
555,0.23522337931251514,0.8681025141949306,0.8994064783660161,1.3061874455854696
556,0.0541448015021615,-0.5011791700607091,0.5040954473435062,-1.4631788978360887
557,-0.4880454385863686,-0.2713408089144309,0.5584032456095672,-2.634174084652228
558,0.34235019892901164,0.16993427331277644,0.3822058554667566,0.4607438591153101
559,0.02816505928285551,-0.2578913243328316,0.2594247592859026,-1.4620145568568317
560,-0.16854496584312528,0.26158235671238117,0.31117958617856617,2.1431742100714377
561,0.31502366101983625,-0.1707477174524854,0.35832204790882527,-0.49669244132063906
562,-0.11261610685437518,0.23605841504777914,0.2615453361042892,2.015931271558673
563,0.11322849079044772,0.7414413658221406,0.7500373257904461,1.4192531445232959
564,-0.08753981292920798,-0.9513410083484644,0.9553601064588964,-1.6625552103471062
565,-0.4366100342518848,0.2838482237679898,0.5207668731262338,2.565134192688039
566,0.4823410662359038,0.36886767443377266,0.6072201128254632,0.6528709945028188
567,-0.3474813905568226,-0.8444970885050509,0.9131914636464857,-1.9611474871181362
568,-0.1577577913811865,0.7652551633009637,0.7813469048382123,1.774098844819735
569,0.40270160642262454,-0.5806910299854735,0.7066616277405704,-0.9644549770312875
570,-0.2820334920646701,-0.21854718235724135,0.3567993295432064,-2.4823463280815825
571,0.3169494423531205,0.9454082450089061,0.9971227099704298,1.2473205024490364
572,0.06711786718847179,-0.4518526234033402,0.45681024657116676,-1.4233352531012389
573,-0.4178041300616542,-0.5222517154277,0.668810246156375,-2.2455404887913977
574,0.3197165940838431,0.3652566220567053,0.48541847975622826,0.8517848570729647
575,0.00024980340640468057,-0.48266568082189565,0.48266574546471175,-1.5702787772900813
576,-0.4144176921269036,0.19587262413290318,0.4583755102887791,2.700067195487044
577,0.5425548144314689,0.22448812293524156,0.5871632175143073,0.3923128916923268
578,-0.13557731946866625,-0.2407983024104965,0.27634223708670685,-2.08359036079966
579,-0.19112883859850172,0.12228703385113704,0.22690163417684162,2.5724109540726223
580,0.22192327149502944,0.0013150384518212377,0.22192716768612697,0.005925575319443204
581,-0.3763338179068114,-0.793657472567304,0.8783617285960482,-2.013572644819171
582,0.39014147011869227,1.5777210920410312,1.6252428160055095,1.3283777454378582
583,0.06585457269704875,-0.8442576750748287,0.84682220487412,-1.4929510231453986
584,-0.25942310318748696,1.1766017715473254,1.2048618490415115,1.7878092442692444
585,0.23050933699960297,-0.985131417796623,1.011740314890131,-1.3409432279441815
586,-0.21870104042261573,-0.29741145819548365,0.36916625055372887,-2.2048542798696835
587,-0.09619328870826394,0.8465931543986471,0.8520405611631192,1.6839350885122686
588,0.3339870262500426,-0.7769799468664473,0.8457216868071518,-1.1648224826870321
589,0.018948953238918875,0.009243599244172174,0.021083333603526613,0.45385284371091433
590,-0.44012961505757175,0.023612930102615337,0.4407625761322725,3.0879940926732754
591,0.4869016617116131,-0.1423787105610188,0.5072917556973979,-0.28448620972723565
592,-0.27867781147983806,0.08141078323845363,0.2903257450497469,2.857369492874644
593,0.1911932667195515,0.21979105098830587,0.2913124977295647,0.8548698219463006
594,-0.11941337874588953,0.2690500469993822,0.29435944492045607,1.9885102299845692
595,-0.2559937455145018,-0.20443087583495867,0.3276046103723081,-2.467719618678502
596,0.39561318779522026,-0.22905225708944954,0.45713754039158444,-0.5248204640959511
597,-0.28932390523141294,-0.15240509412447523,0.32701014487848196,-2.6567646798095548
598,-0.07944642146026126,0.3037848670315384,0.31400155942321517,1.8265894697530352
599,0.32305758505754056,-0.0004632129385697681,0.3230579171440262,-0.0014338391746728375
600,-0.27057863768209245,-0.23889989621389418,0.3609514643008205,-2.418293299818696
601,0.024181359169119787,0.1908704419340097,0.19239611153905928,1.444777768097899
602,0.16876233802020124,0.055437010076730076,0.17763442464874912,0.3173866815262316
603,-0.36815981336360437,-0.13709597955607933,0.3928574242474806,-2.7851194471707648
604,0.3367685061908787,0.23909211550724763,0.41301097619768773,0.6173791923439946
605,-0.1369256517489248,-0.3260598236911676,0.3536433835552181,-1.9683735472125101
606,-0.05139075360011702,0.209941017729534,0.21613940057495407,1.810862299120784
607,0.41379341599576946,0.1182622627105161,0.43036142241476416,0.27837913578378937
608,-0.5187369698433031,-0.32324240267348614,0.6112067528818216,-2.5843366400844645
609,0.47470545609030523,1.2234089234974874,1.312278424776993,1.2006611942816778
610,-0.10532269424754759,-0.7793072973539381,0.7863922263302593,-1.7051315012711612
611,-0.1785892153191071,0.36235926082775904,0.40397814512165664,2.0287085997954164
612,0.19600604785512132,-0.07929254690859011,0.21143717457210565,-0.38441517408416265
613,-0.13977434902960795,-0.6312660931971266,0.6465552946709306,-1.7886997824057103
614,-0.28463803613078653,-0.02196086459423441,0.285483959595136,-3.0645915454870223
615,0.2082927394590115,-0.06823253896857295,0.21918381483457547,-0.31656366287279525
616,0.010761957834006353,-0.08148078070149722,0.08218842595004733,-1.4394767227999647
617,0.13101030993823315,0.8694807462876213,0.8792954392438248,1.4212448376869502
618,-0.18061947131707257,-0.7624980648236317,0.7835985530095382,-1.8033878211913232
619,-0.13839355169034206,0.08931796765929789,0.1647133100154774,2.5684642538137896
620,0.12425658560982811,0.20548438403349678,0.24013232008423632,1.02692747250156
621,0.1434264188386578,-0.3300811946110116,0.35989544684076596,-1.1608910429286854
622,-0.29745464049244674,0.18385460376913443,0.34968811600853145,2.5879756613755456
623,0.45969290870982604,0.02770609948001379,0.4605270874405727,0.06019806631814175
624,0.0029113410853369714,-0.18727212203754107,0.18729475059210507,-1.5552515326714562
625,-0.26199873496375403,0.1366674079570771,0.2955018062894262,2.660788133402624
626,0.22309394247554337,-0.207601900472838,0.3047449035656137,-0.749443867341264
627,-0.5667607707021034,0.13710923125151453,0.5831095201599984,2.9042355919663163
628,0.20329500483251195,-0.03140146287333323,0.20570588436025933,-0.15325140727586647
629,-0.10203918598210748,-0.7353034321053542,0.7423497374834885,-1.708687215676084
630,-0.08834689218917902,0.5983602357516986,0.6048472080520128,1.7173855673048573
631,0.5895119381715404,0.20123579193833052,0.622912649738158,0.32895707105811745
632,-0.20723375525471965,0.28824038144637143,0.3550047137902858,2.1941351410253453
633,-0.001262854863512075,0.7845554281692557,0.7845564445419146,1.5724059693102694
634,0.39695405982638476,-1.0163806446872456,1.091147167208672,-1.1984573193173267
635,-0.572425627458415,-0.1879691306045288,0.6024977120548944,-2.824313006797563
636,0.19822001585725957,0.10569643042094867,0.2246395114181445,0.4898751892851878
637,0.3283730086155856,-0.10972252591372467,0.34621938923194273,-0.322476293189449
638,-0.6376757775740316,0.5059051072320528,0.8139842595702454,2.470914923255469
639,0.5580532983988178,0.16832961507699906,0.5828879336251271,0.2929581034807389
640,-0.3030097120637265,-0.7736642164812224,0.8308857956834057,-1.9440883864949097
641,-0.2636034445997666,0.3183595051127952,0.4133274131974869,2.2623821014683854
642,0.5167603891750332,0.46458221812224565,0.6948941913814776,0.7322779957070867
643,-0.18405225351239096,-0.06845467033238606,0.1963702470164589,-2.7855156508171937
644,0.17626338497780125,0.8550030199000958,0.8729827861545244,1.3674892971139
645,-0.23007923330828817,-1.4390425248101621,1.4573194028117982,-1.729338047584842
646,-0.3357693654410241,-0.12806429929167962,0.35936267407973366,-2.777218019568871
647,0.3177329403785052,0.3019801074993609,0.4383448490936061,0.759984076459772
648,-0.05735270190677966,-0.16330848638270368,0.1730866665593212,-1.9085330370531097
649,0.11595748011018259,0.16936948506503313,0.20526119863407666,0.9704522131133311
650,-0.05313911464349985,-0.033967896038546996,0.06306808595780085,-2.5728288497195964
651,-0.09541338045983139,-0.003968190547965378,0.09549586225066245,-3.1000271520148015
652,0.48054633732954244,1.0922378851791166,1.193276321788624,1.1563188552844994
653,-0.0908132374121351,-1.389019649720609,1.3919851405094943,-1.6360827866880312
654,-0.4412543835098859,-0.6262318692263023,0.7660755739490446,-2.184615046071949
655,0.32455784082185346,1.0358778417916596,1.085532447766482,1.2671675795015316
656,0.11854820101109453,-0.2932831532580735,0.3163363462328752,-1.186665278481117
657,-0.6000382445071182,0.18113451047207718,0.6267819443435997,2.848419672150101
658,0.7273420206244054,1.0004518138992466,1.2369034913445291,0.9421695799730704
659,-0.4330976105358104,-0.6631579019967546,0.792055517771681,-2.149336290760685
660,-0.11626847623256253,-0.5329245656778312,0.545460311359449,-1.7856010258820343
661,0.28295109171472177,0.16965964564158753,0.32991774075029967,0.5401309745145731
662,-0.11989061004680934,-0.25739930434187386,0.28395098213085423,-2.0066924620446716
663,0.11779429248770157,0.44679838636722025,0.46206524799321363,1.3130210187894722
664,0.008459345360620318,-0.37455705711559517,0.37465257180356504,-1.5482152344668505
665,-0.3501650063184343,-0.013046908184492167,0.35040798144900137,-3.1043505663224744
666,0.5127829537151456,0.8865323933485456,1.024151376544078,1.0463999464909035
667,-0.13690121092645313,-0.849512438564318,0.8604727333440749,-1.7305752998535602
668,-0.0032836709499406425,1.1792950049685658,1.1792995765447882,1.5735807551609595
669,0.15511465284589576,-1.0538829621034154,1.0652369939780404,-1.424661597603416
670,-0.4369476580556011,-0.7569212989184848,0.8739869041563041,-2.0943346009614734
671,0.2911998474644406,0.9599795245301834,1.0031739822585664,1.2762784617121037
672,-0.13116745229660864,-0.3695383616997958,0.3921268943974032,-1.9118736668807366
673,-0.4518023009799208,0.09591031434734987,0.4618702280608249,2.932414118060791
674,0.5691950475860494,0.2172382564202735,0.6092417108578545,0.3645956391334445
675,0.0836490410396209,-0.222992943283856,0.23816593967493588,-1.2119207376371195
676,-0.5544660136213224,-0.12873357876205205,0.5692142782485397,-2.9134587869205055
677,0.6983643336401428,0.17173390183535275,0.7191698516624813,0.2411243856808024
678,-0.19470573421597237,-0.023821923851784277,0.1961576075317526,-3.0198493682520064
679,-0.06208765312931064,0.2339842072258307,0.2420815686957726,1.8301688383479486
680,0.15117469166409592,0.21619760219232376,0.2638090040037389,0.9605784982798371
681,-0.4039267226976335,-0.3917559049491217,0.5626983973424451,-2.3714893681470772
682,0.27889556042430286,0.17373389027920894,0.3285821027626644,0.557113211057508
683,0.1386749500619544,-0.22554666791816658,0.2647679005915809,-1.019536986965966
684,-0.3714645827229788,-0.06339873466066592,0.376835953398996,-2.972549100630137
685,0.2566278624765346,0.058304465426886054,0.2631677611106461,0.2234023131026561
686,-0.15691383755086008,-0.15933420695930067,0.22362768594761911,-2.3485412502912184
687,0.14815778197623786,0.38954245527031617,0.41676618483046907,1.2073540354532681
688,0.1507967434152988,-0.06499633371871028,0.16420773800748067,-0.4069581319905357
689,-0.40763385232401106,-0.2794582677748849,0.49422897627339996,-2.5406225066376056
690,0.08056228954876588,0.1467575264379093,0.16741581186827256,1.0687609483636737
691,0.13006689929306958,-0.1299023636966865,0.18382606557749018,-0.7847652594436437
692,-0.24911855952007045,0.002776685439727089,0.24913403356303224,3.1304470750860993
693,0.319148328152437,0.13607161784781852,0.3469454431841098,0.40302078700071015
694,0.05768315342754704,-0.11586708351927655,0.12943155423855862,-1.1088790087235219
695,-0.3703801793085404,0.28120492346675974,0.4650351451305296,2.4922084475756625
696,0.2768110529354999,0.009826787726325392,0.27698542341480425,0.03548508152023206
697,0.006593956931283174,-0.27122176490144057,0.27130190936346893,-1.5464890658409935
698,-0.18829703310609602,-0.0011025689338453049,0.18830026111190634,-3.135737243577219
699,-0.4019003142714155,-0.04240942794086777,0.4041316891679421,-3.036459462877488
700,0.33132369676275175,-0.23272070170577308,0.40488803024905945,-0.6123327389678404
701,-0.3019515167825375,0.17475464583640132,0.34887519936028855,2.6169442063601296
702,0.6561463698943726,0.11492058979322906,0.66613422122271,0.17338610861362183
703,-0.35038479293268665,0.12976242613794398,0.37364125890442973,2.7869113948925595
704,0.07508065739978065,-0.2676340512058175,0.2779659879920948,-1.297291799143871
705,-0.14171530376825103,-0.06379954235285368,0.15541431377630968,-2.718576452901927
706,-0.20129551644674848,0.16124916276149293,0.2579169971770872,2.4662075911905084
707,0.06950401374524517,-0.8017029174893082,0.8047101191345661,-1.4843170834658252
708,0.14537188212830188,0.796032851700943,0.8091979270244458,1.3901663356834488
709,0.052849721771849545,0.06236138825670423,0.08174372047237216,0.8677699431424266
710,0.26646647951122304,-0.14271286358928137,0.30227693616443496,-0.49170117362544513
711,-0.3358701897102492,-0.5294745360614002,0.6270183958014579,-2.1360883320577027
712,0.32427839174579276,1.2586394315845553,1.299742164466757,1.3186382177014229
713,-0.33282244883741896,-1.3543518574376492,1.394646814141468,-1.8117643783595019
714,-0.2752637588345124,0.9084091865894379,0.9491982865596571,1.8650190427558329
715,0.6683628732048419,-0.24779074072378648,0.7128177757793884,-0.35503314001853203
716,-0.40689068778044657,-0.6501106016242773,0.7669444739658307,-2.130027608931755
717,0.7368227292832898,1.9482624058201168,2.082938822030178,1.2092276738770003
718,-0.4128890181367524,-1.2892088759010676,1.3537122541367592,-1.8807400155927256
719,-0.4157354081024778,0.1054902787321339,0.4289103967696715,2.893093537644137
720,0.19343834330743448,0.1508600903431443,0.24531033308824668,0.6623561659306243
721,0.34179617580502963,-0.38040756613548865,0.5114044800039093,-0.8388106052086847
722,-0.5245863156179666,0.02617566885541578,0.5252389629241735,3.0917362685642655
723,0.5333339456761905,0.24157990932826579,0.5854963280854858,0.42531423782569405
724,-0.6263717861021405,-0.7874800978678422,1.0062139528761922,-2.242733958659016
725,0.2593620361809599,0.7121185548794244,0.757879609183077,1.2215171162451643
726,0.4030998734226614,-0.010984903641514165,0.40324952084457455,-0.027244329185242607
727,-0.47500552708277155,-0.6812511305396356,0.8305018685233123,-2.179677405413855
728,0.18752953680552764,1.3458118763596474,1.3588145324970478,1.4323447608421627
729,0.1415011481840338,-0.794449996727451,0.8069531412899059,-1.3945326513965346
730,-0.4521052931225995,0.0905881970199971,0.4610915500297153,2.9438416487437693
731,0.3337050068081453,-0.12014390545584774,0.3546739200829517,-0.34558238207347647
732,0.004425509543693806,-0.5676838777701789,0.5677011275441584,-1.5630007559337387
733,-0.0026494541192505494,1.411740513297218,1.4117429994484914,1.5726730534197577
734,0.11261918373497792,-0.7537383204338255,0.7621053314572316,-1.4224793695897857
735,-0.28288461768784146,0.001953726990791438,0.2828913642611785,3.13468631861812
736,0.1737286513782692,0.6382179811706408,0.6614407273514692,1.3050267728585914
737,0.0009805698077798297,-0.7069063406443377,0.7069070207320878,-1.5694091993602017
738,-0.5996308123455947,-0.5384342371541777,0.8058961092188243,-2.4099152282666125
739,0.8680898944127193,1.2661428278644564,1.5351539744709939,0.9697882917097921
740,-0.36727158672090354,-1.3982316985619718,1.445662582097215,-1.8276623980683009
741,-0.10724484761976782,0.7858835561473541,0.7931673349072051,1.706422613385929
742,0.049790157890129194,-0.07509642343273981,0.09010290025916673,-0.9853251126840799
743,-0.08236409106018527,-0.658648494836001,0.6637783389399657,-1.6952006964841981
744,0.09042913073176351,0.7556702847032568,0.7610617628474076,1.4516952498084479
745,0.22685877596438786,-0.6705889909314067,0.7079226645548669,-1.244584432352453
746,-0.42382693785566516,0.5742690498939567,0.7137325934257294,2.2065915606795374
747,0.30288659491168346,0.178939379816768,0.35179481381396716,0.5336125959850361
748,-0.003980065948780975,-0.7359725372832315,0.7359832991040451,-1.5762041741646307
749,-0.11665970891726829,0.7596149076614154,0.7685208491811543,1.7231831386574519
750,0.4484410359074218,-0.07911636052688209,0.45536662283125356,-0.17462831330755568
751,-0.6851702468070471,-0.7623041897665246,1.024971192202604,-2.30295620613165
752,0.09686425104393948,0.5939978890375812,0.6018439792100657,1.4091474718023356
753,0.35394342681422586,0.11827725212074824,0.3731828744117719,0.32250330730747434
754,-0.5052220700312091,-0.6885775064599216,0.8540423423046326,-2.2037955994741476
755,0.24761111950431314,0.7615531632162345,0.8007961581493956,1.2564381354579015
756,0.2288943146361362,-0.17899205098106563,0.2905697189783459,-0.6636596054392871
757,-0.25486168271027054,0.1252347118224293,0.28396867848260576,2.6848623343561187
758,0.301423029649186,0.1061669531319751,0.31957356702365275,0.33865039087296567
759,-0.4679812573873505,-0.7547647301215648,0.8880744648402655,-2.1258180129541
760,0.0670116166227217,0.6195508574402027,0.6231643617195073,1.4630535749894766
761,0.09829531411810422,-0.6704414874812699,0.6776088524463613,-1.4252206637782843
762,-0.021891443605568384,0.5979242245971932,0.5983248395840595,1.6073923852427765
763,0.35034655838160234,0.28001294895176443,0.44849744988182144,0.674280779340875
764,-0.21552521847036132,-0.8917840605468541,0.9174584080175691,-1.8079279812166937
765,-0.22954110304806363,0.6432983035219024,0.6830240298135049,1.9135330790323937
766,0.1265163232684472,0.21160629051959745,0.24654330702907049,1.0319330896561092
767,-0.053976629258954745,-0.8710068937954816,0.8726777673032653,-1.6326875614437986
768,-0.3819725616589267,0.09884616398176149,0.3945549416674335,2.8883693908519814
769,0.4716434080410181,0.6073092556145809,0.7689421540686158,0.9104801919395401
770,-0.17861350228065476,-0.6039289793980913,0.6297880558995873,-1.8583517863836092
771,0.2371193540099057,0.6694333275922588,0.7101876992298018,1.2303767145035505
772,0.03227057944434364,-0.1786259529359313,0.1815175511071677,-1.3920640949429652
773,-0.47452275897489926,-0.6567694183420087,0.8102579327932871,-2.1964707556294862
774,0.6071379410193458,0.6218600569273462,0.8690951673015407,0.7973765488852156
775,-0.2125405530301805,-0.4701854736847224,0.5159921184926198,-1.9953417346804159
776,0.018823746089765336,1.083155207422493,1.0833187604686423,1.5534194529391896
777,0.23273470152196296,-0.45916221274748636,0.5147770186281484,-1.1016693058108058
778,-0.1217300608810774,-0.6842451817790334,0.6949889758189932,-1.7468584550295079
779,-0.02051329739151697,1.3687107932726974,1.3688645042483385,1.5857825180365848
780,-0.009373558217816935,-0.8314040722102334,0.8314569110190989,-1.582070220439655
781,-0.43589054507344827,-0.03171236049556114,0.43704260786864735,-3.0689675722366494
782,0.32243656722300784,0.10739714551343127,0.33985215424797643,0.32152246365812526
783,-0.17121334897422003,-0.6963936532881405,0.7171318785320946,-1.811872038833846
784,-0.35285495837058534,0.1353038896209,0.37790708407391915,2.7754303310315778
785,0.6502166683277437,0.6390769205736149,0.9117022683864978,0.7767581835996998
786,0.041303199618369035,-0.17653889060329675,0.18130618906743812,-1.3409693027594904
787,-0.2625663769064204,0.26556796311189146,0.3734534044739228,2.3505111750567522
788,0.011213629477424547,-0.747901277438757,0.7479853382791547,-1.5558039880467829
789,0.05690852364944021,0.4977692665555651,0.5010117990538986,1.4569634539541316
790,0.17662179596356964,0.7416655423118641,0.7624060830437729,1.337008790604047
791,-0.051039295000464335,-1.1981938539765338,1.1992804181430143,-1.6133674502052446
792,-0.3821327789079305,0.488987792553786,0.6205920737348501,2.2341403504609563
793,0.5359413202344285,0.7117162408796105,0.8909394515153237,0.9253609532977203
794,-0.20897878498408318,-1.275615241141054,1.2926199658077284,-1.7331797253442747
795,-0.14082793643149216,0.700787157999315,0.7147972779021401,1.7691117057234051
796,0.272662434442168,0.0972798158709054,0.28949640020526474,0.34269985680259857
797,-0.5558181000895956,-0.8082313098188934,0.9809034664832069,-2.173217309047346
798,0.45558095819990285,1.180180688136602,1.2650614475688227,1.2023938497717832
799,-0.40416194388899385,-1.293124607573418,1.354812949303348,-1.8737238208902112
800,0.17048703667853715,0.5959120383272705,0.6198201247933074,1.2921453703284602
801,0.22173752598575902,0.16589858514257116,0.2769293609976957,0.6423324080462464
802,-0.12483305942669176,-0.5881329246793428,0.6012350869815446,-1.7799455126146528
803,0.08992126977011594,1.1539805618206458,1.1574787133321127,1.4930307786486472
804,-0.0660909863698862,-0.5738514091055151,0.577644750873519,-1.6854620249975143
805,-0.011018378343806035,-0.02641337827958523,0.028619420215436207,-1.966000422479166
806,-0.1143101873407204,-0.0883267070050806,0.1444590810583812,-2.4837253687806813
807,0.04322176856692295,-0.44214961586916957,0.44425713735550365,-1.4733522076289907
808,-0.14375777479722274,-0.1474422646184621,0.20592600421139048,-2.343542386066979
809,0.21888920986486937,0.6846006810594645,0.7187423590566715,1.2613358910018886
810,0.09793313749798926,-0.5546111204356237,0.5631912591039193,-1.396018187014233
811,-0.3380547870578994,0.5167297247431009,0.6174873662560575,2.150132256459733
812,0.27118635024191917,0.07988837696532869,0.2827086651160295,0.28648474034434385
813,-0.013518376711203928,-0.12434082950136371,0.12507353193219267,-1.6790913127859657
814,-0.14664392903455337,0.5995387927038394,0.6172124479297776,1.8106810850847137
815,0.31282601841371616,-0.6358498172889426,0.7086360899241305,-1.113584485903956
816,-0.14315834454771448,-0.7159328187049425,0.7301055488848487,-1.7681539863772653
817,0.20464243393143988,1.1098719990176562,1.128580692714895,1.3884604196033967
818,-0.12829147836839638,-0.2791824795837954,0.30724836912261233,-2.0015433951870305
819,-0.36182341620167335,0.0579633663889183,0.36643681086237134,2.982744396879902
820,0.24450961885918332,0.07406698951356816,0.2554816483629815,0.2941340445463482
821,-0.1690216362692354,-0.6965583194701708,0.7167717948902832,-1.8088478558708667
822,-0.058246993255806956,0.5159761609909879,0.5192534168730523,1.6832074214175181
823,0.486560772191865,0.20045620836387457,0.526235761334751,0.3907962104720396
824,-0.20296635233501092,-0.6975254325115827,0.7264551391384401,-1.853958018573014
825,-0.11499660069023321,0.7069406128458127,0.716232677459722,1.732051884297441
826,0.12390323663066738,-0.7154226108459625,0.7260726714022562,-1.3993085072466496
827,-0.36785784380072073,0.5357063933008419,0.6498466996677845,2.172525345879095
828,0.36919438038762564,0.11156540492831368,0.38568293984388446,0.2934611696577959
829,-0.010493189208773401,-0.19410073942674444,0.1943841661910251,-1.62480428610743
830,-0.4411054968845747,-0.46059265740095157,0.6377457608118284,-2.334586230967181
831,0.5032436782539662,0.6986985407055215,0.8610655320511945,0.9466029409672525
832,-0.06793824256021708,-0.19273293152176052,0.20435652104873608,-1.9096960448183804
833,0.05669571015278052,0.10942721458397386,0.12324252042755034,1.0927631969867513
834,0.0994668873036062,0.012893624276614446,0.10029908881368164,0.12890848288733434
835,-0.24155614180904195,-0.19283437533877645,0.30908650238722185,-2.467888885293221
836,-0.034882039459034786,0.34649878388083266,0.34825014559611833,1.6711283211958283
837,0.17794034496967015,-0.8786272491150839,0.8964645052959236,-1.3709780435785717
838,-0.3100968965462698,0.6284123274246269,0.7007582596779467,2.0291989642389465
839,0.2867056238369514,0.1089844571077947,0.30672092630079256,0.36325770140317665
840,-0.05872619482261143,-0.8649467943925799,0.8669381310614634,-1.6385880160788746
841,-0.11118644501334529,0.798616534942596,0.8063192887674363,1.7091309283386107
842,0.1680218494005885,0.10120287923822957,0.19614628378356222,0.5421234572771871
843,-0.17906556509740312,-0.23787739304964362,0.2977417181513987,-2.216064122920526
844,0.14940379071401821,0.11804549344321913,0.1904106908815029,0.6686815593456099
845,-0.053181392550754936,-0.5790274177120409,0.5814645397407411,-1.662385433837925
846,-0.13573627288337775,-0.025002051241159506,0.1380197027331111,-2.95943858709287
847,0.19919409619478756,0.7686843803466843,0.7940742815050896,1.3172373637967818
848,0.08227750151263535,-0.23293188758270844,0.24703613401283067,-1.2312508329427132
849,-0.29463069719918167,0.2214689816420332,0.36858616029584607,2.497015088017922
850,0.48164275741282836,0.008881948905184345,0.48172464622913674,0.018438857742689926
851,-0.5772164805475768,-0.7023838817245576,0.9091325440892479,-2.2586871206814942
852,0.2695625017652219,0.5164680836965658,0.5825832333968497,1.0897555061374116
853,0.15495816912937244,0.19277716709430592,0.24733594630144876,0.8937303687261368
854,-0.45621937424527914,-0.8087750244459642,0.9285758760620071,-2.0843904278734
855,0.3420468431249901,0.6655199868020816,0.7482732760995908,1.096047717955556
856,-0.1330662919729093,-0.641716459768702,0.6553675707551417,-1.7752586401796127
857,-0.09607366743296097,0.48221948664337333,0.49169684041349876,1.7674535448771553
858,0.3959465365885535,0.21791079242962041,0.4519499676886545,0.5031150178093571
859,-0.06012293951414449,-0.844817109724346,0.8469537866606531,-1.6418433549715326
860,-0.19186070790578924,0.8228871995937368,0.8449579128532575,1.799859638462763
861,0.22121934751760364,0.09133997148123285,0.2393344732927263,0.39157158378591495
862,-0.3967386399275483,-0.8318639059719146,0.9216285078438119,-2.01581602465548
863,0.5182108097637865,0.8090283280960193,0.9607649447278349,1.0011038193827442
864,-0.24458391423161174,-0.8177032963754414,0.8534986654963904,-1.861437172348379
865,-0.17387066360697645,0.6843408789891612,0.7060831723804131,1.8196021368819204
866,0.3802409108433267,0.23409500452348198,0.4465239315219418,0.5518468535362118
867,-0.4075463426931947,-0.8694690743808167,0.9602450170384812,-2.0091165869657948
868,-0.1077358507873214,-0.04028556388018956,0.11502147713367628,-2.7837612325240757
869,0.4416938566267845,0.10679082627123648,0.4544202279361427,0.23722326072268007
870,-0.3598807453677182,-0.11011791627413459,0.3763510414107841,-2.8446546101017645
871,0.13562111475278016,0.9046358271559996,0.9147453561188525,1.4219866613549539
872,-0.0066376868009001555,-0.7910857663565594,0.7911136129646688,-1.5791867331458387
873,-0.3948387473708408,0.5469837713692414,0.6746027590861848,2.196034910610211
874,0.6225652096627527,0.2397335551179367,0.6671278870890589,0.36757311942226956
875,-0.09226560422746388,-0.8769320738092858,0.8817725351806517,-1.6756247284470367
876,-0.42035394847175667,0.11728100674460507,0.4364083827549883,2.8695065134064923
877,0.62251842255057,0.5503131999314235,0.8308873596544918,0.7239109019128538
878,-0.02763402047253294,0.007684665469497531,0.02868262838120763,2.870358632976507
879,-0.32270648320627515,0.05094279239156663,0.32670268196023766,2.9850236196881474
880,0.23418059730579444,-0.09646956686330554,0.25327244122741116,-0.39076133932215684
881,-0.473268316143276,-0.6259799199250438,0.7847507624809651,-2.218154339726882
882,0.3865770712102403,0.7880530565242623,0.8777638930160657,1.1147396667823164
883,0.21362977885519285,-0.7001206897685108,0.7319881574558799,-1.2746372290119683
884,-0.5826691267440083,0.5032927754297418,0.769939561953013,2.429157863706483
885,0.4527110248570807,0.18586490356133822,0.4893802554282446,0.3895762929956563
886,-0.3234104388485548,-0.8246440368065464,0.8857946146804074,-1.9445448189698418
887,0.15062616613397495,0.6922087483534369,0.7084075050571187,1.356534246268426
888,0.1696137099496582,0.12779833488983172,0.21237048995446697,0.6457163051085638
889,-0.24605106978731328,-0.167370525834599,0.2975802780118862,-2.5442609410054415
890,0.07503950441946472,0.27406758270481646,0.28415482947361687,1.3035467661744866
891,0.41758048247766055,-0.1117560471253114,0.4322763854472629,-0.26149927987672694
892,-0.6610523609318761,-0.19607630275413612,0.689518774505335,-2.85324667351519
893,0.38393749516376374,0.09527886863867252,0.3955831935278476,0.24324845596696076
894,-0.004571233010551623,-0.6235220735212295,0.6235388298570107,-1.5781275044852499
895,0.06365230727874405,0.5992157840617267,0.6025870659835121,1.4649671745763067
896,0.17616443043391428,0.2807978278651717,0.3314835240006719,1.010493797438151
897,-0.32584785024528173,-1.0436279228925116,1.09331425626414,-1.87343162136834
898,-0.11853419983094682,0.7817115962792798,0.790647441206928,1.7212841137064752
899,0.03868131170440847,-0.6314058846056696,0.6325896260529742,-1.509610597819966
900,-0.11264511433614643,0.7170081158073742,0.7258027004065529,1.7266269765122226
901,0.4556933390560971,0.5421604405964899,0.7082332684983635,0.8718353278462828
902,-0.2208948650372804,-1.3038248872488793,1.322404581816545,-1.738623356866945
903,0.039814694729784605,0.7025524958354481,0.7036797704361291,1.514185392817873
904,0.2642855664074659,-0.0003410247688293566,0.2642857864305382,-0.0012903639960055507
905,-0.4124557700781679,-0.7122385719976023,0.8230452877648704,-2.0957047376593367
906,0.37932917765431284,1.4671850391779628,1.5154281785051833,1.3177942898836332
907,-0.20610857395547555,-0.9313895916614285,0.9539220700419937,-1.7885781480536138
908,-0.3682538901470025,-0.3830382473489067,0.531346616193726,-2.3365184567136774
909,0.2761441804166225,0.717233889284671,0.7685571288566543,1.203276394760693
910,0.25021602856315894,-0.8382012441766449,0.8747510426911163,-1.2807020530371056
911,-0.43523963356028617,-0.03159227514274221,0.43638470467053136,-3.06913379677535
912,0.2928984894764426,0.822943939289388,0.8735137390738155,1.228861340370819
913,0.1400605591289832,-0.08754018166510491,0.16516732010141402,-0.5586112893205653
914,-0.016274857238158802,0.4826606046159725,0.4829349130331939,1.604502606642699
915,-0.0347348330233217,-0.6097277063683748,0.6107162880899748,-1.627702598810698
916,-0.37365211732071657,-0.49044103219873136,0.616561684539683,-2.221850806058755
917,0.30213290829794914,0.5586885380405704,0.6351513023008666,1.0750519895253619
918,-0.04041834152633328,-0.5771121731688709,0.5785258012841226,-1.6407176585551126
919,-0.23109170610030105,0.5229774683316748,0.5717593978335257,1.9868746524949303
920,0.4456127471040645,0.0966098843005625,0.4559651194183597,0.21349822402586574
921,-0.13143210055318377,-0.5739940322510222,0.5888493407618028,-1.7958940031854247
922,-0.33542363298147393,0.5608472050271871,0.6534972080654196,2.1097925396604014
923,0.3939427569731606,-0.053718046043371714,0.39758838544697517,-0.13552417316789447
924,-0.09083089915634446,-0.042420526169962613,0.10024845775415449,-2.704669244338877
925,0.010911322862057204,0.8148932245286744,0.8149662719090531,1.5574072464703093
926,-0.22930489381724328,-1.5152764294706458,1.5325284310699903,-1.7209855351842354
927,-0.06182952889071203,1.2175836427994682,1.219152499835714,1.6215332642793001
928,0.10354827191247296,-0.40799635532692946,0.42093143215506906,-1.322247173498732
929,0.03679773341991677,-0.8173278233121266,0.8181557577533646,-1.5258047092303855
930,-0.08016606054241038,0.7663574774159372,0.7705390194235514,1.6750238719694772
931,0.3889319983743462,0.17810072580070369,0.4277709292252103,0.4294227412278952
932,0.057908038219125046,-0.8489025315078891,0.850875342744688,-1.5026866620703834
933,-0.19679424954324531,1.3598853872666439,1.374051033679113,1.7145124792444046
934,0.06628404524565212,-0.6386265766331576,0.6420572241134851,-1.467375086122154
935,-0.5629647868200891,-0.8290310318755871,1.002108678244076,-2.1673323803447233
936,0.48908628711512847,0.8458453045907106,0.9770668736285218,1.0465440677435884
937,-0.001015973762378053,-0.7654106830174214,0.7654113572974218,-1.5721236837135373
938,-0.29149278750253416,0.17369194975773894,0.3393183440025641,2.604215091214473
939,0.07980136273931748,0.44323622300643706,0.45036275032474005,1.392662211599396
940,0.004908694777213896,-0.6171243553193904,0.6171438772383544,-1.562842352499249
941,-0.0013623749053977008,0.8359231321068705,0.8359242422951636,1.5724261102604165
942,0.1106707144201664,-0.07901800649901247,0.13598475054706688,-0.6200549830627361
943,-0.24861150145295596,-0.6845660683488006,0.7283120077200621,-1.9191523282655067
944,0.3995520462423201,1.284175812605298,1.3448975259613285,1.2691554965479122
945,-0.26343322000786884,-1.4378222358071469,1.4617557399186694,-1.7520033758367806
946,-0.2586711311207637,0.2157899089190778,0.33686204723387764,2.4463284137929726
947,0.5108254943046404,0.9991158573506311,1.1221297527652794,1.0981674457626869
948,-0.1638674907578661,-1.1495898289285549,1.1612102864267364,-1.7123867933243972
949,-0.017820825087369485,1.3762065701425286,1.3763219483501152,1.5837448401159275
950,0.4092710833961064,-0.6157448315279623,0.7393541216883973,-0.9841728374807456
951,-0.5776407271794142,-0.6020436831832114,0.834341300761966,-2.335511436385332
952,0.20804041174824306,0.4544400175694534,0.499796501077092,1.1414789365740141
953,-0.028015851910595302,-0.5636386294929991,0.5643344687461708,-1.6204607969024847
954,-0.2504069257303172,0.12113110477966416,0.27816608887290806,2.691039853941773
955,0.41447680065482473,1.1834722506024207,1.2539527846880911,1.233924664925678
956,-0.3255662967869739,-1.494628766855584,1.5296759670975508,-1.7852703219303372
957,-0.07024837194148859,0.9336373459223921,0.9362764161621493,1.6458964232624713
958,0.4222040543231742,0.38815805183705265,0.573518035194066,0.7434095367495251
959,-0.47187223872663253,-1.1412334883372068,1.2349401947394836,-1.9628653818884154
960,0.32017732401823196,1.0458988837426944,1.093808938448434,1.2737284460417628
961,-0.020986151997135494,-1.0179792152449636,1.0181955122894615,-1.5914089084766054
962,-0.2963976809111273,0.5616453300150965,0.6350567391794698,2.0563818735278083
963,0.21764259820724874,0.18926404314103706,0.2884253431661203,0.715768732038879
964,0.09843119940717315,-0.1919872609642539,0.2157494134158682,-1.0970431745129823
965,-0.31750181689528745,-0.4514299681861189,0.5519025456621205,-2.18375010545723
966,0.6505006909487747,0.6731167057597247,0.9360754502163044,0.8024830206559066
967,-0.33277022981644677,0.1841022875336762,0.380302087986936,2.6362642051388727
968,-0.04910508752459464,-0.17222521575959604,0.17908890128714705,-1.8485477222048743
969,0.21913067789694196,-0.680373479884878,0.7147911066362198,-1.259213073772574
970,-0.39482301944076426,-0.06375546533882925,0.3999374651628586,-2.9814960398366366
971,0.40372170273872143,0.8436452908947558,0.9352692607539016,1.1244600790170465
972,-0.20353162102514943,-0.9098160365364834,0.9323037815519578,-1.7908791099948524
973,-0.25691264202782804,0.14791840978290338,0.2964522922603599,2.6191921164561642
974,0.5506211244379529,0.647722944185233,0.8501344805978064,0.8662515147733508
975,-0.3012515685353492,-0.6857941220897317,0.7490434469627473,-1.9846948452011302
976,0.18575751096261683,0.7033492739063263,0.727465500201613,1.3125877839128153
977,-0.0038802383741085578,-0.15553581390904014,0.15558420761178646,-1.5957387087591486
978,-0.4470619519606771,-0.6351433053388575,0.7767054829262247,-2.1841187127616783
979,0.379175357193958,0.8916098477278069,0.9688870275054614,1.1686965938566
980,-0.10550101155592984,-0.8203520636769213,0.827108198374498,-1.6986988323083008
981,-0.029054933753286605,0.6336558826109524,0.634321658737011,1.616617091157888
982,0.22506587740394934,0.12486877191810208,0.2573846525571106,0.5065285135841775
983,-0.23959451369375984,-0.8538096973807683,0.8867900147913194,-1.8443781654766749
984,-0.11244289722174017,0.6346837040919127,0.6445671488490935,1.7461406002037094
985,0.3338375483734808,0.1544298198018339,0.36782615180006306,0.4332740804387416
986,0.03858722291090544,-0.13237778391624033,0.13788709673697072,-1.2871620984071364
987,-0.1173854525321758,0.06210458922876683,0.13280182404416574,2.6549639473247737
988,-0.1185802916937746,-0.840671810668141,0.8489937448710864,-1.7109260554501053
989,-0.1877447976677331,0.23694642655581788,0.3023106318158024,2.240855965778606
990,0.4554912136857183,0.6632143194225932,0.8045653977347411,0.9689889559841981
991,-0.09747792668906641,-0.2009381328325901,0.2233340086458993,-2.022464476373729
992,-0.3912473802962495,-0.7192257278319119,0.8187552504650101,-2.0690090962535153
993,0.6159169105693536,0.7293942967470741,0.954656839315812,0.8695492499499377
994,-0.6241683342773285,-0.5335378558812351,0.8211265147179699,-2.434319678623624
995,0.1587941094664984,0.6626919522924197,0.6814515337383847,1.3356108754121294
996,0.08613855232385959,-0.6282621996350315,0.6341397651044275,-1.434539819040268
997,-0.31034151673429733,0.038188729224089,0.31268232449036026,3.0191542908167426
998,0.4227839589939322,0.5529414925156857,0.6960535684328161,0.9180109260749869
999,-0.009167042835656503,-0.6877286853540738,0.6877897784448337,-1.5841249841175105
1000,-0.18258919141840124,-0.1858471981343257,0.26053405511987276,-2.347351927697549
1001,0.11992735776482277,0.9159371344564136,0.9237550570452527,1.4406029066296129
1002,0.06516110594566271,-0.7917910170260427,0.7944677365199904,-1.4886855223578817
1003,0.15346043216379712,1.2383486946367555,1.2478211385244504,1.4475014682628717
1004,0.01742455791361408,-0.49458845107787397,0.4948952931258242,-1.5355804736516205
1005,-0.41628920291213944,-0.7083967221105922,0.8216584548084782,-2.10208531263993
1006,-0.06018251933710417,0.7108767823656592,0.7134197469514799,1.6552544988620108
1007,0.3466170556260977,-0.5417013490441036,0.6431047619222758,-1.001577181995952
1008,-0.4512798601189161,-0.23358944609387322,0.5081511010274316,-2.663952168612389
1009,0.4719627436226119,1.1158942059783499,1.2115975859598909,1.170666909328479
1010,-0.15488240114075325,-1.080102751901478,1.091151003687515,-1.7132214096569125
1011,-0.14612583299071957,0.1887182145136137,0.23867828463527632,2.229673288871118
1012,0.23943991881401416,0.024780126044561257,0.24071877651825593,0.10312491068932943
1013,-0.12278606135259906,-0.18704564982706984,0.22374649043440895,-2.1516922554865485
1014,-0.22932525449482455,0.1749894758000039,0.28846384347067866,2.489783898749082
1015,0.2620232388877639,-0.12115247917091665,0.2886764641021044,-0.43309556802383264
1016,-0.16623461452968513,-0.02688890114089304,0.16839524955413,-2.9812288893879355
1017,0.4728952315794004,0.8563316287596194,0.9782299108413305,1.066239757967762
1018,-0.25473344690976774,-0.7601545442272766,0.8017007297513893,-1.8941427307213723
1019,0.1410573545472289,1.0960427766589191,1.1050823252310462,1.442802937041855
1020,0.25441929418173004,-0.5221155860335216,0.5808044958771044,-1.1173720499813777
1021,-0.5057023407468932,-0.5889008296227587,0.7762338852222701,-2.280332455365322
1022,0.05196290187905106,0.9313416029913526,0.9327900753300252,1.5150605115922395
1023,0.27567131513342247,-0.9350074796324179,0.9747992926525733,-1.284086363748585
1024,-0.37841213680474084,-0.13439233996049893,0.40156823370529227,-2.800338962523491
1025,0.07254486530564463,0.7874139581407462,0.7907486951978429,1.4789251462749413
1026,0.13183641153830195,-0.7854732383463272,0.7964603239117204,-1.4045030468014512
1027,-0.13450046837476748,0.6619819881331068,0.6755076081034859,1.771246203574846
1028,0.24011436581372436,0.09460058574984487,0.25807785549004547,0.3753071555372731
1029,0.04419908355271218,-0.6292824412596474,0.6308327431773031,-1.5006742115621388
1030,-0.3486798377168725,0.5886558284894079,0.6841734528939396,2.105558706619481
1031,0.39226860343273984,0.03886666499090552,0.3941893896169548,0.09875942502291894
1032,-0.4771316868861959,-0.6761470384184065,0.827544237000566,-2.185312602049316
1033,0.5650981523086784,1.1301527888384157,1.2635589609756763,1.1071333161796324
1034,-0.33312535624997963,-1.2607872481125924,1.3040540586877523,-1.8291132087963824
1035,-0.07925093162498342,0.7638343204449995,0.7679346191265908,1.6741804977942372
1036,0.047462451519550086,-0.5040729196048801,0.5063024714370191,-1.4769152070170577
1037,0.045614540029077943,-0.18381856085304094,0.18939363657775693,-1.3275597803296078
1038,-0.03742145413059461,0.7279873413269797,0.7289485128330895,1.6221551124780396
1039,0.29271892035751534,-0.0984551989651834,0.3088329524816665,-0.32446060728041415
1040,-0.4771642466189405,-0.6983011438683207,0.8457601348959564,-2.1702408050139392
1041,0.03196183626516813,0.1738812320798786,0.17679434902467334,1.3890113807109052
1042,0.5537778318449682,0.6130636527969102,0.8261458281826547,0.8361633139967509
1043,-0.7557274533212421,-0.5469474988140064,0.9328856040063582,-2.5151131813834966
1044,0.646267935986998,0.6632773966942693,0.9260664933202268,0.7983862622635464
1045,-0.2904213698041076,-0.9037456884529718,0.9492633151219055,-1.8817260926234523
1046,-0.34400189486166255,0.21303951480197725,0.40462715990832376,2.5871045231800927
1047,0.7519796460891257,0.4360562334642566,0.869263151683862,0.5254922799926914
1048,-0.48798513829751755,-0.489367225384143,0.6910931749622636,-2.3547803777220384
1049,-0.2641746765955304,-0.05120904543596794,0.2690922259910459,-2.950121923125378
1050,0.5758155347307365,0.1217474735360895,0.5885456459355254,0.20836604649700718
1051,-0.2138096526548452,0.7255797438673994,0.7564261578495726,1.8573599607243954
1052,-0.27022186384829183,-0.731812288136382,0.7801083775790719,-1.9245166085160408
1053,0.022757192174481133,-0.1738533727321112,0.1753364907998237,-1.4406375939921565
1054,0.1667819662718557,0.7831153381171987,0.8006783730487047,1.3609589712779477
1055,-0.04517623096137413,-0.667469970497649,0.6689970503373,-1.6383760508823768
1056,-0.007820169494038964,0.9375417801674928,0.9375743941738953,1.5791372757586255
1057,-0.8673315260302843,-1.0459527358228797,1.3587792689106604,-2.2631058842011904
1058,2.234886544723963,2.1017045844776874,3.0678787505706193,0.7546966034603693
1059,-0.9483141726591384,-0.8709571455887613,1.2875815001460331,-2.3986897769816453
1060,0.017156163513618594,-0.3378924956279832,0.33832775905652884,-1.52006586186057
1061,-0.1710940247844519,0.29862620437290843,0.34416678406713325,2.0910788835360576
1062,-0.5649199464572803,-1.1931802322640692,1.3201566621318224,-2.0129852439711478
1063,-0.0029135726111917393,-0.11776744720907573,0.11780348266287854,-1.5955313317689537
1064,0.19935093556955508,1.3338730850235265,1.3486875851963036,1.4224416776957562
1065,0.12128209794946088,-0.14915407015729443,0.1922401725121722,-0.8880985948807539
1066,0.1230722559074593,0.1335174177357885,0.18158656616882263,0.8260833468931662
1067,-0.5206250086218915,-1.1037809220318024,1.2204026890514132,-2.0115276321843725
