180,-0.32561325764788407,0.40369869805221015,0.5186488526595975,2.249533546976412
181,0.5877075778544061,0.00787121780177813,0.5877602854371634,0.013392284728768435
182,-0.31766398719356914,1.3360736572940368,1.3733183267089897,1.8042216031420424
183,-0.6768998046764949,-0.3952521474369064,0.783847948025995,-2.6130841072711815
184,0.3505266367658777,0.61397950652389,0.7069934635579858,1.0520417183500947
185,0.102953671526123,0.10996515481690494,0.15063795588965853,0.8183165794376644
186,-0.04010050519645603,0.018747291051226966,0.044266369161818676,2.7042751666905827
187,-0.4278255144026666,0.10825499344326772,0.44130920495646614,2.8937592048676555
188,1.4475471966291664,0.28489442922835906,1.4753161431619701,0.19432815166266304
189,1.3090799157637285,0.28238838960527346,1.3391913337681924,0.21245962626896378
190,0.5849698984012974,0.23949818280334512,0.6320990124986186,0.3886003145944541
191,-0.058944973551390945,0.4329394538401061,0.4369337256362154,1.7061149037652383
192,1.415701027701573,0.9971562220226815,1.7316263831883127,0.6136428659641845
193,-0.8231652087913517,0.6377779597228255,1.0413268876163333,2.482415476829844
194,1.3110563005094953,-0.7950266113456337,1.5332762099026271,-0.5451132531787937
195,0.6167266536033047,0.5034927536662508,0.7961511905782435,0.6846584433783217
196,0.39769359092677803,0.6707559214912067,0.7797908043057146,1.0356111179902614
197,-0.10386428541323767,-0.09782752861650579,0.142681516461018,-2.38611615625745
198,-0.6367375942585483,0.6370254726727467,0.9006865252550967,2.3559684839461514
199,0.35203355509283796,1.1268453645004683,1.180554149290703,1.2679968534263537
200,-0.008227192624133295,-0.16678160736148584,0.16698440421954208,-1.6200855093959128
201,0.4833967385879916,0.3576855588660237,0.6013413056649333,0.6370328633131404
202,0.859829460110987,-0.3769959068542903,0.9388464274095312,-0.4132111302867782
203,-1.3951845194308135,1.052622936580633,1.7477284943248552,2.4952377580715175
204,0.7759844300658472,-0.09685955972662441,0.7820061444867636,-0.12417926119057723
205,0.326115859750999,0.1461052035215289,0.357348967365516,0.4212030112818595
206,-0.21014048645822925,-0.15700684815919885,0.26231693505716885,-2.499916869621077
207,0.7954757798232919,-0.06090046676479233,0.797803599351146,-0.07640949166461206
208,0.3467641899530207,0.4818684767088257,0.5936687900500234,0.9470208523471346
209,0.880702266876547,1.0651639436993605,1.3821037261503433,0.8799124144397013
210,0.19876671910165555,-0.45295784401275796,0.49465039884257894,-1.1572789360163211
211,-0.4085611511657419,-0.047730569623865904,0.41133978839700747,-3.025293824788385
212,1.0336249185044473,0.2977585070493092,1.0756582174062348,0.2804781702858644
213,0.43422175824100506,0.6008474638463213,0.7413273299565221,0.9450090643978515
214,0.4986183244710176,0.4493852676752681,0.6712431394821532,0.7335113700553723
215,1.867464945142082,0.1170277725464075,1.8711282213898899,0.06258481006430408
216,0.6637809754897148,0.020075993787429525,0.6640845043732237,0.03023568971038098
217,-0.47724792546294736,-0.14053183741100383,0.4975085724736809,-2.8552234205107268
218,0.866068702777337,0.6957044923071862,1.1108914161819863,0.67674393785448
219,0.4118043643601119,0.2968860624159788,0.5076654100516405,0.6246415685254652
220,0.15697906201092593,-0.0011658295459255896,0.1569833910589279,-0.007426519803579527
221,0.3344105013046672,0.294689108742773,0.4457264342558659,0.7223418007896037
222,0.7168718270393057,0.3928589909259017,0.817461560658353,0.5013205981732449
223,0.7057221362217447,0.08400081984154895,0.7107037858963713,0.11847078945207136
224,0.8240622635967654,-0.20333128166760162,0.8487768990664238,-0.2419105514664302
225,0.4955673470868689,0.4168143126580617,0.6475501268128434,0.6992956843883265
226,0.10794697356546834,-0.08685021554464356,0.13854785830930397,-0.6775174926974845
227,-1.514678762902271,0.3641923746541238,1.5578471813831305,2.905629797695837
228,0.3433890088898366,-0.2875648837047038,0.44789460118028224,-0.6971521866714554
229,0.14815262533598172,-0.05243297159472604,0.15715729987562502,-0.3401555154118644
230,0.2890703055961339,2.1206028287255094,2.140214474947797,1.4353162083594821
231,1.0334436055767426,-0.36482127900688965,1.0959471937660503,-0.33935841790573384
232,-0.6425579051503618,0.1660661027536321,0.6636705598073499,2.88868135565833
233,0.05998339849224266,0.7723032352076302,0.7746291339775773,1.4932837425511067
234,0.6307882301735503,0.07637260702870208,0.635394811459647,0.12048840884685148
235,-0.14799794938359412,0.25162295639870536,0.29192037477465266,2.1024744676512217
236,1.2840069230041635,0.7053778945121962,1.4650023045678389,0.5023492333691156
237,0.036808893289077105,0.012012778964049176,0.03871952328742915,0.3154572709117102
238,1.0725689243784586,0.22130284651524335,1.0951616535553612,0.2034743552749446
239,-0.6679531989277265,0.08348808838866262,0.6731506048876255,3.0172465941457927
240,1.192990095879395,1.326362062852752,1.7839455402677897,0.838287785163233
241,0.4929097329324179,0.4527412765877443,0.6692792155340012,0.7429466422489767
242,0.26613020370452745,-0.5392063412861603,0.6013058820658754,-1.1123146906749393
243,0.9687726068946461,0.8832284859730066,1.3109587797881435,0.7392408678357618
244,0.034348115102616816,-0.3022124226941969,0.30415808626732016,-1.457626416598425
245,-0.33334571117293876,0.340868662351852,0.4767712324909434,2.3450368535604875
246,0.8419898487835624,0.11597385275371153,0.849939315467349,0.13687656974192847
247,-1.5343902331012345,0.9019534528562758,1.7798520777176454,2.610173212037406
248,-0.36609996154378166,0.12345134596949947,0.386354004332865,2.8163601635370306
249,1.5256288966345437,-0.6782602927754056,1.6696049098520627,-0.41833543889739294
250,-0.3030462299497856,1.0068312445510514,1.0514495577492045,1.8631612157822848
251,-0.11057305260059991,0.4559514576358765,0.46916748787793844,1.8087137981701846
252,0.04091100801349512,0.213496415014788,0.21738084046402723,1.3814675630437494
253,0.7652878906426537,0.34543588138819814,0.8396377217078349,0.4240011956948241
254,0.36058315140373765,-1.0575640173878469,1.117345899867079,-1.242200831739241
255,0.6948590679299187,0.6397100557044837,0.9444882633753948,0.7440982022070258
256,1.0354695845753525,-0.2023944551829686,1.0550643468857546,-0.1930278489837323
257,-0.6111473893001858,-0.7100924050415074,0.9368737135527205,-2.281446009391863
258,0.7901649872264116,0.17870555583834857,0.810121214835168,0.22242049050013726
259,0.09716181001807911,0.2593420861960567,0.2769453646452892,1.2123349167641553
260,0.3639265245437784,0.5345193238190973,0.6466478352260512,0.9730398854994199
261,0.088024904778635,0.8834258609294352,0.8878004480851547,1.4714837281103446
262,0.8314113223234187,-0.6632561442626184,1.0635570035450337,-0.6733658393696169
263,-0.0071254231798434375,0.4608755934800115,0.4609306719247968,1.586255716769389
264,0.3990298823703142,0.05755180023021467,0.4031588480167654,0.14324150858086132
265,0.2051061730709165,0.48325841196594865,0.5249830806489361,1.1694141752397176
266,-0.23410824209835823,-0.790544376183675,0.8244798843719714,-1.8587039343575011
267,0.16294282526553872,0.3872898178487958,0.4201711167070737,1.1725515132042272
268,-0.23200033827669841,0.622156239016249,0.6640049267191821,1.9277221995944973
269,-0.2557461799918741,0.15426496779309673,0.29867003342926995,2.598826767475859
270,-0.3192297505472794,-0.10493283965297451,0.3360335317674638,-2.8240121667449625
271,0.5612649399300409,0.3370513173508698,0.6546922355753344,0.5408024144990976
272,0.021607010891543155,1.1549894604886504,1.1551915498130736,1.5520909692628422
273,0.07107151382611221,0.8771885307671141,0.8800629969422096,1.4899509857760758
274,0.17404625913232508,0.09013773627759747,0.19600232605560108,0.47786112773640854
275,0.3558088595951574,0.7153977642996097,0.7989955605203863,1.1092644852767235
276,0.9285388006772095,0.7986742244293623,1.224771334221582,0.7103520127840457
277,-0.3322855671727325,0.1254532554107186,0.35517913430331394,2.7805912999631777
278,0.8732483219182186,0.42029174457655927,0.9691273302782212,0.4485735211113865
279,-0.6593370999777548,0.3748266848579078,0.7584328942554148,2.6246644172608806
280,0.8031708184596269,0.1432876284492295,0.815852136169117,0.17654507845826353
281,0.3874975932682503,-0.0602222318629515,0.3921493363493574,-0.15417975770827902
282,0.3751776264425928,0.8565681866842283,0.9351295684677096,1.157965545026204
283,-0.46204682372714245,-0.7396579558345593,0.8721130425269994,-2.1291628630632538
284,1.5651969031039386,0.0013985515753915934,1.5651975279282386,0.00089353052029327
285,0.5586565116574249,-0.6885361551458118,0.8866674319947813,-0.8891617431051233
286,-0.16457426260534191,-0.01880748262584575,0.16564543252022837,-3.027806671558985
287,0.5827969844691481,0.7197731982933533,0.9261348617171126,0.8901715044361151
288,0.49482656720987706,-0.37374752515148657,0.6201133317173338,-0.6468909469302601
289,-0.315809698104232,0.19180764918621662,0.3694941673464263,2.595784806526337
290,0.39848350956739154,-0.017541579383248518,0.39886942024226957,-0.04399243940121369
291,-1.0552453088781775,0.430566652502705,1.1397062359032635,2.7541872231384255
292,-0.11901969995459183,0.9785836490763131,0.9857949316246224,1.6918263356241665
293,0.1096391041352689,1.2529831015269224,1.257770800212666,1.483516172209933
294,-0.38585011972615746,0.6495571940533864,0.7555162891951428,2.1068073423862304
295,-0.05193578504112395,0.2933802473556284,0.297941764957999,1.746006627541052
296,-0.6353905444424655,0.9671985841885089,1.1572356048891466,2.152034175966369
297,0.44227050119213374,0.719685353948023,0.8447190094416204,1.0197591719066483
298,0.40906151289402715,0.17400819237985843,0.4445336571582136,0.402195791372012
299,-0.4630524661383717,0.049890326021341025,0.4657323598670631,3.0342644040215383
300,0.28305803755012704,-0.11164469314428516,0.30428011786676223,-0.3756896758266953
301,0.6106958224468997,0.15045358610063886,0.628956015254356,0.2415538146675738
302,1.6346104564793222,0.6145412983135543,1.7463139327636505,0.3596083773061769
303,-0.10324790372286685,0.9575224723461133,0.9630729020541383,1.6782094932393248
304,0.7744460980544474,0.035880239735149644,0.7752768217838133,0.046297089856205155
305,-0.1571404381881365,-0.08279660820943491,0.1776186804504138,-2.656660781202693
306,0.9274072142262213,0.16825652484760667,0.9425467623161377,0.17947461785901098
307,-1.4996429970453917,0.21826751555522605,1.5154437722772613,2.9970612058900796
308,1.5743069006435704,-0.3495585745462222,1.6126479511823872,-0.21849497147579808
309,-0.3883300518718471,0.30782303843875525,0.4955353188022614,2.4713286033303503
310,0.7252963345756669,0.8248332323889258,1.0983645270137148,0.8495221144243794
311,-0.09322679436271386,0.13250619340522007,0.16201582169001064,2.1839112791293185
312,-0.5815435913993667,-0.39557272442146996,0.7033283223387907,-2.544271283578033
313,0.05403010922493934,0.03695116933300824,0.06545717392261542,0.5998383913191514
314,-1.7652869215173155,1.9923298190737455,2.6618820453300525,2.2958458120294383
315,0.8217077166949238,-0.36743169752440963,0.9001164502561069,-0.4204865020573709
316,-0.7797217978806614,0.5038293673545695,0.9283372843418263,2.567917726174084
317,0.6514789302993762,-0.37565797935394585,0.7520264051722579,-0.5230534331577303
318,-0.36121917261877456,0.30253544248614617,0.47117617154062486,2.4443769881604664
319,0.8868303252535483,0.3654843619489725,0.959190723797182,0.3909145020505034
320,1.412413540092743,-0.31489938024378716,1.4470914373028525,-0.21936356988128955
321,-0.016697437763191658,0.21116339180747445,0.21182252587364883,1.649705680625876
322,1.4389901448311733,-0.31098399287822076,1.47221047433705,-0.2128394195246719
323,-0.17764507008494235,0.4269341972789107,0.4624181870684499,1.9651000179866016
324,1.1453998123070903,-0.11837398350365902,1.151500382111809,-0.10298170551943078
325,0.6104077003164434,-0.15102532206901742,0.6288133335988189,-0.2425462543141116
326,0.37442737595269193,-0.05488898662747488,0.3784292017218143,-0.1455577136850885
327,0.011973148924965926,0.8580530808789035,0.8581366126095293,1.5568433765813294
328,0.051395073487128684,0.6162283439758767,0.6183678723041801,1.4875862621690676
329,0.06588830349765828,0.6323846420193036,0.6358078357488859,1.4669806725579921
330,0.8277611663507116,-0.03962309995586111,0.8287089589043928,-0.04783128269619126
331,0.01190870109995501,-0.006198799904382213,0.013425434150992609,-0.4799339959374038
332,0.16958886469309675,0.9072101970962763,0.9229250916208519,1.385994748237704
333,-0.09626770511761151,-0.15086422105719066,0.17896224250887194,-2.1387663224821445
334,-0.6820333696454384,0.08639695955184834,0.6874837830303453,3.0155882177967834
335,0.25361572849985237,0.24772252085625723,0.35452416713376483,0.7736437516113233
336,-0.772133761551892,1.0936004434694837,1.338712992274642,2.1855694357824618
337,1.5008389722651216,-1.1558766919830532,1.8943517486833095,-0.65627520333551
338,-0.9357122404718865,1.0200731480057357,1.3842350321572017,2.3130871803205966
339,0.659788203725391,0.06222341668433273,0.6627157968232312,0.09403005725474839
340,0.3124963109737138,1.1429047612717795,1.1848566317111464,1.3038969425340055
341,-0.19547980747319116,-0.20175656041215007,0.28092359245726845,-2.3403947519371386
342,0.1759779548841678,0.26653373004216974,0.3193876482511595,0.9872516536663823
343,0.24590123226953153,0.46007851910002273,0.521670067925067,1.0799492864829907
344,0.6323265398563649,0.5788181310372806,0.8572440036676918,0.741246843651544
345,0.3247169863849848,0.6585967723574413,0.7342961458475632,1.1127292316511739
346,0.8402348611749915,0.30407195354302985,0.8935627425453859,0.3472270565888292
347,-0.1901368406552777,0.09623164922697924,0.21310220197669202,2.6730627501749353
348,0.7951069133246094,-0.2775469451010508,0.8421563455508209,-0.33584492219783907
349,-1.0888399491544902,0.2183276751151766,1.1105131285112981,2.943702892831808
350,2.5617576527333767,-0.3524798452020832,2.5858933297047857,-0.13673440676139154
351,-0.021537870327179576,0.7925895162230745,0.7928820978461789,1.5979636950687526
352,1.654071517736348,0.04629709408334293,1.6547193135716969,0.027982471813106626
353,-0.345582909570318,-0.41954767862426934,0.5435511034172406,-2.2598244671447496
354,0.9031667855140029,0.8047318714945391,1.2096708756743713,0.7278267516093531
355,0.13764183042827938,0.21645545952515022,0.2565116750596182,1.0044044036217907
356,-0.1312875049477782,0.36281738640929007,0.38584046552465306,1.9179936450311903
357,0.5128803163922271,0.12823702645272306,0.528669040039255,0.24500976263862717
358,0.10940583598187459,-0.6557065504505886,0.6647711766094428,-1.4054674986974591
359,0.41120378161951976,-0.0990335578492818,0.4229612223342475,-0.23633733130621143
360,-0.00547098287040626,0.07043446101909012,0.07064662024908201,1.6483154789353316
361,-0.6629757399302747,0.7523232158211499,1.0027597183770256,2.2931484005885707
362,0.10861910502958949,0.04077063801963732,0.11601876961059916,0.3590811716347182
363,-0.18726567709338582,0.91569540387286,0.9346477980989012,1.7725212963495502
364,-0.4752768791329558,0.4188246043717072,0.6334841442889312,2.4192493441304577
365,-0.0911957259717795,0.6625197584817784,0.6687668433873452,1.7075865270333586
366,-0.029555642979808283,-0.5901485956549095,0.5908882305355319,-1.6208362151594342
367,0.08399647347265216,-0.1949998371177344,0.21232132260275907,-1.1640642058381228
368,1.1802524188449723,0.486042197537472,1.276414035482399,0.39064754495344345
369,0.42105514924620024,-0.04277400624147276,0.4232222280512751,-0.1012403421411049
370,0.024154553485871588,0.5527629192285417,0.5532904186122882,1.5271262544302755
371,-0.06624883016773708,0.4709161601542178,0.4755532960594286,1.7105598520112373
372,0.6748678040439273,0.18554459678091462,0.6999095301034733,0.2683055279163798
373,0.37428481585065754,-0.5653870929028812,0.6780499157123551,-0.9860332251965287
374,0.5121763564816177,0.08105570962715092,0.5185505261803772,0.15695571998058225
375,0.302315027618576,-0.23169271650652945,0.38088829176832856,-0.6539115843665813
376,0.40334385156373287,0.6315282037018619,0.7493424682114093,1.0024207869405832
377,0.6997472809513425,-0.17902688381985854,0.7222858729956209,-0.25047228361192614
378,0.7170961050650106,0.06668299998187877,0.7201898682889062,0.09272367195130521
379,0.2931744284498592,0.4201972351984864,0.5123640912138102,0.9616111453211141
380,-0.3050924764041696,-0.5008551964120329,0.5864617182147227,-2.1179115700040603
381,-0.5206752110689621,0.08009463509313264,0.5267996070541533,2.9889606677402414
382,1.089617422571905,0.6128172168087076,1.2501244213234985,0.5123249120027493
383,0.4978560701601964,-0.21772933936949812,0.5433845156218867,-0.4122710223417083
384,0.16833749712195356,-0.09112147462184339,0.19141743931664892,-0.49614099990505134
385,-0.3131351386473682,0.2699551722107003,0.4134361015429293,2.4301132162885435
386,0.414332024061693,1.0975036101234537,1.1731092022472047,1.2098162111531576
387,-0.704881071742335,0.8250072792172887,1.08512411090259,2.27783567125617
388,-0.33049191069665085,0.8902917476138441,0.9496548314546901,1.926246749336548
389,-0.5537004607976002,-0.3461912306050863,0.6530180460257885,-2.5828265448264855
390,0.9535028293464194,0.20476233780976827,0.9752411294428412,0.21153479255854243
391,0.4790479550713229,1.032393653363215,1.138122839926632,1.1363473961197292
392,-0.414188668141918,0.454032344851953,0.6145710886373835,2.310335496742485
393,0.7637210487620649,-0.34501857600599806,0.8380379813059996,-0.4243165302924885
394,1.0996899967430096,0.7817563679905106,1.3492446434321521,0.6179959977194688
395,-0.6192754199677353,-0.10365021256899354,0.6278896498126183,-2.9757564540758494
396,-0.12035047250080311,-0.009028476764683546,0.12068864745226451,-3.066714699868715
397,1.0959451701880454,0.44064512142637113,1.181212910145908,0.3822883651768996
398,0.8679733812515167,0.7546240289174762,1.1501457366702859,0.7156547326510097
399,-1.8418828025150162,-0.6057276546799244,1.9389270872945719,-2.8238705105340904
400,1.468036883604313,0.4823202071276569,1.5452394875314082,0.3174373589099149
401,1.0114944992953951,0.5405696074589059,1.146881259160301,0.4908081307539996
402,0.8913445892499112,0.19473076325147076,0.9123679339726891,0.21508909023801398
403,-0.9435145094497273,0.8289624501479693,1.2559452111049607,2.420732971118352
404,-0.2376002259114074,0.523502445063798,0.5748988409632835,1.996860986249117
405,0.04090243911591074,0.02941335954386659,0.05038010763473568,0.6234367678378759
406,0.1422958725154757,-0.16934317715322322,0.22119047670116462,-0.8719717102136616
407,0.771967491096575,1.0411406265152436,1.2961124995502877,0.9327811759719624
408,-0.12334833535284417,1.0143641131177787,1.0218362715305889,1.6918038519565781
409,-0.7776614100885553,-0.11519731335636152,0.7861473715184985,-2.994529126468796
410,-0.8296695676304324,0.11839010765453395,0.8380738684880473,2.999854019814113
411,-0.3921889974353263,1.3116412895187182,1.3690197522605918,1.8613412127209719
412,-0.16159697072308177,0.5139175850978859,0.5387252223719614,1.8754489041153468
413,-0.11372717540007216,0.7431931272130896,0.7518443288083315,1.7226434506601764
414,-0.2575865907457313,0.8769221197755428,0.9139711460892188,1.856499615134594
415,-0.06490419497636424,0.7200528154016297,0.7229720682663635,1.660691492836499
416,-0.6901449148861047,0.007887962923348368,0.6901899908736934,3.1301637213365447
417,1.0492500512252008,0.21529311724702893,1.0711100766634722,0.2023786402513755
418,-0.1552244090498789,-0.9135492590000922,0.9266427929814712,-1.7391024730506015
419,0.26707309854971584,1.0158886265057845,1.050408368889336,1.313717521399023
420,0.15465396109199503,0.3129909741464303,0.3491148773377836,1.1118666978289469
421,0.5012523200879713,0.2762828132877644,0.5723513617628385,0.5037526259935193
422,0.4040641136159877,0.8378120796686517,0.9301596039126753,1.1214209706549785
423,-0.6082108479529182,-0.33799857152877166,0.6958185610653814,-2.6343639261028287
424,2.020225664257893,0.24972394352818128,2.0356015775434817,0.12298802248055338
425,-0.9189471580251336,0.6225562708069106,1.1099730580349585,2.54615019768552
426,1.2013332000815495,0.378103167963161,1.259429816719437,0.3049209113380448
427,-0.7969120838653936,-0.017087404385620175,0.7970952570422947,-3.120153919316753
428,1.103396202576917,1.0010870453014036,1.4898518222063077,0.7368215486062786
429,0.14206315168236472,0.45636867802153347,0.477968941820542,1.2690138951424705
430,0.40784280761366176,-0.04390423849127956,0.41019914417230746,-0.10723693646803335
431,0.1862160764889893,-0.11287741722367173,0.21775614448745179,-0.5449392769654232
432,0.5111087894441084,0.43393865672146603,0.6704736776669553,0.7039215198420861
433,0.24260577138046813,0.5461810252613191,0.5976380783238444,1.1527881282545427
434,-0.20156339955255476,-0.10601183568792294,0.22774176899529433,-2.65740289805739
435,0.747710443701834,0.2079032459819814,0.7760764571294749,0.2712024808611638
436,0.18545347610562146,0.3696426554448635,0.41355614434316945,1.1057815252458687
437,-1.5199244018421325,0.6235353267065875,1.6428531556308539,2.7522891106772347
438,0.17191876432852382,0.02425575091723431,0.1736214358332675,0.1401633019459494
439,0.06623859866625992,0.6977728799123497,0.7009097972595648,1.4761513482591921
440,-0.11226925523793341,-0.06703204956778563,0.1307581023911647,-2.6033339922978267
441,0.6937081720827791,0.6577471694598103,0.9559614882132141,0.758795346568217
442,0.1916510456845799,-0.2398039640256684,0.30697893164583295,-0.8965440983853256
443,0.3297104255850769,0.4113788304695163,0.5272015808947841,0.8951557865699491
444,0.05006578578031906,0.2571710207531055,0.2619990779010396,1.378522351674187
445,0.780827099132182,0.054136970652677974,0.7827015844692198,0.06922207717494977
446,0.13144902079008602,0.3308828275144151,0.35603692310012824,1.1926476996363433
447,0.7149564399149142,0.036873873557169645,0.7159066933106008,0.051529336605378416
448,0.9894872101848193,0.4691661470728832,1.0950807334066979,0.4427552331260135
449,0.25674544494052043,-0.3399419682241387,0.4260032455953911,-0.9239356715077622
450,1.4554161760216289,-0.1348315963011828,1.4616483177517585,-0.09237759362794683
451,-0.15042114732952427,-0.12678669822048505,0.19672668453868375,-2.44124774896858
452,2.116164629751779,0.32321855279951706,2.1407061856047176,0.15156652415816438
453,-0.5795766945904575,0.7506266677561939,0.9483404131740711,2.2283069509715188
454,1.2330391745016414,0.10394020961774686,1.2374122890253962,0.08409713419467256
455,0.6205504250540201,-0.04929964079292404,0.6225056502691654,-0.07927851050522897
456,-0.04674333658668672,0.2483628533806268,0.2527232606125186,1.7568260464784875
457,-0.0481528757664762,0.8199088405251587,0.8213216216658927,1.6294584918529444
458,-0.26288564391128943,-1.264764160802656,1.2917961310615156,-1.775731788112539
459,1.067713577793242,1.1342117381407206,1.5577061825454248,0.8155889943875317
460,-1.7042631862852318,0.31586304792477904,1.733286610221005,2.9583350468022687
461,-0.331933940359292,0.5059767694475568,0.6051385229705939,2.1513961270717328
462,-1.3234057045459338,0.47421334307313145,1.405802601211605,2.7975180151221637
463,0.46894145523725683,-0.21790211898235157,0.5170951768263121,-0.43498471652665377
464,0.0818609790477609,0.042037725807006154,0.09202385713326182,0.4744096155786164
465,0.03338497380926242,0.42536096574031035,0.4266690844809061,1.4924706756179198
466,0.18070631956020122,0.2596060257496333,0.31630691192971555,0.9627067128884822
467,0.07924281739349226,0.33762294349713784,0.3467977452120038,1.3402610701334017
468,0.7956269019120299,1.4710966884701975,1.6724675284961787,1.0750134778637783
469,-0.917674147349814,-0.7648771935429295,1.1946392601602862,-2.4467587307375434
470,0.7919298748155512,0.691998483002692,1.0516723953320262,0.7181572229556631
471,0.8975513536269943,1.3623475023552487,1.6314377553468702,0.9882408221826767
472,1.065196121822467,0.148326290693376,1.0754736010039856,0.1383581934189629
473,0.24738597789668404,0.1135654150897949,0.2722075046070847,0.4303639927232725
474,-0.1937013350645742,-0.31670333703164033,0.37124279237821606,-2.1197144159415413
475,1.3481452001393706,-0.21446080638037301,1.365096669885376,-0.15775655533788088
476,0.279678132468149,0.4843706173155624,0.5593163261514279,1.0471563241814836
477,-0.18285237132245413,-0.07319104461873849,0.19695664170224578,-2.760850117637218
478,0.42590656452293274,-0.7532368348308864,0.8653104246741623,-1.0561800125188474
479,0.29514213810010403,0.45414267347365467,0.541622054159632,0.9944994356582894
480,-0.30724193442621583,0.7728186806838835,0.8316527637685943,1.9491976435861011
481,1.0650533848021269,0.45862765369861336,1.1596025341536482,0.40661672838232715
482,0.10861118641372514,0.028143509364838337,0.11219824835337536,0.2535451454461059
483,-0.5180219455973969,0.5450577867340485,0.7519539394137993,2.330768349572596
484,0.21526007514300716,0.09280069054545947,0.23441174910035378,0.4070341535971139
485,-0.19417095289709607,-0.3726095732475869,0.42016693471133015,-2.0511897605194793
486,0.4642656390911526,0.05435244023146879,0.46743638219530126,0.11654135692629679
487,-0.12776351421503307,0.9813621951446407,0.9896440135845227,1.7002581386356763
488,0.3936366486250762,-0.33814614603818427,0.5189341260904496,-0.7097138067981161
489,-0.37040393536504723,0.18426652594496318,0.4137066931024199,2.6799674559011093
490,-0.013817809168457984,-0.6418195585486046,0.6419682839406801,-1.5923221196956154
491,-0.7317065853859503,0.19076935736484302,0.7561663010254835,2.8865518180845906
492,0.6348701326501782,-0.6330518884943217,0.8965571810305698,-0.7839641296957247
493,-0.488810223240705,-0.1818928399059132,0.521555787575659,-2.785355089302187
494,2.805035943679414,0.9523270732273659,2.962288557810542,0.3272958017452919
495,-0.35067218462886274,0.09577852836406464,0.3635168600876239,2.8749672970848077
496,1.237708052387518,0.6987049080639736,1.4213056573086553,0.5139189148000276
497,-1.1455806585796608,0.3564514504381009,1.199755259138811,2.839934944544293
498,2.102210659198903,-0.8948307971111262,2.2847345165484807,-0.4024310740673278
499,0.4377358099065276,0.19198492718641091,0.477986246184234,0.4133218535069905
500,0.03812706632663776,0.27722576001406196,0.2798353001357229,1.4341229863094476
501,-0.22670225686277945,0.1611333188458275,0.27813280947948005,2.523674557449533
502,-0.5830161252219455,-0.12246897471220564,0.5957402555106294,-2.9345419964290174
503,0.3646931329426053,1.05784742716844,1.1189469426127319,1.2388060056599874
504,-0.9852904765387649,0.25916229496209553,1.018804406295932,2.8843872809092415
505,0.3998195826182922,0.13571859883091975,0.4222265229870022,0.327245060476114
506,-0.038222882106339284,0.5352398214965319,0.5366028841071901,1.6420879287729546
507,-1.0967471558945476,-0.009409975844448581,1.0967875234557385,-3.1330129687461263
508,0.9868933800225221,-1.525911985543189,1.8172412968994063,-0.996704680388091
509,0.04476017817468403,0.8543997416957154,0.8555713834391229,1.5184563091667838
510,-1.1639281547617486,0.39695527574696143,1.2297569842820308,2.8129151142501216
511,0.6969514450747596,0.9942886620390254,1.2142286688474915,0.959429820946341
512,0.8078122227441185,0.7898372093956709,1.1297802461367141,0.7741477259731834
513,-0.27207801045788926,0.020721543020329136,0.27286594899302963,3.0655790959681233
514,0.2744003479195669,1.0370117813343995,1.0727017225513922,1.3121180504586365
515,0.2774667070492427,0.11554326125747139,0.3005628365962142,0.39458269018448267
516,-0.5293937504843882,0.5392593124482801,0.7556840272985254,2.3469629799350065
517,0.7606458415997253,-0.11449562755979059,0.7692147587463884,-0.1494025998808232
518,1.5480581715228254,-0.13334557957148263,1.5537905734074486,-0.08592522586352942
519,0.43016618583233424,-0.8668257357461471,0.9676930316920689,-1.1101495919980882
520,0.8646034120493624,1.0071152116354938,1.3273357185109593,0.8613910826953826
521,-0.2207347327452851,1.1891240296297383,1.209437795044871,1.7543352568393258
522,-0.010665701459913635,0.2542605597167835,0.2544841633876734,1.6127196678728666
523,0.8807208443003418,0.5866726314285984,1.058231535181438,0.5876294437153732
524,-1.1369315484140543,-0.5533127560877915,1.264424118651905,-2.6886641781295895
525,-0.029075875537671436,-0.023468821557571573,0.03736565433099354,-2.4625023747284422
526,1.0017345270732676,0.7675359189881874,1.2619760099414505,0.6537931017789004
527,-0.6666926022118247,-0.7697441314383013,1.018324630816558,-2.2845761055155287
528,-1.3373877193134973,0.5043981870028347,1.4293437105267244,2.780936808720237
529,0.08043386638287586,0.9970748916413186,1.0003139239273067,1.4903008019066248
530,-0.4865808572397583,-0.5101417451823522,0.7049861919285185,-2.3325605312881534
531,0.7963043143121382,0.6491078717892833,1.027346869470549,0.6839110305946547
532,0.8860519903631285,0.7295381681482809,1.1477430323951485,0.6888223560940655
533,-1.2475533126443707,-0.6212167904159287,1.3936640802519848,-2.679587918746592
534,1.735693241184876,1.1062219227181345,2.0582414750939857,0.567421881652588
535,1.1439184907683995,0.5822505128410853,1.2835751529324488,0.4708188823919808
536,0.32752315771685403,0.5280862833171796,0.621406904908991,1.0156506138675465
537,1.2696258383935657,-0.47303561919932235,1.3548846690946985,-0.356646250494294
538,0.015382764403682359,0.4352408995652013,0.43551265204931167,1.5354679278199843
539,-0.051414496947600696,0.7237273921325027,0.7255513686978257,1.641718423395297
540,-0.10522483176001174,-0.20766678749396306,0.23280412334618472,-2.039789828743985
541,0.35469412469757344,0.40536006818052783,0.5386322557833869,0.8519606475021386
542,-0.13185122861521847,0.6247262417996353,0.6384885462406032,1.778798181451177
543,-0.06252009437268669,0.5958418600939126,0.5991129146000305,1.6753411044937574
544,0.014893074515185845,0.40042916602163814,0.4007060277426576,1.5336206806111932
545,-0.14583703162657002,-0.32161850469441333,0.353138644664556,-1.9965133008718305
546,-0.5656332194488982,0.551416810402543,0.7899376163588107,2.368920546498812
547,0.42798144699862917,0.9015446600446921,0.9979733929469964,1.1275763197860988
548,-0.41400499968776217,1.0348501691514684,1.1145918590942996,1.9513567935484708
549,-0.4968566357836153,0.11098987799891802,0.5091024155711961,2.9218167686383443
550,-0.7659476811210197,-0.013597926532611382,0.7660683741159491,-3.123841443451781
551,0.20845596862098148,1.1102991723028026,1.1296982530171498,1.3852092281338364
552,0.6539378614470479,0.7034612212760862,0.9604646877804416,0.8218659971827488
553,0.3682302924784153,-0.7978391446022215,0.8787154539202914,-1.138391815229231
554,1.034403065989352,1.0136971902317669,1.4482995879347444,0.7752887118201927
555,-0.1014588917512782,-0.26152240609587807,0.28051359255047686,-1.9408760426672806
556,0.2516805759722587,0.2118465213559375,0.32897121596325046,0.69967194146566
557,1.103344598157733,-0.5647514986542319,1.2394811646475512,-0.4730858850766133
558,0.8397046200300764,0.07820804982793561,0.8433388097068366,0.09286965482933575
559,-0.07835232235323986,-0.4637984278495537,0.4703701394581332,-1.7381523375224144
560,0.3474077300150782,0.6775888386123938,0.7614583147397644,1.0970311439339246
561,0.2348706578002009,0.7081396753333138,0.7460737401066132,1.2505410102776593
562,0.5263762401127963,-0.5210750547335579,0.7406693991389576,-0.7803371737892424
563,0.20929833909107742,-0.22609960919180594,0.3081019766619017,-0.8239673350190378
564,0.2888164378501301,0.11656131677824533,0.31145059855700474,0.38359108788266855
565,0.02550460936342347,0.6338600228785936,0.6343729295157794,1.5305810463052345
566,0.850241926546417,-0.43059687953234516,0.9530608618133238,-0.4687866616600094
567,-1.4867943909164723,0.4479463858604049,1.5528082706715864,2.8489588956054686
568,0.222771171629077,0.5405127134004601,0.5846203796110084,1.1798616978429692
569,-0.00023159588025123412,-0.6194079140184385,0.6194079573151487,-1.5711702255847204
570,-0.230581715020449,0.633001287861191,0.6736902535555179,1.9201245305443602
571,0.16484934986854682,0.013033119940928373,0.16536375167332526,0.0788966796811994
572,0.5399161255756866,0.6636306613456213,0.8555203547167579,0.8878300350053504
573,0.16109237528246467,0.700859529834247,0.7191347814795418,1.3448706614473016
574,-0.1236347656989949,0.9680584454024483,0.9759214666172942,1.6978228206823633
575,0.03939708220153193,0.1513971967747807,0.15643925746837312,1.316219093854433
576,0.11906907903214403,-0.13578241856413342,0.18059432652408683,-0.8508850878586469
577,-0.24558528463798268,0.04770855421594433,0.2501764141083141,2.949717828224631
578,2.355869808600147,0.00597889077664604,2.3558773954110204,0.0025378643245155754
579,-0.34658594426828415,1.1351600655631842,1.1868909769704001,1.867125772499248
580,1.0642205749182807,0.6549286373737004,1.2495987164412292,0.5516711134778931
581,0.3205056034538529,-0.22172630973466312,0.38972605542081756,-0.6052025073342256
582,-0.04497225512307068,0.04382337500089761,0.0627932474659804,2.3691322442001055
583,0.07629717760528365,-0.08442349097992974,0.11379185005865083,-0.8359168621397446
584,-0.3521986230367986,0.16572116380490343,0.38923948181276347,2.701795085548166
585,-0.11567578282588897,0.5672694841773591,0.5789434811889925,1.7719551963275393
586,0.505373331945691,0.6409371747727732,0.8162123906481658,0.9031124382373308
587,0.30746140708092184,0.026524004620625874,0.3086033694976374,0.08605469807078212
588,-1.4473114983110378,0.03178910576940552,1.4476605680852677,3.1196319386367914
589,0.9165588730308798,0.4061724262609232,1.0025249161922718,0.4171423005081837
590,-0.021300303889404404,0.5017005430649419,0.5021525045814653,1.613227055369977
591,-0.8441959755851514,-0.21744618917722391,0.8717509336856845,-2.8894947053434645
592,0.5478046424119896,0.1977245998908188,0.5823958650695523,0.3463874716438971
593,0.4797851376278004,-0.3883433212226919,0.6172554685272527,-0.6804530126464866
594,0.7842308922085266,0.01340477095203596,0.7843454469673795,0.017091223818828223
595,1.5166989242499511,0.40425960589539045,1.5696501061636812,0.26048331486619486
596,-0.0304681603190744,0.3411666373908133,0.34252442724831106,1.6598658386765108
597,0.29816130749131275,-0.11695658196947534,0.3202795768557711,-0.373815705617491
598,-0.1620673615626913,-1.1049591123080518,1.1167812988927106,-1.7164306359434007
599,0.8053329642311127,0.5879268745408694,0.997105407208619,0.6306051449150767
600,0.36485940670233674,-0.15300555195409515,0.39564262357329305,-0.3970794319500028
601,0.516491184948606,0.37773101548333443,0.6398780072698906,0.6314518039894172
602,0.20597231795630933,-0.008880267502320294,0.20616366051078874,-0.043087204548960464
603,0.7363306461287493,0.39214899889628896,0.8342443633395092,0.48936431436189876
604,-0.38075933449762545,0.20297617986278738,0.43148232918482915,2.651830547388297
605,-0.40363481490429365,-0.10801699619048577,0.4178381687553673,-2.880109108327699
606,-0.18768085282040659,-0.3869935407192884,0.43010243323404557,-2.0223490457971582
607,-0.3986635565896677,0.6893312326304795,0.7963103538398703,2.0951324421814315
608,-1.9804236631250944,0.4451162987601265,2.029829156576418,2.920508448303207
609,0.8991548738331545,0.443538660135971,1.0025996360328127,0.45826034165566104
610,-0.7407391002926431,0.33939026784560156,0.8147884195364239,2.711958851592321
611,-0.05560339120297897,0.9586244610835593,0.9602356973686282,1.628734718710065
612,0.3040831599746099,-0.11444194289123288,0.32490541157829983,-0.3599544138571933
613,-0.03343898428727243,0.9398784327984231,0.9404730905824921,1.6063593154531834
614,0.08348350520746806,-0.6324128389524617,0.637899282421322,-1.4395472791986574
615,0.5681758972501996,-0.05778809479767233,0.5711070951375181,-0.10135955969399012
616,1.194737561246484,-0.13728373386214798,1.2025991284864335,-0.11440526025011973
617,-0.5813758166990795,0.5498018057112972,0.8001748970106002,2.3840997584137926
618,1.0723503103945689,0.216932688481279,1.0940726573381878,0.19960273119821123
619,-0.8326626253679734,0.2978291391603989,0.8843241734893998,2.798089889295285
620,1.2302215207204341,1.0492292066209075,1.6168880351063386,0.7061626787642562
621,-0.2861749271165337,-0.4117400086624343,0.5014238961632113,-2.178184279951042
622,-0.2804730813452352,1.0064375075859289,1.0447878282383785,1.8425797239746973
623,-0.15060579151953846,0.35018425443911383,0.38119695237016876,1.9769583987215928
624,-0.24725493856702485,-0.17915530505263177,0.30533854649271647,-2.514561612248119
625,0.24882770036974478,-0.3523966821023805,0.4313915228977752,-0.9559873607971697
626,0.10670022730420214,0.5030067372960616,0.5141991017806211,1.361769905403646
627,0.2400382504290235,0.5864889924933436,0.6337094760100119,1.1823155850921714
628,0.059794383253688466,0.013507098080140167,0.06130097851776516,0.22216370033824726
629,-0.6657957846554154,0.145703202304162,0.6815522357285668,2.9261484164853346
630,-0.8574962536730908,0.8640985878311085,1.217360338829511,2.352359498572005
631,-0.3191798010980449,0.25741015913973797,0.4100435775101626,2.4629166963258955
632,-0.53032640573592,-0.7169732014762076,0.891794072785765,-2.2076559473570367
633,-0.022292673298252907,0.9375580411648343,0.9378230343916829,1.594569226804867
634,0.04960081052402643,0.6035775239385544,0.6056121430490281,1.4888025420500586
635,0.585042079006314,0.37304376175723064,0.6938558080711118,0.5676341620256057
636,-0.8712182798764871,0.42470886155012977,0.9692259325204585,2.688004277918442
637,1.5949904203584708,0.38603200690124595,1.6410408743804936,0.23746144732093002
638,0.9851629397328026,-0.05653753314612686,0.9867839228915452,-0.05732613810257162
639,0.8465605232119628,-0.003909007478512194,0.8465695481178019,-0.004617484030696926
640,0.6823398876775144,-0.3594949320078058,0.7712485516712884,-0.48490094121835875
641,0.6037089065124519,0.9958458821814133,1.1645486099172235,1.0258105460649762
642,0.4449862022848663,0.7257255283186623,0.8512874148472475,1.0207561710680846
643,-0.8707470339570449,-0.2951744677368424,0.9194174044190807,-2.814759839131569
644,0.03174246935030567,0.6176902428549056,0.6185053116009654,1.519452515255578
645,0.027021622766469022,-0.36634819778186056,0.3673433953604591,-1.4971702546098047
646,0.36047319987584103,-0.8996177113090766,0.9691506355204588,-1.189690111510954
647,0.3323328559291099,-0.008128138528093132,0.3324322393600392,-0.024452949065790312
648,-1.1827163965383392,-0.3059177620476703,1.2216397798765761,-2.8884830572293896
649,1.1613535837861235,0.6496022051469481,1.3306859777966589,0.5099927567480974
650,0.2291538208948225,-0.420259287363308,0.47867456820454946,-1.0715936075687422
651,-0.985711134630705,0.7237743606330582,1.2228964657912558,2.508237461059154
652,0.922734529938154,1.7084397553448412,1.941701679039014,1.0755828255345232
653,0.49496729297851516,0.5565016509051475,0.7447729241712765,0.8438537682865853
654,1.0353981226007676,0.40365777951058135,1.1113005332692896,0.3717324275924873
655,-0.765906984575679,0.23055794382696604,0.7998565336880907,2.8491948073294036
656,1.8780257455106408,-0.28394476835381965,1.8993697197429211,-0.15005671067196402
657,-0.07984049980387908,0.4378167995250237,0.44503713929880956,1.751174761070648
658,-0.24419454087995973,-0.0004935554518965546,0.24419503965592426,-3.1395714995621504
659,0.055791112941875554,-0.3169774489682595,0.3218498896033968,-1.3965711096459366
660,0.4686134092607688,-0.19954522980401634,0.5093297812582124,-0.40256547363871686
661,0.4293617935967404,1.212344989454266,1.2861306011659446,1.2304220032859445
662,0.4169155627202201,0.04330266443145092,0.41915833188090235,0.10349326081323611
663,0.7056530006787654,-0.011990648587641317,0.7057548675145627,-0.01699063807088568
664,0.33744702041961716,-0.15617768619569006,0.371835933249487,-0.43346486151102276
665,1.2426382786546526,0.07036314778508768,1.2446288057666126,0.05656359704977057
666,-1.101004082294736,0.3850152016577226,1.1663818820340148,2.805189915593955
667,-0.3390064741420673,0.6756563193704324,0.7559344226951409,2.0358381266137724
668,-0.1424499657889271,0.03913541478186744,0.14772803878551732,2.873476591223454
669,-0.5964871512490646,-0.006676360006906634,0.5965245136523446,-3.130400323273983
670,0.2780220779697231,-0.03536684850223537,0.2802625372959841,-0.12652919582566075
671,0.6345510829072794,-0.5787455828867678,0.8588373108626252,-0.7394356229415959
672,0.7393325108031661,0.7749810449602137,1.071078046445794,0.8089348681716204
673,0.5526108764729543,0.31883324034379257,0.6379917052316035,0.5233044888089666
674,-0.9917411018490299,0.8058825637766063,1.2778877570803642,2.459219665458529
675,1.0327690909558669,-0.19754006688708614,1.0514913567212818,-0.18898958068524765
676,0.2841062048380394,0.7049827429150355,0.7600769720465691,1.1877086671680772
677,-0.3727033526287187,0.47818579422045104,0.6062750554450764,2.232856423595982
678,-0.43274620015931475,0.7632241526451935,0.8773712902376618,2.0865957327926625
679,0.8130930563817316,-0.48704038554581075,0.9478020128111132,-0.5396817499934892
680,-0.9734008386256505,0.5290221209932042,1.1078689440259928,2.6437703795906735
681,0.5377686861458244,0.8745359594994397,1.0266490657749667,1.0194792114337599
682,0.14760449674589893,0.8196605258391969,0.8328448025164106,1.3926258657315551
683,-0.8236823503146979,0.6103782496523422,1.0251898467447877,2.5038532514379512
684,-1.1124458913339623,0.13593907518452397,1.1207208810885239,3.019997131064111
685,1.1145342895383976,-0.15164764296775957,1.1248038451990365,-0.13523322700838553
686,-0.3283302317191499,0.4587862783933474,0.5641680514729355,2.191948365607999
687,-0.4404191767290513,-0.43072526458030325,0.6160302791084765,-2.3673218206255657
688,-0.7704444345579873,0.15639766029198654,0.7861582886964841,2.9413173407397273
689,0.886971834710323,0.6588323431536196,1.1048887237883667,0.6388696518079889
690,0.5292289164634951,0.024751867542306627,0.5298074187551143,0.04673562419830473
691,0.36480149965935027,0.1677526499694295,0.40152345600908157,0.4310119444139682
692,0.46964555498502136,0.4916071882990991,0.6798857072365433,0.8082410769641759
693,-0.2907865551093778,-0.38756608310694673,0.4845248078346866,-2.214482347118811
694,1.0330824401086574,0.4939929794175555,1.1451150124658618,0.4460347036816003
695,-1.1687057710523447,0.5336589213810043,1.2847820918975297,2.713244009112351
696,1.9076689296607583,0.15158808774475574,1.9136822342121314,0.07929585263609626
697,-0.8023603185217496,0.48004945600916926,0.9350024390091305,2.6024265896108
698,0.2974518589681878,0.29309045350237284,0.4175878618181535,0.7780128735046968
699,0.2923223822923262,0.06203684559955036,0.2988326377774077,0.20911809592411162
700,0.4106911889108176,0.959324627204694,1.043537729557684,1.1662990821709618
701,0.11867105720041593,0.7293493504998878,0.7389406572192876,1.409501669157264
702,-0.5838251543115405,0.04568298697984119,0.5856097216630667,3.0635040457814915
703,0.19707024779850713,0.5658747226240735,0.5992085482302777,1.235674481181338
704,-0.7147460684725786,0.5684141371214082,0.9132122281685036,2.46974420701081
705,0.709267379003677,0.17453651857670138,0.7304267322843686,0.2412858646611186
706,0.28061716440485895,0.43669069467330246,0.5190806832977655,0.9996412650044654
707,1.1667731975499578,-0.7310649667408029,1.3768862262789485,-0.5597274363806976
708,-0.9479021080778409,1.4988100835626597,1.77340070855053,2.1347253282943206
709,-0.29146651049016725,-0.21729471861510774,0.36355153895332865,-2.500963580053068
710,0.9916180088714128,0.6452706859868726,1.1830809497714323,0.5768847583386116
711,0.8815905949244467,0.1283457024968584,0.8908841655392984,0.14456858985333054
712,0.8352005808678911,-0.18461232404990824,0.855360579213919,-0.21754160529061883
713,0.44161347193680456,-0.5768005242103413,0.7264442878331437,-0.9173693619596343
714,0.09369378090234193,0.18354155164968233,0.2060728651757651,1.098802116706402
715,0.6913552246798247,0.4958313528845224,0.8507765730174912,0.6221683292588022
716,1.0150065167889295,0.29455092537278915,1.0568814866208802,0.2824382932533933
717,0.11970662583919989,0.29117366476901907,0.31482023334726644,1.180742681483355
718,-0.5220642563312765,0.07449121969909811,0.5273519029556906,2.9998633995567205
719,0.3914137264746529,0.0786432262743233,0.3992360984575528,0.19828095255333558
720,0.7480095894848375,0.5234599272927767,0.9129778975652336,0.610594251187744
721,-0.6310109779914086,0.4360484849147497,0.7670157335688249,2.536911187442736
722,0.35923238378052247,0.9443612333910778,1.010379158874803,1.2073022674933274
723,0.4315039425841576,0.9533134153119818,1.0464234899310447,1.1457524894106381
724,-1.6209388508292903,-0.2629104039561412,1.6421219926169193,-2.9807965779831793
725,1.0507242535472727,0.6588230087098168,1.2401891846802764,0.5600491377270274
726,0.8439285461663104,0.8841397539040372,1.2222595859586758,0.8086634199877885
727,0.004383318721110641,0.2720989060405259,0.2721342098146828,1.5546884354636754
728,0.8442401628123832,0.0641390754863096,0.8466730617598023,0.07582688433467367
729,-0.3761399700451733,-0.23865396946297324,0.44546267431291886,-2.5762039946237474
730,1.1634944370996294,-0.47803930856508714,1.2578715696346627,-0.38983764750585415
731,-0.46092118855337105,0.414322368767273,0.6197671879975386,2.4093852442823454
732,0.5733414170606892,0.31821424750432925,0.6557291268747375,0.5066868915440221
733,-1.1101247190421617,0.8735499430019331,1.412609781485007,2.474894720000523
734,0.08782669091465323,0.6898487417923889,0.6954170074060312,1.4441646002504676
735,1.129421872986228,-0.36781335304101503,1.1878048786964102,-0.3148333943287366
736,0.17699518693964933,0.6371868994088459,0.6613126650670317,1.2998511869590468
737,0.4748884152234609,0.9820276510657777,1.0908241445674087,1.1203712209817611
738,0.017491674083117914,-0.3854573738067302,0.38585404712690435,-1.525448427180806
739,-0.3911110140982714,0.2737478898874315,0.4773947345402959,2.530917861697559
740,0.3077283592078004,0.2823312708068215,0.4176214668047128,0.7423831507219061
741,-0.978052293064394,0.49168599562989357,1.0946878122401285,2.6757717827666987
742,-0.28059578576043975,0.257866956664202,0.381089703778226,2.3983800358424006
743,-0.11095593358824374,-0.6988823937262509,0.7076353718257541,-1.7282442120414847
744,0.11011101194415573,0.644360151931437,0.6537005739239263,1.4015468663743373
745,-0.03325800170320292,0.053390800059730736,0.06290208429224259,2.12789587571431
746,-0.7278257840418405,-1.2464057087343008,1.4433494250116894,-2.099323079505389
747,1.0299650651743804,0.5532734643139179,1.1691619057228941,0.49294496317264347
748,0.5855575608576089,1.270425828342809,1.3988779226215649,1.1389031420259836
749,-0.11974363923113174,-0.4478707641133042,0.46360194184639736,-1.832047809549369
750,-0.9229526635080418,-0.04761173607408864,0.9241799048283713,-3.0900520152796767
751,1.2612449837344428,-0.1631171463350256,1.2717492333096871,-0.12861634188730842
752,1.4222424727167038,0.38730594326204937,1.4740351233554203,0.2658735045535279
753,-1.0149365412681277,-0.1303688530426257,1.0232752418801891,-3.013841944281982
754,0.9945819835243128,0.8011456647680006,1.2771169477098478,0.6780916376773052
755,0.6321963932775247,0.25184760941738205,0.6805141424264164,0.3790997768013382
756,-0.3277370023847084,0.2428410040126323,0.40790108600244945,2.503900334296709
757,-0.28643987377006397,0.12588624550176064,0.3128820034644686,2.727516692104335
758,1.4948528394838263,-0.5174363929389756,1.58187402546807,-0.33323673412010385
759,0.7270416601620013,-0.6189276823997716,0.9548094321129592,-0.7052459981528759
760,-0.47535130502106426,-0.06351739890658337,0.47957619118247197,-3.0087574934616823
761,0.10819404165471269,-0.32042382665042624,0.3381972491533367,-1.245157589680177
762,-0.4831177976003005,0.6090492141620416,0.7773954924165468,2.2413972687275083
763,1.5215829876947566,-0.6331888168488149,1.648072469955282,-0.39434075037951233
764,-1.1430673741712098,-0.12681461179909093,1.1500804179101647,-3.031102111674088
765,0.5766179929306361,1.1281801401215148,1.2669959504023507,1.0983046003868215
766,-0.8854885877597098,0.812030472921947,1.2014505932440693,2.3994413172132076
767,-0.4264887694147603,0.3262209395109039,0.536947643455387,2.488624018558292
768,0.06327278509439793,0.6278186665072099,0.6309989883894371,1.4703535333516926
769,-0.4127943977777022,0.8038436457929379,0.9036392099274677,2.045205879527643
770,0.679614066159246,0.3411681218314584,0.760441297060798,0.4652485153609968
771,0.08001145394740661,0.1918967953759534,0.2079091456341892,1.1757634334057798
772,0.759742985970604,0.013839487842858489,0.7598690256585552,0.018213998219245457
773,0.14968783673378994,0.5004119496630324,0.522320368961042,1.2801386033766842
774,-0.8648772852569095,-0.2922240915508496,0.9129116267394567,-2.8157563657936713
775,0.9103335219921007,-0.3196158046742994,0.964811579460022,-0.33765219424869075
776,1.2325473560876787,0.6448798238678819,1.3910582202879207,0.482041920026073
777,-0.09035759252915909,-0.08029122754027185,0.12087669646209419,-2.415114987891957
778,0.23529452757750846,1.0268457863994058,1.0534589615899317,1.3455420301901895
779,0.014350344388901703,1.1234127285514433,1.1235043796334214,1.5580231370532958
780,0.013506007938872244,0.1548854876749033,0.15547323416825642,1.483816384372738
781,0.6954983191320707,0.9261368660604035,1.1582087059730304,0.926676559454645
782,-0.00998863107872694,-0.546092867631387,0.5461842114421639,-1.589085372394122
783,-0.48440352646790075,0.7746635779943176,0.9136467783150644,2.129617274512445
784,0.3671759132504917,0.45356459918446035,0.5835571924881852,0.8902690139019361
785,0.6478146695379223,0.8290728579332267,1.0521528642883105,0.9075173148073402
786,-0.3640696582455121,0.2266989006330391,0.42888122785129273,2.5846633811094653
787,1.1895085682700426,-0.02534980521181751,1.1897786544614606,-0.021307932758686837
788,-1.040727416498413,1.0886085243201933,1.50604849678689,2.333711875224621
789,0.7115210854638292,0.3639516856902105,0.7992015293881585,0.4728148632355277
790,0.7641487729058838,0.5557010381464238,0.9448423100870225,0.628759032153813
791,-0.03678331414880631,0.23822293932113325,0.24104601431795158,1.7239935890756706
792,0.229240426847241,-0.13567560831063474,0.2663813882229125,-0.5344042079068849
793,-0.3847304717912152,0.5217272402019262,0.6482413509592005,2.2061954776694597
794,1.7108465060398999,0.46773385141074186,1.7736320709167557,0.26687179634649444
795,0.28277815316448596,0.2774076391000335,0.39612937550524063,0.7758114341172224
796,0.3249513972648401,0.6005992571958245,0.6828710554186259,1.074854121084366
797,1.1146017106643455,0.17027695427856315,1.1275332432235732,0.15159723033683015
798,0.8789294047394378,-0.20061228772999584,0.9015332431496274,-0.22440205620432074
799,0.3947603295762008,0.6245502149317304,0.738849571143126,1.0071281120966875
800,0.18583440286232644,-0.3385554694862094,0.3862049083145178,-1.0687950742350982
801,0.07907646287958414,0.5633942619746222,0.5689166735186054,1.4313500311458325
802,-0.5959828127331548,0.43256967007317826,0.736418381452107,2.5137544118304977
803,0.8259011399240421,0.10041976393750929,0.831983666857167,0.12099420283599446
804,0.1853634160347326,0.09052276884216326,0.2062861306121114,0.45428662046307217
805,-0.7560200961310386,0.3238527198745942,0.8224639626902551,2.736875085332921
806,0.5815780213436597,0.6954415810692467,0.9065715567952151,0.8743265144205449
807,1.073704429594926,0.5513195256340282,1.2069773906238241,0.4743687742773448
808,0.4178069071752759,-0.5765538969803288,0.7120231792621453,-0.9437094831512345
809,-0.29905562393560103,0.9725014950985269,1.0174445558242384,1.8691302961885732
810,0.21432536211622732,0.7139304986006323,0.7454073501639217,1.279151653553775
811,0.909872987262446,-0.3464271052885124,0.9735915941648559,-0.3637954594143453
812,-0.038668362742271256,0.02619010507908115,0.04670293225506493,2.546264186702358
813,0.11418640230758115,0.8965560229528364,0.903798227905408,1.444117191409792
814,1.6317751689266515,-0.6254463471943268,1.7475335004354935,-0.3660204664251769
815,-0.8698692793219891,-0.436436165626958,0.9732158495294444,-2.6765650772581537
816,0.657732884758019,0.2424184820880555,0.7009844992223312,0.3531186804198309
817,0.7616089135592006,0.36098667620063907,0.84282828476933,0.442615010689168
818,0.09514386134259212,0.5617423700388144,0.5697427881491811,1.4030158447843666
819,0.6631337684041512,0.4108620259073632,0.7800987111453224,0.5546896806894577
820,-0.9333818815973416,-0.402606751251426,1.0165106654863103,-2.734362612915725
821,-0.3816469102320639,-0.13730745402403954,0.40559548939829787,-2.796235259273471
822,-0.3150126649671279,0.0070851285154844845,0.31509233271498827,3.1191048778702792
823,-0.872659374911251,0.6977235595654179,1.11729698388259,2.467134021655749
824,-0.40228384991843313,-0.36635675258696665,0.5441043705680596,-2.402901582944843
825,0.8370286517292413,-0.6262818603784694,1.0453927168556265,-0.642361151556489
826,-1.2356693934701752,0.1887058494271514,1.249995499018686,2.9900480397050124
827,0.11972843817079593,0.8922885028798646,0.9002853277036166,1.4374117246383988
828,0.9371826349486412,0.7273836706418138,1.1863381876874892,0.660021058296406
829,-0.6291118186583446,0.11969921115104398,0.640397986822095,2.9535730336862764
830,0.4465034501781986,0.45703034897081807,0.6389382371571002,0.7970484442497947
831,0.9592275744088568,0.7106135404840757,1.1937709761196291,0.6375990108992052
832,-0.6071905650826181,0.2606910698195293,0.6607875726805097,2.7360519148405515
833,0.5425214506274187,0.7204585207375089,0.9018813694129391,0.9253636456221768
834,0.5851537740571757,0.4369286212579482,0.7302818355729025,0.6413795051673802
835,-0.21636540394356985,0.31318804654142696,0.3806582988982365,2.1753537119413746
836,1.1093663802978995,-0.8717279618473981,1.410887453059911,-0.6660154665294631
837,-0.38519070724410653,1.0842692608470088,1.1506570779189313,1.9121438472456083
838,1.4968874202128006,0.17149476328978608,1.5066792633560582,0.11407022601678604
839,0.36469743570125956,-0.06644215299292,0.37070039020941015,-0.18020789515428057
840,-0.17943534941829853,-0.666657285632823,0.6903832132288489,-1.8337220980630349
841,-0.18913169027234744,0.7341111939232974,0.7580831361458743,1.8229465255166883
842,0.2862630466484575,0.42994591145549066,0.5165268808626997,0.9833858110125523
843,-0.13189531452118786,0.10751364905632954,0.1701633295573716,2.4576856518812376
844,-0.21848772549466844,0.48545733147159353,0.532358626182909,1.9937049422063169
845,0.5412510444579084,1.0372956674938223,1.1700149550019567,1.0898686545406775
846,-0.7677724165661459,0.3910205017309636,0.8616098400167874,2.670538949525334
847,1.2444267078961389,1.266442341187485,1.7755207784978637,0.7941660715195329
848,-0.9441565807073005,0.3182383486745266,0.9963469754357619,2.816490971291765
849,-0.23974329756671864,0.08801146183839137,0.2553876781348208,2.7897596957643884
850,-0.6563203045288333,-0.10486978520111734,0.6646457808373938,-2.983147558737767
851,0.4716798777806446,-0.2377954699828706,0.5282315710439297,-0.4669588146804385
852,-0.03354186567642614,0.013941847556566245,0.03632398472560446,2.747663769337241
853,-0.02372520468378525,1.207823466119919,1.208056460041178,1.5904367416711593
854,-0.003176376993337726,0.7926886331896981,0.7926949971829994,1.5748033982472907
855,0.3114158064272772,-0.9356494987035262,0.9861134766936872,-1.2494953925167482
856,0.23448704997230152,-0.39266527574733345,0.45735128225734983,-1.0324619455156572
857,0.5924138302618758,0.14801835486991877,0.6106255642076769,0.2448434546670139
858,0.6577112710801885,0.8865965414908032,1.1039191743462793,0.9325392020693142
859,0.7977352887810412,0.09540538036782209,0.8034200505151088,0.11902993852608137
860,0.21107723238918652,-0.17592173327341243,0.2747763713840772,-0.6948054862857612
861,0.42820899948370084,0.4117873636791387,0.5940806175298495,0.7658510023038743
862,-0.28431502481933535,-0.2679863285546844,0.3907066746681435,-2.385750711870286
863,0.22104298199371897,-0.8753764912259498,0.9028532556732191,-1.3234549223025305
864,0.5269684822348211,0.4277773891462857,0.678740949062073,0.6818768909427094
865,0.11988511996761986,0.4072898224581536,0.42456735798650946,1.2845324894577528
866,-1.2722576809790382,-0.44512917314381184,1.347879663617585,-2.8050305857678848
867,0.40423754424836034,0.4355222550182134,0.5942117693180562,0.8226352990907988
868,-1.0319790935872106,0.3798398561526142,1.099663205678502,2.788911986358222
869,0.18400588323544298,-0.24860085089289896,0.30929039449994056,-0.9336187799900327
870,0.05001545072497038,1.170034583453912,1.1711031004097767,1.5280753505953164
871,0.40033703391654285,0.02776268801420656,0.40129852674893957,0.0692374383214635
872,-0.1728565167363456,-0.0640602495303142,0.1843450323391131,-2.786686997009773
873,-0.3973339697109566,0.16235193158217953,0.42922305759911367,2.7536917963526375
874,0.005354130207166463,-0.10001783299884437,0.10016103847335057,-1.5173156177054317
875,0.2614466030996141,-0.332123451010375,0.4226822837349208,-0.9039109574345975
876,0.963674090078257,-0.28968220329079486,1.0062720958029026,-0.29200884848410985
877,0.4498789270447219,0.3204898216407628,0.552362901337733,0.6189939344638358
878,-0.43701436056633725,1.0689814983797419,1.1548605955782727,1.9588776175952862
879,0.2059047267923404,-0.6234535232109693,0.6565752448269725,-1.2518100281152411
880,0.8517042505128813,0.47168429259477307,0.9735944752423056,0.5057654106558365
881,-0.7090060000016081,0.8573641989367502,1.1125479215102312,2.2617615534849733
882,-0.3349678510701324,0.20790219330717719,0.3942420363589825,2.5861180701874718
883,0.6371701985934237,0.408715519823204,0.7569902496861732,0.5703441722653116
884,-0.40806513647112297,0.2899538479707644,0.5005900414073869,2.5238160352280814
885,0.5614121481144707,0.7259043821230193,0.9176713856473389,0.9124886261166907
886,0.7973832314711728,0.17728573948824078,0.8168538738705365,0.21877586265130317
887,0.4189334783769425,0.6167360708248566,0.7455659865910507,0.9741155031902419
888,0.02527203565037439,-0.18011527447629305,0.18187959722185493,-1.4313960226693678
889,-0.24377190726855247,-0.5408456561422668,0.5932442722364092,-1.994251845672127
890,-0.8205898634008122,0.8124064638869299,1.1547172755620438,2.361205726822317
891,0.3995623018125798,-0.04006777186373256,0.401566257760648,-0.09994504056309018
892,-0.23760900110130478,-1.1290733082225302,1.1538043910234215,-1.7782156784759042
893,0.7670106314319867,1.0599760602877382,1.3083785985382097,0.9443989998283694
894,-0.16597355360053712,0.06755299134579218,0.17919438365795687,2.755057325913757
895,0.8254852880432964,0.28973885423016554,0.874856882253625,0.3375584191313498
896,-0.23195213191726793,-0.8796051169439352,0.9096740917795337,-1.8286272480177732
897,0.8952853200179902,0.7101750716731772,1.142753007725518,0.6706046535451142
898,1.4608337728152492,1.633447917611818,2.1913893792176733,0.8411252884355691
899,-0.4198597901647645,0.32410356067595103,0.5304011325780046,2.4842016586735602
900,-0.9170872778895784,0.11069673769077326,0.9237439271801989,3.021469096806973
901,0.7427592073142932,0.2094747168438289,0.7717323998945227,0.27488306583237465
902,0.4179721035115733,0.10453794105234238,0.430846678568319,0.24507979915013242
903,0.13919452911969188,0.5929660705459128,0.6090844586389584,1.3402280983945358
904,0.05992348274602932,-0.3151732375195593,0.32081925352599117,-1.3829101526395389
905,1.2958787377056922,1.30887950896431,1.8418651611408343,0.7903892842892781
906,-0.4991800019616903,0.12405259692184245,0.514363413513759,2.898014240695699
907,0.732256965832704,0.11505392207743625,0.7412406282685258,0.15584817080017932
908,-0.6845410222673536,-0.26548528364151025,0.7342198900854203,-2.7716218106179307
909,-0.30383198652029364,0.9626130249595803,1.009424445837677,1.8765324816822258
910,0.9767202414773237,0.15373230573982255,0.9887446849109247,0.15611568042812474
911,-0.9079975297205465,0.6350388302449232,1.1080315112384915,2.5312803160445525
912,0.4348204936065656,0.17160101669281858,0.4674567045088415,0.37588404363161754
913,0.5659683951792829,0.08296469855628175,0.5720169276763998,0.14555227501550388
914,0.837123343383297,1.2177374797564653,1.4777212394903367,0.9685486703636192
915,-0.4872522545371396,-0.2885675712599891,0.5662914468137537,-2.606902682886571
916,0.3666725255216363,0.6802206795001098,0.7727541095277372,1.076399369106063
917,-0.06407125251737966,1.1388184834044637,1.140619420991414,1.6269982409509616
918,1.9768787659121188,0.025013012580870964,1.9770370016548988,0.012652105095610097
919,0.09767731970478621,0.009681092833830007,0.09815590834569385,0.09879036431035358
920,0.9193962732688306,-0.28219717303704783,0.9617300825963154,-0.2978092378795744
921,0.35380703930161417,0.2825710804088999,0.4527977876964804,0.6739225589383059
922,0.6833959028583649,0.2555864519212605,0.7296262018659271,0.35788902822495905
923,-1.842331488628787,0.0829912277217204,1.8441997879492125,3.0965762378679003
924,-0.13133852275581148,-0.12196744096019074,0.1792368941207597,-2.3931727356270693
925,0.03845528951489996,0.12793195251390443,0.13358665264798977,1.2787967306670194
926,0.0047869026950309035,-0.7576422336910582,0.7576573557418865,-1.5644782537158153
927,0.2594175112368191,0.7749990659638115,0.8172643375194377,1.247786893157055
928,0.6049344142354585,-0.28496527307572705,0.6686933919110618,-0.4402353305402538
929,-0.04830053238788423,0.30736751186412903,0.3111394040916363,1.7266642849244835
930,-0.5132645264631606,-0.8855235749433632,1.0235196509622697,-2.096093489073783
931,-0.08757409533529881,-0.7354442412816979,0.7406398950962663,-1.6893147218415077
932,-0.19805039350686116,0.35254988706066115,0.40437035157724843,2.0826277180606585
933,-0.24714621832669081,-0.07711566097566447,0.25889781459274225,-2.839141092017534
