180,-0.1910122635388234,-0.5852506448563872,0.6156330092896595,-1.8862730376510275
181,0.15345439179145615,-1.336769105231042,1.3455481749310525,-1.4565016420209493
182,-0.1165166764950527,1.8773466739153264,1.8809589761508334,1.6327813694084956
183,-0.8272447748068998,-0.16076971465361112,0.8427222665831977,-2.9496418238428017
184,0.17506894531913986,0.10816390519420338,0.20578767213323687,0.5534311144937829
185,0.7339689916269663,0.32582740185802095,0.8030404575558158,0.4177907303464466
186,0.018015618955246282,-0.20877474875760527,0.20955061022374005,-1.4847174258400493
187,-0.06732006507979804,-0.7272985963758174,0.7304075844708777,-1.6630951276853712
188,-0.31873783305331926,0.28586861924799223,0.4281526289657453,2.4105056692592046
189,0.48654641926987097,0.4416922352353936,0.6571297046790469,0.7371138981806798
190,-1.082783285550022,-0.834036903323522,1.3667615737838075,-2.485243631331441
191,0.824397071075964,0.08542675642274844,0.828811354598584,0.10325479005038432
192,0.33952323147343577,0.16458567573755545,0.3773121643522138,0.4513776159348847
193,-0.3043480658576527,-0.4337844905409156,0.5299025659733455,-2.18260282891493
194,0.3009909591600035,0.5233404899773291,0.6037224742758628,1.0488612767539993
195,0.04771050057229331,0.827065086817413,0.8284400700697387,1.5131736751624414
196,-0.6026241103862731,-1.1057359841002494,1.2592886424299212,-2.0697912678655483
197,0.289060386176061,-0.30226165598134,0.4182320116069972,-0.8077194643510023
198,0.24493653379886382,0.18035140900076385,0.30417188613999613,0.6346875796416751
199,-0.3262110486681422,0.13861514560420574,0.354440131565324,2.739785752309695
200,0.10179220241900566,1.4339988024789818,1.4376071153080963,1.499930336247534
201,-0.23047976962652683,-0.6774635215522835,0.7155960782739926,-1.8987229353026776
202,-0.1763871888315407,-0.5612231491574562,0.5882889286176529,-1.8753117027950708
203,0.2334696081002221,0.040410270571896945,0.23694102193196773,0.1713877313057268
204,0.4399669287186043,0.5494843367512203,0.7039204036686321,0.8956344449980704
205,-0.4319989379321214,-0.06085245263335537,0.4362638002011806,-3.0016508874284313
206,-0.03987098918605625,0.29201091173945315,0.2947203222609213,1.7064965732103312
207,-0.053778796929577766,-0.5963424373384214,0.5987624416827778,-1.660734109610745
208,-0.029294274389599195,0.20094625694741808,0.20307031465280911,1.7155582053769385
209,0.4769973016299218,0.3957659647519449,0.6198041018081958,0.6925917974295851
210,0.1976123446739848,-0.6118716297193032,0.6429910808268695,-1.2584072639861592
211,-0.3455582518057554,0.7196657466611214,0.7983290626730052,2.0184503379652607
212,-0.09302274238973496,0.10284627148837444,0.1386743889864578,2.306082914722268
213,-0.20766114756361276,-0.7734529637797891,0.8008449534005795,-1.8330963209178568
214,-0.007993435588900866,-0.1693768426635529,0.16956535566909847,-1.6179545395629267
215,0.056363131246484954,0.8824598292871428,0.8842579673768293,1.507012488561054
216,0.48861402306056334,-0.013393322936565255,0.4887975497388585,-0.027403982363742356
217,-0.2704779300032669,-0.45164999007147344,0.5264466014235577,-2.1103817608160145
218,-0.08441008432976105,0.4640571616023976,0.47167161412473313,1.750725034373753
219,-0.7433755791528256,-0.7050928708241031,1.0245795274978775,-2.3826181227855074
220,0.6728062477549202,-0.041436822324897093,0.6740810465088305,-0.06151035340701795
221,0.20509277521739477,-0.07974165107873432,0.22004948844097647,-0.37082076719607787
222,-0.037036036948279616,-0.2247231435460435,0.22775460319837668,-1.7341354441234655
223,0.04853509657311861,0.03480313435869675,0.05972364490343375,0.622091696531844
224,-0.0701355150508789,0.5557779085272045,0.5601857496208965,1.6963262079467685
225,-0.29955843243749314,0.3319345803869851,0.4471194696063816,2.304970130300266
226,0.17742413715654948,-0.1967632555289356,0.26494358488570974,-0.837035196589403
227,0.2725066481700651,-0.06110442286166062,0.27927338539527946,-0.2205823229638941
228,-0.03944910402265123,-0.030837260737712313,0.05007163326670712,-2.478111914247591
229,-0.026438120541456556,-0.2470190588252308,0.24842984853005773,-1.6774191037220887
230,0.23287020407633463,0.7188151474640563,0.7555949630392772,1.2575017726319033
231,-0.6806010313530351,-0.21014397871641677,0.7123048895449061,-2.8421165115951026
232,0.14065397470994867,-0.6637992383184042,0.6785373750898328,-1.3619924103356413
233,0.5169867404645174,0.4640516750891379,0.6947080300163235,0.7314922400005589
234,0.1853082560440953,0.498576726530473,0.5319002744838041,1.2149443452623476
235,-0.4498456978503782,-0.11767364613518794,0.4649819769294754,-2.8857389508096976
236,-0.27457351159569043,0.5102258814880543,0.5794144142237494,2.064489240800054
237,-0.10077605619289898,-0.7912569279191644,0.797648631592801,-1.6974762920288047
238,-0.2984509630470029,-0.8131056708083975,0.8661488378127962,-1.9225795536616122
239,0.8250346379518305,0.03763055980516583,0.8258923736489872,0.04557929528301238
240,-0.013711431446836286,0.2871416003280274,0.28746878437712486,1.6185115448405725
241,-0.2106360155501079,0.6149757241410612,0.650048207696666,1.9007840103891345
242,0.3994678576593742,0.7096506861935268,0.8143578241276457,1.058097189975029
243,-0.6936473772018417,-1.0315840441780324,1.243105918295661,-2.1627645180587156
244,-0.2587334741617724,-0.5589904495761289,0.6159653670208604,-2.0042917723866074
245,0.5436013137314148,0.5501578383492074,0.7734184090048495,0.7913925782311398
246,0.007288626712806945,-0.6436859155292041,0.6437271797353505,-1.5594735449009616
247,-0.25763445143422814,1.3069134366983235,1.3320654043959097,1.765432673509773
248,0.3990451367451442,-0.024790082143908876,0.3998144186152528,-0.062043770175669394
249,-0.34118404087723775,-0.828671414136636,0.8961600651426801,-1.9613687010119225
250,0.30241419875949305,-0.30233600931228466,0.4276229766257001,-0.7852688712604153
251,-0.13840915902153483,0.09248198559754428,0.16646324807930699,2.5525443195130793
252,-0.11169045118458598,-0.7197747539907482,0.7283889437438342,-1.7247427077234032
253,-0.010351284160265095,-0.1261367466347565,0.12656076775749786,-1.6526768333079445
254,0.14998303440279415,1.3780255877846912,1.3861635658168243,1.4623839870691089
255,-0.5560766704869593,-0.3648534431772532,0.6650859331380866,-2.560926646682985
256,0.4621543778190471,0.017996870166086865,0.46250465540693264,0.038921586276484545
257,0.3842794618261678,-0.38058075780486433,0.5408441716360952,-0.7805624102813413
258,0.2094898261036633,-0.6519768752168602,0.6848064201352704,-1.2599011577871693
259,-0.4900063193861115,0.03841505808054535,0.49150982668269777,3.063355609315424
260,-0.18595150786916292,1.3246700919154364,1.337657959156251,1.7102607392634281
261,-0.8798085534068605,-0.9018057120373442,1.2598875477244205,-2.3438483603971902
262,1.2714982291087153,0.8595747653489525,1.534788755448549,0.5944589892462302
263,0.10839894800653838,-0.6491629606243237,0.6581511083143912,-1.4053402270553803
264,-0.3826434340161313,-0.08807216689024244,0.39264832124485155,-2.9153649777805
265,-0.12569348427018667,1.1331815421770557,1.1401312466197697,1.681265624469841
266,0.11942125964935713,-0.015114325233071213,0.12037391778741034,-0.1258937529573473
267,-0.4145636727303099,-1.0301953419489678,1.110479842825161,-1.9533808720709032
268,0.3905403550711526,0.7736754848142482,0.8666576744837975,1.1033274564107287
269,0.25221927745542416,0.13764638412112618,0.2873344583960595,0.49956741515432623
270,-0.13282677940026133,-0.3476855684832003,0.3721937772952845,-1.9357171540226792
271,-0.27224440935844996,0.4359834870466557,0.5140025480523347,2.1289909970851433
272,-0.05883541443711238,-0.8653977538643858,0.8673954567471003,-1.6386784256440567
273,-0.5890493133848622,0.20664353083202514,0.62424405678701,2.804197711141801
274,0.9073687286403356,0.536704738305616,1.0542153413008553,0.5341429015658619
275,0.4279563917119731,-0.3340079965221321,0.5428701639875416,-0.6627197086158735
276,-0.5264249186425332,-0.9960127556950624,1.1265720591578108,-2.0570083803073427
277,0.05409798831931312,0.6509162746052652,0.6531604618209783,1.4878763783270517
278,-0.1252228529332342,0.7908900492124076,0.8007420513748125,1.727824369907038
279,-0.1960450260505695,-0.7454617941007768,0.7708092751797408,-1.8279580320163642
280,-0.21378673251933833,-0.3336209840068136,0.39624200682281235,-2.1406819610417154
281,0.8138028163366471,0.9434484756661732,1.2459414312536061,0.8590422684649723
282,-0.7743910452940099,-0.31354080084082625,0.8354575541722368,-2.7568805313872486
283,0.4254323442844452,0.46521401568918463,0.630409993541517,0.8300345636996971
284,-0.507255578377567,-0.4229118520872248,0.660426117314425,-2.446623047582533
285,-0.5314465743238088,-0.3460235982842619,0.6341670063398914,-2.5644462084724298
286,0.8210841256901631,0.0945316031432526,0.826507934295378,0.11462555373690331
287,0.44031002707674816,-0.5212776576571514,0.6823513144391626,-0.8694020340658727
288,0.1337879672175859,0.48008001462045513,0.49837339476560166,1.2990134917901024
289,-0.49401480452070246,0.3312383826722112,0.5947852496833879,2.550938863516149
290,-0.015008209521170102,-0.3594499470457322,0.3597631314965598,-1.6125253555753392
291,-0.6794205008147856,-0.9851211479090694,1.1966937339959194,-2.1745639624161863
292,0.8043091256826074,0.8526439149247267,1.1721411243167288,0.814560779984386
293,0.3002456718600115,-0.3146313403641443,0.4349026831487795,-0.8087899056533828
294,-0.10158670934993097,-0.6395336253457344,0.6475516330489837,-1.728325202164996
295,-0.27025142746606434,0.938700680201805,0.9768289517918564,1.8511150814729465
296,-0.43472357645396187,0.4232945025193544,0.6067642242156597,2.3695140207823675
297,0.24551271897030347,-0.643546203098083,0.6887874931342397,-1.2063394532641951
298,0.302290040941557,-0.5061758619144143,0.5895704131291261,-1.0324355487133074
299,0.5581984225967744,-0.2651652225509906,0.6179790241100773,-0.44347899016405257
300,-0.47932416955472945,-0.10490328971400231,0.49066929770686785,-2.9261331611428405
301,-0.04861289489917908,1.0724006165609694,1.0735018844654283,1.6160962241198282
302,-0.24854839300871845,0.01603649302961685,0.24906519784166015,3.0771613553850696
303,-0.2743725129245149,-0.8071035535303963,0.852464909524085,-1.898487414939163
304,0.34319376284395275,0.33406708416657693,0.47893921908583564,0.7719231097125318
305,0.5335935317422127,0.9364543843069555,1.0778074368851083,1.0528772960877444
306,-0.6599311522734297,-0.6230885864973743,0.9076059234955624,-2.3849021110624182
307,0.3610730904075581,0.8428348069613776,0.9169210917205947,1.1660467113646253
308,-0.11621360105709755,-0.030557501530893205,0.12016389628531844,-2.884470339390564
309,-0.10682857889105435,-0.4990776900360743,0.5103830776579745,-1.78166619793009
310,0.139358763223413,0.36153715707041556,0.3874661028138044,1.2028853611781214
311,0.04034276713332474,-0.499105711379741,0.5007335119520672,-1.490141569428175
312,-0.40731655572210457,-0.20199561514607467,0.45465262025370473,-2.6812159668871947
313,0.25706299045850756,0.8877078596516412,0.9241788923962551,1.288925796423125
314,-0.5422624408389538,0.4232853172526916,0.6879091615513866,2.478798862965313
315,0.13540181515497807,-1.2224460477957564,1.2299219452138934,-1.4604829655581406
316,0.6442392532160284,-0.08029674703021783,0.6492239852069398,-0.12399863195910375
317,-0.3693976541003394,-0.7237864560034382,0.812601661793065,-2.0427041195989717
318,0.12507760296637116,-0.019966553688902877,0.1266612412303978,-0.15829771966878248
319,0.046390453115236596,1.6155306890879615,1.616196609798839,1.5420889125507222
320,-0.4172701491997941,-0.9552787355886494,1.0424355328177697,-1.982622942196078
321,0.049403967817283956,-0.4761199245623402,0.47867623149822236,-1.4674026381843235
322,0.5103639382588199,0.5130228118047739,0.7236461531073933,0.7879962696981035
323,0.06301202176689458,0.08649834406685386,0.10701625303410425,0.941213076921026
324,-0.4999086107845869,-0.1579861260574944,0.5242787761899484,-2.8354950677582864
325,-0.059867916963867174,0.5754215607708488,0.5785275620759587,1.674465177204809
326,-0.36110181817116427,-0.42363862066287084,0.5566544745204698,-2.276671480913984
327,0.34697216262486563,-0.3189779551166225,0.47131371451185067,-0.7433864045400063
328,0.40941160108661734,0.18387022592435187,0.448805212854953,0.4221122983315418
329,0.18544777779231936,0.2281965904779213,0.29404857114745103,0.8883793476673641
330,-0.6838669869903242,-0.6747914195020144,0.9607380057688818,-2.3628741916282667
331,0.13750593178508552,0.7342152980360765,0.7469805788280504,1.3856581624376054
332,-0.18029562648882802,0.28485892029817705,0.3371218138958708,2.1350774755318085
333,0.21666214551873964,-1.0962343286357168,1.1174400156519295,-1.3756689234689354
334,-0.010110444236829608,0.24262586161461286,0.24283642602974395,1.6124431574813158
335,0.5021384380638665,0.5484284088688582,0.743583707887449,0.8294315813731327
336,-0.950546353038817,0.1387418012639614,0.96061837203614,2.9966560714493813
337,0.6941801107755055,0.4275649902600094,0.815290038631857,0.5520490397043991
338,-0.33987836509925273,0.5665201242487115,0.6606529756546294,2.111172073966718
339,-0.04052036267603398,-0.5148368377927,0.5164289586572235,-1.649339665749441
340,0.29792079021808604,-0.5424743834954029,0.6188984197692593,-1.068576224240813
341,0.0663515699892514,-0.5811263807127034,0.5849020441067756,-1.4571111185551757
342,-0.4020936193724083,-0.3527311500834003,0.5348818028117627,-2.4214974359785963
343,0.24102516449067934,0.6849759647796532,0.7261440643863831,1.232453084670855
344,-0.8313727076177884,-0.09466654462670476,0.8367450828318578,-3.0282132354852433
345,0.7383591811415045,-0.4916194944168524,0.8870535540014676,-0.5874210854882869
346,0.14140988061205917,-0.15887371728501876,0.21269135473421785,-0.8434905372895429
347,-0.16605391535802028,-0.07541819897051028,0.18237819919519996,-2.7152689191118538
348,-0.004555724148531226,0.31420386578508896,0.3142368913682983,1.5852945727969967
349,0.0955839126935416,0.4932652930556287,0.5024409753384589,1.3793906509749563
350,-0.5115664084249829,0.24355199542782202,0.5665842962046427,2.6972548025092613
351,0.2376483062570287,-0.5466955564219802,0.5961147111742614,-1.1607388515852437
352,0.6869914688377321,0.39728703519267583,0.7935957828693466,0.5243106376218896
353,-0.26439249395059505,-0.6192791149084087,0.6733572699682966,-1.974305566074439
354,-0.47390586819426517,-0.5752578954422347,0.7453243711147444,-2.259890643839109
355,0.17054992850557937,1.4392079011960845,1.449277979194639,1.452843770315747
356,-0.10727810367416168,0.5975836526653779,0.6071365690360112,1.7484241058266385
357,0.41451705850477083,-0.5423022533728385,0.682580490348725,-0.9181646004921472
358,0.18597702454360387,-0.2513309339706211,0.31265746757216106,-0.9337462225227541
359,-0.7376607420420669,-0.22465091160336215,0.7711104994968454,-2.845971341930573
360,0.05080963980526576,-0.24141606265061455,0.2467049549621294,-1.3633587821690052
361,0.3182136237668374,0.45772285713258043,0.5574675993207452,0.9632921957383295
362,-0.25171373812599995,0.2899554959927855,0.38397134739168587,2.285711604689587
363,0.5156301846175211,-0.04472428347855839,0.5175661782046518,-0.08652059144698236
364,0.020591284553802325,0.27594929165934445,0.27671648408952726,1.4963145501505717
365,-0.21484073482963595,-0.9796427105262637,1.0029239161718015,-1.7866838054966325
366,-0.20268534320689469,0.4059887675596201,0.4537711182253405,2.0338347866067608
367,-0.301823617162313,-0.012436477686719627,0.3020797276451943,-3.10041149381889
368,-0.2400503061693371,0.25508618945451644,0.35027576784930176,2.325836671439122
369,0.39589294267887,-0.1638515324968921,0.42846067119925385,-0.3924129576297199
370,0.3657969244609376,0.4613803231528095,0.5887946947261599,0.9004416372247996
371,-0.015996277763406397,-1.6144054703357824,1.6144847176583565,-1.5807044661042826
372,-0.30454560959015,0.9430611973499481,0.9910158678183483,1.8831575874751838
373,-0.08923964921973493,0.14527454261445882,0.17049459734754513,2.1216517275322015
374,0.04757101191171387,0.04051451076685453,0.0624854123534605,0.7054592174384496
375,0.44486815295636006,-0.19237126897991175,0.4846796660101855,-0.40814124754881287
376,0.057425552317795336,-0.46239292237271457,0.46594517780462447,-1.4472368728743146
377,-0.9069830311410669,0.300434637613364,0.955447115363122,2.821721738496972
378,0.5313986687488068,0.28442489426157636,0.6027288491715931,0.49143922073994295
379,-0.14562011135706143,-0.023012538141813366,0.14742724898529236,-2.9848575203866554
380,-0.4064024036515548,-0.31426149328348174,0.5137345616702512,-2.483360150949517
381,0.5952200147016811,0.17632656285263693,0.62078814636629,0.2880015090168171
382,0.24901070504574818,-0.05349550279839832,0.25469216722748667,-0.2116157115651587
383,-0.4839681575609802,0.5393403380384143,0.7246469331808152,2.3021362737954343
384,0.10019177354195108,-0.224104108674112,0.24548124777689195,-1.150375897739973
385,-0.3929591412221498,-0.26890268386989646,0.4761570539879494,-2.541480210648069
386,0.11021062204656573,-0.64167225194808,0.6510680917784339,-1.4007006512028681
387,0.5435813566309662,1.0171342483325247,1.1532748026414745,1.0799899419062053
388,0.23050795370375,0.06583040091555858,0.23972392122062688,0.27818328318568636
389,-0.26336401544870114,0.35638267796565515,0.4431356652169125,2.207215133477595
390,-0.28109249958708915,-0.6497689399126898,0.7079637480827521,-1.979089775344254
391,-0.36613167118832735,-0.45834071424843614,0.5866247616534134,-2.2448172650782094
392,0.37949829122248957,0.37194757312033744,0.5313792903293262,0.7753502486368498
393,0.14160063200358763,-0.2603076949827141,0.2963289304995872,-1.0725913312706508
394,-0.21298947170282645,0.15779875923010422,0.265075392050657,2.5039566103494972
395,-0.0343404483296581,-0.5939302824723995,0.594922219142323,-1.628551014178172
396,0.18903478521292527,0.48566495826167966,0.5211569837427259,1.1996098205844707
397,-0.6257930840457675,-0.03868014189595215,0.626987350284361,-3.0798613929502454
398,0.3267791143806562,0.7664194157043198,0.8331766381530131,1.1677648910982812
399,0.6266684553415871,-0.29979485718234855,0.6946872024970631,-0.4462144470061697
400,-0.04282941962173936,0.5301832808175391,0.5319103970064737,1.6514035793443194
401,-0.723208008831989,-0.4029211239773076,0.8278739373756533,-2.6332915805915156
402,0.3756744486263415,0.0899041294111953,0.38628233694525904,0.23489617697287352
403,-0.733377492534828,-0.3166061582440989,0.798800354278063,-2.734052606282461
404,0.6397129444145548,-0.6042220679956358,0.8799528161807666,-0.756874767396019
405,0.3071583359790111,0.1684151433560146,0.35029973433193184,0.501537661789228
406,0.07976603643544422,-0.49447289694535357,0.5008653176075889,-1.4108588739583732
407,-0.5220217514796559,-0.05915738510856272,0.5253630223291038,-3.0287504573612316
408,0.3920205772138843,0.8005049158654742,0.8913407055014917,1.1154091973587732
409,-0.4895779713809816,-0.9717703749728912,1.0881287845363115,-2.0374793590330844
410,-0.09963359811399641,-0.2795656850795467,0.2967891947951233,-1.9131498246407845
411,1.1132161441872768,0.7629021525894473,1.3495443223935997,0.6008011595053694
412,-0.21711734301936758,-0.07556520427215219,0.22989136725088616,-2.8066662999637546
413,-0.5689719830110107,0.35876874441134987,0.6726396727951588,2.5790079265785266
414,0.16144041095469674,0.2348658329232194,0.28499993993672873,0.9685952858562515
415,-0.5957267242135913,-0.7851586961301109,0.9855782607439108,-2.219863903765696
416,0.25182673741221606,-0.3212884655401922,0.40821928392085116,-0.9060101709028808
417,0.5223943367041102,0.3218993706695983,0.6136082201682199,0.5522461563976
418,0.08570013937162457,-0.7339262616042106,0.7389128983585603,-1.4545533336612027
419,-0.41203006482260207,0.7404296133494768,0.8473516310496919,2.078596631259399
420,0.02404392815594747,0.9469662032426527,0.9472713975228922,1.545411299093873
421,-0.2036981612970976,0.33605382691371233,0.39296961141947057,2.1157237347990385
422,0.21785324226732428,-0.22036371384609765,0.30987126608711285,-0.7911269333141118
423,0.0762090140598275,-0.32032071976442467,0.32926156370637927,-1.337223987387361
424,-0.17720434902605575,-1.317584876406329,1.3294477379154208,-1.7044859078909673
425,0.11608056139846212,0.9112153318060905,0.9185793801588765,1.4440878904005217
426,0.07422864459965695,-0.09418686466972304,0.11992104550667869,-0.9033538728010243
427,-0.5812310026942669,-0.39614903203562335,0.7033942948842734,-2.5433438856693695
428,0.5524194665576942,0.8266889402817696,0.9942745450910844,0.981711263104652
429,0.045676497313593245,0.038480428044579185,0.05972508475785302,0.7000979034656998
430,-0.28175922366358463,-0.018464919996745266,0.2823636190977728,-3.0761518365972758
431,-0.02715215035834717,0.04284039344423718,0.050720198930399835,2.1356972036711754
432,0.21028394269217188,0.5455019586853496,0.5846295609047814,1.2028633744697708
433,-0.23197347168945726,-0.8827972248269589,0.9127664716288825,-1.8277581304038637
434,0.481494057472446,-0.15866965728838522,0.5069640889898345,-0.3183291291126749
435,0.282530944716882,-0.43840718831984304,0.5215597736531491,-0.9983335027403121
436,-0.43079748068578283,0.22980289335635007,0.4882579637447478,2.651555384679306
437,-0.10550799203122097,0.30675501750044987,0.32439262806691754,1.9020701020660045
438,-0.21878070247146297,0.4069542021133543,0.46203540815788524,2.0640736135345463
439,-0.3615849417370782,-0.7791129985492944,0.8589299940038647,-2.005312271004713
440,0.762542354505058,0.5107263842132284,0.9177757252976545,0.5901465327122178
441,0.21737858213930394,-0.27283873311540674,0.3488472764132096,-0.8980529669956514
442,-0.23007937238560316,-0.264354841022282,0.35045684408963834,-2.2869826102779403
443,-0.45147520179625644,1.0337084011321167,1.1279995196843338,1.9825795709155978
444,0.3544131874341474,0.04008871873622866,0.35667325775441105,0.11263420372148629
445,-0.07414799592186228,-1.1790613303034547,1.1813905137236294,-1.6336009308775579
446,0.3181822565359198,0.6831307601557342,0.7535964330098976,1.1349052016781092
447,-0.09147297779111341,-0.6006153217833798,0.607541003082859,-1.7219337034915765
448,0.13178511992543918,0.0037465004657519785,0.13183836353467934,0.028421203014686508
449,-0.20106556048074253,1.0906951806413758,1.1090731881556595,1.753095898061296
450,-0.28889018907341324,-0.3159401109138571,0.42810710695704735,-2.311501113023782
451,-0.2351003140342982,-0.6536923268558326,0.6946839683260427,-1.9160418507485664
452,0.5208582340206931,1.0031176520758436,1.1302824088931527,1.0918759096584194
453,0.33436653767694224,-0.8540413150068389,0.917162771407931,-1.1976294381734927
454,0.03695906053064846,0.4941301783740073,0.49551044926947446,1.4961391404220867
455,-0.38245185223524913,0.6880219741520932,0.7871744763356574,2.0781362784935564
456,-0.1489447351494846,-0.3376568701593783,0.36904836552215936,-1.9862350444091048
457,0.08369958954779122,-1.0155096012606464,1.0189530762223673,-1.4885609377267484
458,0.2327645948907957,0.960048295776744,0.9878623825505791,1.3329352004203008
459,-0.10208077804827553,0.11311163638043809,0.15236379993818,2.3049788751667504
460,-0.38758208044794173,-1.2685592889226314,1.326447337287179,-1.867318157391514
461,0.3550326215492987,0.45405475801726425,0.5763799837279951,0.9071799735294899
462,-0.19061255565759438,-0.10882135877068322,0.21948857487126128,-2.6228425168307226
463,-0.24345770871752848,-0.5026409613971055,0.558497620414085,-2.02185146867492
464,0.4618385973531076,0.42749652832952734,0.6293235826972355,0.7468018980125025
465,0.2744270260718622,0.1908140837122687,0.3342457287409956,0.6075768464937147
466,-0.5129402517295603,0.5834086303408412,0.7768354599273651,2.292007280585077
467,0.4725728102695257,-0.1022181282407928,0.4835014030456254,-0.2130196623537755
468,-0.326897374574628,0.13869326589338016,0.35510240143929817,2.7403391454520656
469,-0.4491110972758179,-0.3093274798941934,0.5453295036159164,-2.5384536562831466
470,0.30958745939085475,-0.41845827341336417,0.5205302312067743,-0.9338366648089588
471,0.18855910569766365,-0.33592902183067963,0.38523089705995794,-1.0593140494066566
472,-0.12003737318468666,0.24709818547188434,0.2747116383129362,2.0230099611966295
473,0.1268368555105326,0.9678612502170836,0.9761367668454948,1.440490294575904
474,0.06698059092968833,0.050262932070211264,0.08374223487335956,0.6437637134233378
475,-0.20270612763431473,-0.6112141033071339,0.6439506613569419,-1.8910266511747809
476,0.5899912223408137,0.11870287532229895,0.6018139372339167,0.19854366810744792
477,-0.13230336965216338,-0.42488596687832114,0.445008164499757,-1.8726656147639869
478,-0.1974859517783898,0.007130840217826062,0.19761465034766187,3.105500245361892
479,-0.20361830251295032,0.9749200879613795,0.9959566210578046,1.7766929746858644
480,-0.1388823281374698,0.31409990333770565,0.34343420089682375,1.9871111844152616
481,0.45975112595954215,-0.3205760654969936,0.5604820350293125,-0.6088992987473627
482,0.08076437731824626,-0.10191698916668201,0.13003829176210224,-0.900674465304905
483,-0.31572255722073805,-0.560355293137718,0.6431786592273254,-2.0838941078423328
484,0.08112887920935918,-0.7803409327121358,0.7845469178499224,-1.4672025616796853
485,-0.0017166203090255294,1.0669033105759809,1.06690469157431,1.5724052999892648
486,-0.4637547643594644,-0.18467841892697834,0.4991739174711263,-2.762617984338891
487,0.287021860856953,-0.4274657770072281,0.5148869187716671,-0.9794895481837328
488,0.30203251886109683,0.48725350528508216,0.5732709837957773,1.015896452837229
489,0.33768386370900316,-0.8237681134299919,0.8902944998782418,-1.181762556167127
490,-0.5360527441997647,0.21679420149894213,0.5782320212230228,2.7572757353236956
491,-0.05447464971575755,0.7205899906074933,0.7226461250331049,1.646250095945715
492,-0.8656118000695869,-0.7401589918657123,1.1389113756826639,-2.434162340363476
493,0.8518174341293161,0.4889359421271138,0.9821666338205448,0.521076013266323
494,0.6335078289894227,0.3473049153040506,0.7224630603603519,0.5014795297573484
495,-0.5456082656123726,-0.6107897247142091,0.8189947907776952,-2.2998881309764623
496,0.15852046633256123,0.06283149594412407,0.1705184304668242,0.3773662787188123
497,-0.27342695812546935,0.7964936732234378,0.8421190372594076,1.9014794348823154
498,-0.43707231206803954,-0.28908297589811127,0.5240240194214476,-2.557239742154947
499,0.7076342860256091,0.6727614069758943,0.976398583302515,0.760140577298154
500,0.2567739189612439,-0.5545354173467558,0.6110993164377262,-1.1371486737474081
501,-0.5328191499563673,-0.9275785003434294,1.0697187110916548,-2.0921942129790385
502,0.25637293343902456,0.976175905131754,1.009280178523253,1.3139665190984533
503,-0.4885794239671668,-0.4907291148593913,0.6924773770274161,-2.353999382772941
504,0.015153971786958209,-0.3256511896499319,0.3260035892154193,-1.5242955060313645
505,0.6167926877961918,-0.04833941347936843,0.6186840216252395,-0.0782123513778251
506,0.3614930841928299,1.390110926259581,1.4363445398738823,1.3163849804557408
507,-0.4877108669760446,-0.24466832373678926,0.5456413459468549,-2.6766125367752767
508,0.27297380889558553,0.32067813595955386,0.42112844504433294,0.8655832666445024
509,-0.3147265085850677,0.3940561144502226,0.5043143826441534,2.244734616637306
510,-0.3874147665832197,-1.0716999396435085,1.1395749040754761,-1.9176752462646405
511,0.6781699714732667,0.17001754955191473,0.6991569761961108,0.24563784658323276
512,-0.030190625462068965,-0.14079377084249245,0.14399430465764682,-1.7820290818914446
513,-0.23795337099795688,-0.3188837746321269,0.3978802187756064,-2.211865625990962
514,0.2887501343902841,0.10421609914345709,0.3069814903721167,0.34637101685189375
515,-0.779695455929982,0.204724616657586,0.8061247872776635,2.8848188598243287
516,-0.12355023441784851,-0.16072161202112056,0.20272172304756322,-2.226172220688893
517,0.7446570009755078,0.04460922008587431,0.7459919782534578,0.05983422119832034
518,0.28461720094639986,0.19776302920234912,0.34657923595312595,0.6072535593130188
519,-0.20914123616444158,-0.1121680104285474,0.23732197375693945,-2.6493078178194893
520,0.019773309604829592,0.017103303197643527,0.026143962075381184,0.7131205012259911
521,-0.40833384366760583,0.13228854747046626,0.4292281301082288,2.8282912351146936
522,-0.5748856662085018,-0.48379877252699544,0.7513686056195191,-2.4420209426256587
523,0.8797410867279041,0.05088284231351281,0.8812113499717849,0.057774062744556307
524,0.2039367930701701,-0.04212131588167267,0.20824125628546575,-0.2036770304103313
525,-0.14596114112100622,0.3098191464766842,0.3424800114472192,2.0110719156621903
526,0.13837729911540464,1.0815603767578068,1.090376598007754,1.443545376210838
527,-1.0380335282817441,-1.0567191688719504,1.481272766136768,-2.3472745136087045
528,0.5288465159484304,-0.4139680743843428,0.6716012239716915,-0.6641495752456464
529,0.47450099975446847,-0.3011250207928242,0.561985299554596,-0.5654829661789559
530,-0.024273754593650665,-0.24954594335866886,0.25072373842307144,-1.667762954768199
531,-0.2147284352006409,0.5882284905141546,0.6261957025852833,1.920808739878751
532,0.10289508034304617,0.48004833116903,0.490951930250786,1.3596480623704417
533,-0.31049935777673454,-0.28167259727371174,0.41922464530926995,-2.40483580490122
534,0.31508175009878414,0.09786004340588761,0.32992892771127974,0.30114038642446755
535,0.1939240358351526,0.06458191850180128,0.20439509747537207,0.32147472982055203
536,-0.06326075877279891,-0.8279069496213651,0.8303203242314763,-1.6470586061069579
537,-0.09270446190464554,0.8635340666682509,0.8684959421630231,1.67774145764266
538,0.0026114376481700674,0.6800669418335588,0.6800719557380963,1.5669563742077361
539,-0.3708751778273154,-0.8380591341100967,0.9164559508202279,-1.9874297111594321
540,-0.33316962915876047,-0.5606095709125043,0.6521388600539675,-2.107013267065097
541,0.7640346056916769,0.4513330370543258,0.8873840144104004,0.5335704668963384
542,0.38326934722988426,-0.5045567622546514,0.6336189066488771,-0.921169383267052
543,-0.8544958812642562,0.37410836440363937,0.9328023796144305,2.7289205496062534
544,0.3865822623905615,0.29664274770698285,0.48728099220280857,0.654511078822475
545,-0.4037857862659848,-0.60978386102164,0.7313544409880194,-2.155685325497364
546,0.6058553508269142,0.6940184609222229,0.9212612714243741,0.8531188094660535
547,0.031865617457697226,0.026856160602733326,0.04167338405121552,0.7002958779787145
548,0.27416372941479494,-0.5989622798092,0.6587272297095842,-1.141531754737646
549,-0.46475605034163436,-0.054286188168021,0.4679157793395832,-3.0253137938284342
550,-0.41797917645828875,0.373469084547537,0.5605227462516795,2.4123741009429964
551,-0.43322948802097017,-0.6574702439557996,0.7873721553231423,-2.1534264128713763
552,0.7655396640514027,1.0065257090404884,1.2645730426493333,0.9205606365219079
553,0.21629940093782807,0.625162513763712,0.6615236953136499,1.2376991720623909
554,-0.3322906586786303,-1.5158568015399396,1.5518501617810831,-1.7865927821646146
555,0.026026319805623643,0.48444947411593375,0.4851480828508234,1.517124426442986
556,-0.12079806940619164,0.2239202947251897,0.25442576906060227,2.0655184222749052
557,-0.3548104928858038,-1.22285071164373,1.2732848655463724,-1.8531923775498986
558,0.1453611020997414,0.41648850586756225,0.4411264280491998,1.2349984985048261
559,0.7246308545757074,-0.149919624889435,0.7399768708075334,-0.20401268586921958
560,-0.10706902403660479,0.15100635984691735,0.18511265927096326,2.187561358730815
561,-0.3540059033568923,0.7669771368784382,0.8447331579296363,2.0032217895915174
562,0.12185648703928109,0.1790927039203325,0.21661763554948696,0.9733392833717007
563,-0.4947999032521011,-1.1314884301601182,1.23494656234369,-1.983038896666043
564,0.45436442696961876,0.4539064679378271,0.6422445905815196,0.7848939537001534
565,0.3142462139632016,-0.04373442336714106,0.31727493247570415,-0.1382842321605769
566,-0.3477523827142477,0.2743598576307704,0.4429503935686402,2.4736248373236434
567,0.1949276493129446,0.39268025132491857,0.43840000940610335,1.110030467281165
568,0.18538964700883298,0.3057795077793912,0.3575897490083664,1.0257680316688518
569,-1.164846999933843,-0.18593243341570087,1.1795928971686624,-2.9833083004665304
570,0.7823756894750886,0.44945144787214986,0.9022850566622458,0.52143596172969
571,0.5499281188032228,-0.3006141219021856,0.6267294361504601,-0.5002618780624024
572,-0.6245259936823686,-0.9573506721233116,1.1430455048684223,-2.14882053661799
573,0.27038616965523943,1.0293907793356993,1.064309192538611,1.3139325118230865
574,-0.030503083439157308,0.005810771151345762,0.031051620902450568,2.953350268113291
575,-0.42722041329466265,-0.8259182650235743,0.929870024269636,-2.048162065278471
576,0.13412567303043943,0.2247089157152118,0.2616940827909078,1.0326694579867894
577,0.36533687272401494,0.043978252403576334,0.3679743432037562,0.11980081583504516
578,-0.16971730439752264,-1.1371794348807498,1.1497743389585902,-1.718946911511787
579,-0.0017353123970451634,0.9734504531657535,0.9734519998837776,1.5725789656063967
580,0.18382788728729338,0.42158151399740973,0.459917019786024,1.1596090269881911
581,-0.39765531171269686,-0.14603337984272002,0.4236218773406424,-2.789646016164408
582,0.3935325531909939,-0.10314441206548963,0.40682507317194444,-0.2563329615525374
583,0.1644347965001316,-0.6677752979649085,0.6877228008959438,-1.329357054491188
584,-0.6347103901408673,-0.065205472022285,0.6380509642140045,-3.0392191584633426
585,0.5002893529405128,0.5896762317478874,0.773309443207585,0.8672239527050121
586,-0.15419061402428724,-0.036470858909012804,0.15844516086882504,-2.9093303207872827
587,-0.6175144857886607,-1.3766449299242822,1.5087993250412945,-1.9924561156325922
588,0.8600161679451048,0.9468813659971147,1.2791450779327358,0.8334354040880171
589,0.2926010118242175,-0.5844316823624922,0.6535868293269141,-1.1066216155075341
590,-0.8654525714299552,0.3176005055030373,0.9218884067448222,2.7898750270060484
591,0.25300488715311076,0.7959290961034071,0.8351733945399272,1.263023407939529
592,0.1354823143261683,0.21584603670220304,0.25484302826489774,1.0102718953451777
593,-0.350526749687333,-0.524980885549553,0.631247916779738,-2.159510037734189
594,0.0018086775518213472,0.24515649476734325,0.24516316656687412,1.563418815791631
595,0.530479880775033,-0.2380228514654732,0.5814325255150833,-0.4217668726470338
596,-0.4745350084020856,-0.30442788173922963,0.5637905722689959,-2.5711956414017183
597,0.32001844202227403,1.0585926714268794,1.105906979466655,1.277225691371762
598,-0.12993193767465527,-0.0034223870317759975,0.12997700243075994,-3.1152588979894413
599,-0.6009534693475871,-0.243479425392934,0.6484036573852546,-2.756650050445677
600,0.8771877922683871,-0.04114431310620148,0.8781521948988501,-0.04687044201971909
601,-0.04837732050827981,0.2585998342486846,0.263085992430247,1.7557327694580624
602,-0.08152052471723437,-0.8692732956126292,0.8730874288497199,-1.664302932085069
603,-0.4278172552177466,0.8375132545591555,0.9404552383948506,2.043061222364627
604,0.2615678981559313,-0.09546888603915704,0.2784458179741064,-0.3499633957250432
605,-0.29483916414915257,-0.16676110744265316,0.3387320470101272,-2.6268512209033306
606,0.17810421592685088,0.0768786541336226,0.19398824498488432,0.4074896015102416
607,0.29567629025984843,-0.6654616568042115,0.7281920662149736,-1.1526779690092757
608,-0.5217213766716213,0.4910103846335119,0.7164386873236823,2.3865101023436694
609,0.3674217347438571,0.001090748940271169,0.3674233537697842,0.0029686478314086837
610,-0.34536470952093623,-0.3256618181857789,0.47469190261320865,-2.3855483699516373
611,0.26012896137069674,-0.27135712733587525,0.37590127307549237,-0.8065210041402503
612,-0.08582049578899387,0.5692822496910139,0.575714718685158,1.7204217452322768
613,0.339420309046659,0.068037787228036,0.3461723366824926,0.19783100821976557
614,-0.5425713038523554,-0.8440600364527882,1.003404686505264,-2.1421013470645565
615,-0.03113640163405762,1.2739762341962546,1.2743566693840416,1.5952317938408809
616,-0.029908127076964774,-1.0270256388550933,1.0274610255046002,-1.599909209496991
617,0.2528980293280938,0.007512457688960694,0.25300958530965145,0.0296967484276726
618,0.5891105066699538,0.03981801801285201,0.5904546245287622,0.06748742064932872
619,-0.008025286128940934,0.35827527850318575,0.3583651495388282,1.5931923579621534
620,-0.2112096693534795,0.20313953600333434,0.29304469883629714,2.3756686753412906
621,-0.39404243280375795,0.3727147522036489,0.5423889060076096,2.3840027496693525
622,-0.3189913461344531,-0.2801980892475626,0.42457796472103393,-2.4208471493157506
623,0.5230179359216436,0.00023017535062308525,0.5230179865706615,0.00044009071191291043
624,-0.1271463712092782,-0.27579968518477926,0.3036966678442668,-2.002768231670685
625,0.51829484591849,-0.4927555782674631,0.7151486609225897,-0.7601434014830124
626,-0.3429686597462478,0.4262953434237602,0.5471336412549672,2.2482951712548527
627,-0.8379080960648935,-0.36479449135492814,0.9138736227586369,-2.7309769874771113
628,0.08473658112689009,-0.19831569613171496,0.21566038930058698,-1.1669950168894256
629,0.5697539471692608,-0.20806827313612075,0.6065574718036207,-0.3501422436029895
630,0.24664307335808644,1.3010734408515532,1.3242450317538754,1.3834504835142938
631,-0.05284909731653897,-0.9001043598822207,0.9016545268372778,-1.6294434066602697
632,-0.01668501563301561,0.22943557936275738,0.23004146327172872,1.6433905417406756
633,-0.39660789116010164,-0.006488584471924241,0.39666096487921815,-3.1252339128629734
634,-0.0974266166704183,-0.5669966418701051,0.5753061250567569,-1.740963829787603
635,0.9049557536533257,0.23270574594039317,0.934396532669045,0.25169291317056
636,0.016304050904864198,-0.2455508029891007,0.24609148486792579,-1.504495772616221
637,-0.30251984353435546,-0.764891422408482,0.8225430954096701,-1.947423360107311
638,-0.25760007971348386,1.2480412513494912,1.2743487615791829,1.774341445655137
639,-0.03974552183490232,-0.22476317088813857,0.22825027818957697,-1.7458198670531253
640,-0.4201875112319158,-0.43345059273138986,0.6036861443949699,-2.340658615743203
641,0.9330737560048874,0.5930088664327968,1.1055705087478496,0.5661451846226487
642,-0.2437071569612499,0.3513278014006005,0.42757970296906644,2.1772643998996144
643,-0.47097982127047544,-0.498789347407012,0.6860122485281746,-2.3275259081742314
644,0.07369684901755136,0.6900715813841884,0.6939956865782311,1.464403638276884
645,-0.14705550293740544,0.09539666035249184,0.17528788820275618,2.566123457517732
646,-0.007212469401565613,-1.1526626697031475,1.1526852345033556,-1.5770534698982024
647,0.11946533258992531,0.5388881911346175,0.5519714197629815,1.35263601271437
648,0.5852409135464995,-0.26732278559967426,0.6434037601611532,-0.428472819915681
649,-0.34896304869346295,-0.7899656652390945,0.8636092644304375,-1.986763870450286
650,-0.07921963124044851,0.679774849320836,0.6843753325062483,1.6868110562319198
651,-0.3536877873904132,0.4056191289843696,0.5381653358840244,2.287907746870495
652,-0.08966779423496973,-0.28824053187321397,0.3018657276630094,-1.8723931108793035
653,0.5622716513749992,0.06369668544374463,0.5658680744453499,0.11280362962607206
654,0.5048535691159941,0.07090537039812261,0.5098084912988924,0.13953471254263206
655,-0.35697356232367383,0.033589353557943014,0.3585503714549664,3.0477740941103346
656,0.05673376656784512,0.5601535502590309,0.5630192893114511,1.46985800840109
657,-0.9479085676707655,-0.46978085925252344,1.057934170156008,-2.6814734608905373
658,0.3746764240382845,-0.5798051148191803,0.6903306409979201,-0.9970893630579463
659,0.7375758991491921,0.6546777837617697,0.9862155989219403,0.7259259866414226
660,-0.30218432305787246,-0.174613107449602,0.3490058773074615,-2.6176293415545717
661,-0.1579753287630865,-0.003216786805751326,0.15800807642383008,-3.1212328775160287
662,0.2930360116023394,0.23608231410372582,0.37630434906917654,0.6781721352946848
663,-0.906087367565874,-0.05104106303497247,0.9075238331736503,-3.085320842110596
664,0.10151414814856707,-0.5489051633525719,0.5582132214749511,-1.3879232322796544
665,1.0947822430819087,0.9784819978872861,1.4683239356344193,0.729361655209319
666,-0.1825908076906444,-0.9806334674453865,0.9974875440460816,-1.7548850339988968
667,-0.4508067427924516,0.7871382496257411,0.9070905927034052,2.0909124957291434
668,0.4709395741084563,-0.24361514601048384,0.5302192205372827,-0.47738845338198554
669,-1.1139025904751634,-0.12823166617749848,1.1212592658604597,-3.0269779035576976
670,0.5381094194813159,0.08364519251864522,0.5445716349260215,0.1542086055825924
671,0.26088219412008584,-0.6984803228817782,0.7456100057415694,-1.2133416325235795
672,0.052914521799721115,0.320784267349552,0.3251191978279382,1.4073148722473445
673,-0.04867500375826239,0.6454552018271897,0.6472879371320348,1.6460657588835148
674,-0.02401844629491734,0.11942455542435937,0.12181588648746809,1.7692668045022648
675,-0.3827973385007226,-0.6478503887519196,0.7524918129582874,-2.1044778085280966
676,0.323585621027064,-0.11427024594826207,0.3431695546585492,-0.3394672594865557
677,0.1610740409500977,0.7178499880602089,0.7356992945667652,1.3500682936910744
678,0.44317199812030594,-0.5215288221925221,0.6843929662814074,-0.8664442099929729
679,-0.7654551214325238,-0.33887834867090305,0.8371141368566164,-2.724813551879043
680,0.3766862286682908,1.415973019053979,1.4652208384940408,1.3107917738405919
681,-0.3463354771346303,-0.008007395414836083,0.3464280316363004,-3.1184764278041173
682,-0.04605068820546876,-1.2139813194074236,1.2148544397393402,-1.6087117528223558
683,0.47359863319877604,0.8663032180031109,0.9873079210106107,1.0704985322135367
684,-0.4783847759094897,-0.5426501059341149,0.7234093801522612,-2.2933360438505392
685,0.14016192450856124,0.8905382676371687,0.9015008437090634,1.4146868307564127
686,-1.055127105378574,-1.848568415724344,2.128496745620763,-2.089453881222674
687,-0.21183631434973904,-0.44853810507697744,0.49604541705707467,-2.0120243944924967
688,0.85214157546568,0.8824766781414155,1.2267478763383446,0.8028844377964122
689,0.47623616202952235,-0.6311265240361763,0.7906462997868235,-0.9243697398177105
690,0.37031155109741576,0.4898539991295934,0.6140745763662828,0.923489740409236
691,-0.7479035794270885,-0.4945402966773145,0.8966213633176144,-2.5573596132003025
692,0.5405080179461947,0.816647878563515,0.9793174536514773,0.9861275646873652
693,-0.6781423958783535,-1.0434588702836436,1.244461137625941,-2.1471002186314863
694,0.053629546416004814,-0.11374837238258806,0.1257569897400313,-1.1302277664560643
695,0.8555458422210904,0.42000155301269615,0.9530792163691703,0.45635442241192936
696,-0.23054643747718728,0.23337702725444842,0.328049533887104,2.3500931504926172
697,-0.23864187671244963,0.7238952519015811,0.7622166890369781,1.8892404457450231
698,0.3153427803284785,-0.02172076133530254,0.31608995646537114,-0.06877122054335615
699,-0.7035302514366322,-0.8538480455196122,1.106350441552835,-2.2599727846701376
700,0.35141277549951155,0.40733456982218286,0.5379706223916813,0.8589679304711595
701,0.39318441058344433,0.33465849901409683,0.5163238244437485,0.7051607120121667
702,-0.5196847216695915,-0.4740048556819261,0.7033866739900922,-2.4021321052254567
703,0.2771534965157798,0.4479827591364369,0.526785167895241,1.0167618720161373
704,-0.3760945949491088,0.4006380615109606,0.5495070524399068,2.3246066552676643
705,0.21638480848048403,-0.40086691848563305,0.45553997813287794,-1.0758240158716172
706,0.21569175163415366,0.15679194628881987,0.2666582947220011,0.6285694828882818
707,0.4280050007943146,-0.395688042841698,0.5828870456210489,-0.7461840515305884
708,-0.2953846639452422,0.4664677711031686,0.5521270516574983,2.1352969808369036
709,-0.25037552776848315,-0.03896546450744154,0.2533894479445172,-2.9872030602681447
710,0.03480807568507771,-0.3305599626996809,0.3323875615496352,-1.4658826159034295
711,-1.24067556778391,-0.4548588850898341,1.3214281932216727,-2.790187285130304
712,0.9272536801606748,0.18209420653505504,0.9449643842098739,0.19391251363975642
713,0.8554817021072267,0.009261296942554509,0.8555318312379359,0.010825404145660404
714,-0.6399419000100579,-0.2285243304678488,0.6795211586141093,-2.7986052287602616
715,0.19503936453384085,0.4903080621006666,0.5276763681260281,1.1921970649173683
716,-0.15110649549455957,0.8777666083144027,0.8906780516283184,1.7412742137583719
717,-0.5662724660541016,-1.0014271694371928,1.150443775896059,-2.0854356193075465
718,0.265842476286025,-0.30186487234226433,0.40223702384551485,-0.848765615038638
719,0.5627205115996503,0.3556507036687435,0.665688964303183,0.563631594954503
720,0.2495091838090957,-1.0992242284636973,1.1271862034494087,-1.3475918046175637
721,-0.1164128244196263,1.380583802776755,1.3854831583887552,1.6549187775532337
722,-0.6069213559728723,-0.07569175413021867,0.6116230652773483,-3.017519002641059
723,-0.45777251951983544,-0.7893536920063298,0.9124883181233401,-2.0963302352846718
724,0.5478564506070143,0.4150870646271869,0.6873455911639575,0.6483833612036233
725,0.6523593482494334,0.2692389816687637,0.7057353246780682,0.3914199474111245
726,-0.14988454137301233,-0.7703975455540899,0.7848425026324481,-1.7629506782261735
727,-0.009678406211719448,0.5258279607033955,0.5259170236874737,1.5892002805600194
728,-0.16689560607733256,0.33979651384800036,0.3785707518432644,2.0273496870276415
729,-0.15853908561052776,-0.2926103517000911,0.33279942846746785,-2.067329551411615
730,-0.12735458551014744,-0.39832379008112184,0.4181877953683621,-1.8802509612467657
731,0.5002215407290578,0.731928162092629,0.8865328106018672,0.9712780629406907
732,-0.3713004075873414,-0.5302720985300198,0.6473426381399242,-2.1816614218681933
733,0.35254685540257924,1.2889072719445949,1.3362526860313153,1.303803015318397
734,-0.17126227994958754,-0.10203863594807672,0.19935559124257093,-2.6042646573093697
735,-0.28993450399150333,-0.6998134594560383,0.757496465101077,-1.963571365714999
736,0.24142839109129,0.17675138731095785,0.29921350394204654,0.6319508224470798
737,0.3051102172347555,-0.3547929492710864,0.467942604935173,-0.8605443072719887
738,-0.4854252981655236,-0.586259582200114,0.7611425739114451,-2.2623811872809556
739,0.2774353773617122,0.5353661945858335,0.6029820485861516,1.0926822693469544
740,-0.4149973898801136,-0.5227280221958495,0.6674334564554668,-2.2418109129932735
741,-0.23714565772149854,-0.20768010411063642,0.3152286291242706,-2.422338523816267
742,0.25409913638486614,-0.0958686013938177,0.271582694302751,-0.360775237578036
743,0.501948102987626,0.06700026946282378,0.5063999745270209,0.13269609759143922
744,-0.3427125830634168,-0.10585604332243292,0.3586884671938591,-2.842011826800297
745,0.19723205323759885,0.0028821761472386243,0.19725311090997458,0.014612082416106849
746,-0.3706220634009014,0.9373306495139673,1.0079431831198709,1.9473323140318253
747,0.1671631803907303,-0.1406633872375096,0.2184713193704689,-0.6995231195505183
748,-0.026771966192882246,-0.3657477180163937,0.36672623496012974,-1.6438639192011293
749,0.33976387311702183,-0.02088312638932166,0.3404050446795289,-0.06138642216634255
750,-0.7221319470194203,-0.9505556641450994,1.1937464636782762,-2.2204731238220563
751,0.5913351440605084,0.8874235237694279,1.0663947501466848,0.9830126122692046
752,-0.8391634125611063,-0.18456556937303503,0.8592203922039992,-2.925099615301786
753,0.8087363153279057,0.8557930144972374,1.177470216775111,0.8136609090869233
754,0.09300247427188424,-0.4764440019802123,0.48543624426242943,-1.3780191596012676
755,-0.08261076574274284,-0.5639379315440465,0.5699566029539266,-1.7162508853769647
756,-0.25458986434216513,-0.17856197658898054,0.3109668447103737,-2.529947071559545
757,0.09837252330419233,0.8799842551924826,0.885465664341595,1.4594695746654118
758,-0.4298521119816314,-0.3516741338649467,0.5553805313519097,-2.455895262431824
759,0.2794164977553919,0.01842146438832515,0.2800230875626138,0.06583306288688404
760,0.5320031290400493,0.15281269429351596,0.5535151749009659,0.27970985642339813
761,-0.47193195047066183,-0.7099759133979546,0.8525171924837077,-2.1574468631444756
762,-0.6033131322492409,0.5244683299785606,0.7994083841785063,2.425992342147062
763,0.3284777821195348,0.043187910923506934,0.3313047675420705,0.13072909034604502
764,-0.4424859695559462,-0.3111933836781873,0.5409576280069865,-2.5286659385069394
765,1.0022778466492355,-0.056671016086738746,1.0038787207367887,-0.05648208130568246
766,-0.06733329011944988,-0.005692736193793735,0.06757350962975163,-3.0572475958422975
767,0.10935396792456231,-0.6250673595600347,0.6345608672839823,-1.3976016069105914
768,-0.49923731835065155,1.147401427413115,1.2513064914974283,1.981192735103618
769,0.3218899229525505,0.07815459161713534,0.3312420001890462,0.238189970817377
770,-0.36748720872230933,-0.19066551676530707,0.41400505776849605,-2.6629902093041604
771,0.3864132798045148,-0.09146682033127718,0.3970911759669262,-0.2324292344699095
772,-0.15097503731396955,0.7113593042676598,0.7272039065214952,1.7799277457115306
773,-0.2754308717908316,-1.7047512649130567,1.7268581413532857,-1.7309787141379747
774,-1.6842261709435888,-1.1676469878707394,2.0493943698504964,-2.5353883350968323
775,2.1439561175160406,2.9024716231954812,3.608446945333888,0.9345887472231352
776,-0.8644109079014015,-1.2140307691617522,1.4903277915178261,-2.1895421411635643
777,0.7745684775358086,1.0344835853506424,1.2923283695532108,0.928096383801956
778,0.7171392948536095,0.0646662062833343,0.720048947265539,0.0899292346538955
779,-0.462596251310174,-0.5787625359472486,0.7409192700573497,-2.245101181139243
780,-0.40039672701880136,0.5677700338370073,0.694752006352371,2.1850099383902712
781,-0.15441389750401413,-0.37995723356397093,0.4101355276978162,-1.9568061091566706
782,-0.4264417775010543,-0.401203295614323,0.5855054858923634,-2.3866793730789873
783,0.5488917548078689,0.3796569332087074,0.6673990900724263,0.6051195833801709
784,0.3819929165593976,0.3685145157068632,0.5307744686665127,0.7674410433186047
785,-0.3277903543589673,-0.8372843325986992,0.8991615928330271,-1.9439470174986122
786,-0.07976973406380239,0.19962461214618088,0.21497254765928347,1.9509567015556433
787,-0.32600342203068067,0.5464775250267166,0.6363300374295086,2.1086782434981655
788,-0.20840827313236332,-0.8079311473355233,0.8343780600812253,-1.8232460580516838
789,0.643362505802429,0.7156442836511019,0.9623211805810362,0.8385353037400938
790,0.27568381735056846,-0.25993020282822954,0.3789000890621513,-0.7559943883464189
791,-0.4248773601074163,-0.08970379102743209,0.4342436427358958,-2.9335197092278085
792,0.11628531720157298,-0.15141768048425774,0.19091775443866718,-0.9158887739075858
793,-0.35735593507013164,0.7611422738227134,0.840857196752135,2.009747211082777
794,-0.2780938864412974,-1.2559336153593676,1.2863535501041996,-1.7887045169622893
795,0.5813157185215232,0.2215488999545414,0.6221027886702183,0.3641221001299725
796,0.36500713958741926,0.827013602792988,0.9039810347316075,1.1551542407189495
797,-0.3390819387348074,0.48685077511629515,0.5932960798854928,2.1791561196757896
798,0.3661085045374648,0.11066873752918127,0.3824696152127142,0.29355087370533756
799,-0.7482940312689834,0.30793815323488616,0.8091785114858764,2.7511946375620178
800,-0.5005791516006184,-0.9979248008491481,1.116437815181395,-2.0357391862768397
801,0.9159286315164081,-0.11759929705362993,0.9234472657921664,-0.1276948948517352
802,0.547962268454171,-0.1403469892941871,0.5656500022570349,-0.25073527194376816
803,-0.6923053129211212,-0.3613279831527052,0.7809254495199994,-2.6605632210961963
804,0.1354097527802196,-0.2846573232215519,0.3152230841985708,-1.126781980999437
805,-0.5007686611108966,0.6119237927721315,0.790708530440535,2.2566273797172762
806,-0.07678477619435853,-0.3471630301847881,0.3555531906512749,-1.788469837377013
807,0.38513942893678177,0.3523207467347902,0.5219792029396483,0.7409251956677801
808,0.8208008092396994,0.28825406134359355,0.8699450398327595,0.33773133299964486
809,-0.32119975245359456,-0.3157222317987589,0.4503885085437235,-2.3647942649803504
810,0.03950263760123107,0.7704152373948432,0.7714273111496681,1.5195667148050582
811,-1.3193516731215595,-0.6805410957923641,1.4845285515714846,-2.66537341248341
812,0.44456992099298986,-0.379333856984033,0.5844113189407748,-0.7063837844818346
813,0.5571863562324779,0.7702269008407256,0.9506345850800585,0.9445340892262185
814,0.14922705622268495,-0.3169062949369277,0.35028319126035634,-1.1307091699623375
815,-0.26563078162416787,-0.16244577370969182,0.3113652863477346,-2.592725765289612
816,-0.1758460967640758,1.0199630521603353,1.0350103755612248,1.7415223960681343
817,-0.1791375820802159,-0.6567378079139985,0.6807310934996507,-1.8370870254380036
818,0.012267984326513215,-0.6001928811578523,0.6003182472922169,-1.5503591029740438
819,0.4692186509772682,-0.021493196582810015,0.46971065553622987,-0.04577435899778957
820,0.37046139961728386,-0.6270549592653083,0.7283128246472215,-1.0371721532872895
821,-0.2482684857783397,0.5617133983744793,0.6141328707568714,1.98696440850857
822,-0.1838683289720393,0.3935257013619662,0.434361646593478,2.0078887218846826
823,-0.26477735041771666,0.38697300191176964,0.4688871394086564,2.170857715521942
824,-0.029721487261440416,-0.2797870945540808,0.28136130701296885,-1.6766283701549152
825,0.5769564557465401,0.6615176084493442,0.8777723498243432,0.8535708565243506
826,0.12562430069033326,-0.1761882812331237,0.21638802038887817,-0.9513909729923774
827,-0.7538432335502421,-0.2616675781853246,0.7979658778687581,-2.807493513754011
828,0.5913826445681707,0.3690525075443247,0.6970890801190313,0.5579160822796204
829,-0.5315547750341238,-0.16051054586336022,0.5552604021492366,-2.8483347586711165
830,0.20317812593577855,0.04263599257677697,0.20760341693185608,0.20684410757449426
831,0.35107393028295064,0.06100860492307447,0.3563354520658559,0.17205884639088861
832,-0.5664169501966398,-0.11900316535866295,0.5787831328187131,-2.9345064365407056
833,0.4187125899242119,0.07216504758588371,0.42488589886475886,0.17067310324726323
834,0.14522447392516824,-0.06678505078303942,0.15984489618043807,-0.4310352586041178
835,-0.5893735757905461,-0.26572605934842386,0.6465071928888159,-2.718022245421411
836,0.624926609177578,0.24128156328066552,0.6698880948616323,0.36846286760370245
837,-0.3177168703529105,0.04978603313907115,0.32159393464829655,2.986157282114478
838,0.4192075598656402,-0.5939474657208166,0.7269859491659277,-0.9561889733195769
839,-0.18190693631049726,0.12210668793727564,0.21908942630095712,2.55041740245945
840,-0.49389919640566404,-0.1906481593636613,0.5294177338160413,-2.7732077850981143
841,-0.49463098450689813,-0.5270416362419041,0.7227950588976152,-2.3244819969634065
842,0.5544752340661034,0.086720657575313,0.5612158743682817,0.1551444505672649
843,0.8368408116456294,0.029957424664871724,0.8373768514404176,0.03578295552626602
844,-0.5062785062966668,0.17136554993538766,0.5344942260143153,2.815216562092462
845,-0.07855078401155424,0.32220876643049223,0.33164546557052355,1.8099203594114575
846,0.30373043912106823,0.7964741681368537,0.8524220082552831,1.2064756525895095
847,-0.616357853901377,0.06403974527887613,0.6196757967205871,3.038063860931441
848,0.021888296251177053,-0.8025542517524968,0.8028526792125622,-1.5435297942841646
849,0.5856679928815538,-0.1278037855669254,0.5994504195437221,-0.21485073239151464
850,0.2729382400556233,0.22662832759425555,0.35476144344168836,0.6929621534501317
851,-0.4501595819455133,0.2678869913049198,0.5238388008994385,2.604788766299679
852,0.11540197818567322,0.8492459829687959,0.8570509647376888,1.435736012017283
853,-0.3533845198835479,-1.2675392163470178,1.315878521699833,-1.8426879609372273
854,-0.10266545033005059,0.04471500199383627,0.1119804719349801,2.7308277589217704
855,0.42568232583084864,-0.2604265268909671,0.49902647067390365,-0.549040702196174
856,0.16544248491629787,-0.4040872873445096,0.43664373533662854,-1.1821934666405784
857,-0.060702252139890334,0.9937278107353222,0.9955800948410285,1.631805909203724
858,-0.3911719891556231,-0.33010123992278295,0.5118421179411925,-2.4406637728791893
859,-0.5046032461535788,-0.4187506329494113,0.6557259554297525,-2.4489070337886694
860,0.6796869719261167,0.3268447411752504,0.754189541587531,0.44823120411532147
861,0.4774111935007568,0.36652059460533337,0.6018793848850982,0.654749047339144
862,0.20565666680943195,0.44094434022645146,0.48654555365444074,1.1343877455121942
863,-0.30029367463635026,0.04511400307859503,0.3036635709142236,2.9924748947858832
864,-0.2621101929894394,-0.676968359622208,0.7259393316238929,-1.940204396709776
865,-0.6679738884298558,-0.7021483201554588,0.9691240266969106,-2.3312570451019843
866,0.393548032591184,0.42727853149153816,0.5809018827908522,0.8264683883622186
867,0.48085792411291095,0.8891487807784415,1.010846129508328,1.075038433394114
868,-0.3478439550395933,-0.4353481960649219,0.5572463269278393,-2.2449282618265385
869,0.42194855560455835,0.38361971355652713,0.5702671901889192,0.737854138616142
870,-0.2797588951544867,0.16400240665166166,0.32428664604882523,2.611361416679953
871,-0.09870390481353297,-0.8023447044415093,0.8083931503734875,-1.6932006462622482
872,0.08422098168216507,0.00951434251635419,0.08475668981871631,0.11249187075731797
873,0.4248191296311461,0.2587090242518002,0.4973948654036178,0.5470008764646266
874,-0.4814141857574441,-0.23226683559124695,0.5345161374215696,-2.692068933626536
875,0.33744681608482097,1.5392736018313826,1.575827901447598,1.3549856358863988
876,-0.16503571280247797,0.05812716804535967,0.17497300981921604,2.802950698275986
877,-0.26621201168325115,-1.0446186357931992,1.0780059969271452,-1.8203263280213162
878,-0.21582098373494318,-0.5793894608249275,0.6182805547122753,-1.9273710062921616
879,0.6728116196195515,0.03805241510315227,0.6738868315898944,0.0564971212773071
880,-0.5097046881290908,-0.22941217409373849,0.5589533207014602,-2.7186652057037817
881,0.19757695791292917,0.23789734029196552,0.3092439147600461,0.8777245111611655
882,0.04164497171939274,0.7952812229260644,0.7963708477890722,1.5184790230572918
883,-0.28910777558155587,-0.5752018743673375,0.6437705353442432,-2.036537474014732
884,0.12015001423151261,-0.06570572933111407,0.1369425747777743,-0.5004324220788932
885,0.7121156152750245,-0.7168736732704133,1.010453617414843,-0.7887278177552217
886,-0.5220675020377712,0.5654945027666258,0.7696353093142437,2.3162850948404805
887,-0.6259476761143787,0.812269855936222,1.0254719947885667,2.2273612817467296
888,0.13295789564313054,-0.5438188170192007,0.5598363222925183,-1.3310108680947625
889,0.44052526010659676,-0.7875495966472954,0.9023839936364687,-1.060793880649749
890,-0.33600981670065266,-0.13172103439569582,0.36090584342938853,-2.767988416673294
891,0.9889771638257798,0.4105743933033068,1.070816120071631,0.39349856821912355
892,-0.5107707497304546,-1.0415907421309498,1.1600853558566773,-2.026714863853614
893,-0.09650970794120894,0.9993154101952086,1.0039648463868223,1.6670735680122613
894,-0.2788531179069196,0.18570491992943516,0.3350304145184558,2.5540796949614903
895,0.3750442303091859,-0.14981049022298976,0.40385809100358777,-0.38003001636423533
896,0.10890730898211132,0.10308145703510263,0.1499552891171391,0.7579231888779646
897,-0.28240411508147645,-0.2569195564161646,0.381784942977104,-2.4034121775219783
898,0.0015936257466364623,0.20550710598854494,0.20551328486209203,1.5630418805605062
899,-0.8648306371875378,0.4511923585075692,0.9754519851811393,2.66072684708379
900,0.1347267754387076,-0.25947120362650367,0.2923638307511695,-1.0918786521010446
901,0.5577022062467449,0.25311444093119917,0.6124529949803498,0.42605289715793515
902,0.2660806737740131,-0.35329026074930425,0.4422815091051673,-0.9252820586161905
903,0.09246891968541604,0.04646077530446746,0.1034848044385268,0.46560367233710065
904,-0.43344751575932605,0.5267515075265123,0.6821611976647343,2.2593270971519064
905,0.19713044283753334,-0.25631290261605955,0.32335230869871895,-0.9151823974922951
906,-0.2894302016441088,-0.1769326505196318,0.3392270691493408,-2.592895753815384
907,0.3175582128374117,0.20918232323231223,0.3802636754849961,0.5824816975064491
908,0.11304919508779676,-0.07242827095865323,0.13426084665329213,-0.5697949007143466
909,-0.43544279593959345,-0.4349861250640856,0.6154862772913453,-2.356719140537235
910,0.12097718485290443,-0.36344140240942124,0.383047167122093,-1.249466681532787
911,0.03916348786628987,0.43185794547713385,0.43363010026240584,1.4803576644843692
912,-0.8123473749809591,-0.5464461595889816,0.9790360886954075,-2.5494416316980324
913,1.4211658263882327,0.2154180119830471,1.437399466390772,0.1504332357974252
914,-0.5458742265967658,0.507889986795135,0.7456077453657383,2.39222513230265
915,0.4511546981657375,-0.22299238031536106,0.5032555646545086,-0.45905337368695504
916,-0.5780597673524426,0.406802497566332,0.7068531436286929,2.5283625143926893
917,0.049454215146283786,0.49150087708920864,0.49398262274618154,1.470515065447202
918,-0.6912415393991296,-0.5990909974053125,0.914726674456895,-2.4274895657451743
919,0.902941891524847,0.32684594647906806,0.9602772163288403,0.347306366827924
920,0.3501763167057561,-0.5419873296743845,0.6452702676469604,-0.9971698548191735
921,-0.376537695947718,0.3708123649533377,0.528471802910906,2.363855182676554
922,0.07345761032001974,0.022881004082819345,0.07693868248004944,0.3019606525263357
923,-0.7232322730839087,0.33079794456870104,0.7952937828004157,2.7126116688331816
924,0.19574335288371003,-0.9636170173358778,0.9832971149644699,-1.3703891558350452
925,0.9134654735269123,0.4002896500718407,0.997321901534496,0.41300617003437273
926,-0.004263675523020538,-0.3491683299300803,0.3491943607149563,-1.5830066656533246
927,-0.21763352666425817,0.1918214165496579,0.290103098527816,2.4191513523712134
928,-0.24242419228153267,0.4552194474596831,0.5157462887397763,2.0601385882258594
929,-0.714479747960695,-0.11863680901308271,0.7242623852574321,-2.9770475136458687
930,0.7126046277010119,-0.4942453094811299,0.8672276410291565,-0.6064013812873988
931,0.09206695380964902,-0.6596325423709573,0.6660265872610198,-1.432119110857923
932,0.1105226612334036,0.3682624369238283,0.3844898972602405,1.279230095219309
933,0.0196721304246239,-0.2005298801568074,0.20149249502437294,-1.4730084773115957
934,-0.11320480806466549,0.5407253359097126,0.5524483844339028,1.7771729081698249
935,-0.689670757132717,0.3152246374500578,0.7582956714234464,2.7128786998480794
936,0.1488079823878934,-0.7358189764626104,0.7507152467779239,-1.3712531359501257
937,0.9855356740948764,0.48028275703728696,1.0963357567921335,0.4534616891514233
938,-0.325233767022155,0.4027355336071423,0.5176610022410912,2.250131046568229
939,-0.3152107744535897,-0.6033010887585419,0.6806835065056842,-2.05226320166992
940,0.19843434009874272,1.2762452255125822,1.2915796773618287,1.4165484666930122
941,-0.2332635379354997,-0.5622858621383102,0.6087505801975134,-1.9640373787408945
942,0.2633873647944256,-0.36880154646826213,0.4531969600634293,-0.950622812380569
943,0.4698500711087945,-0.9623526379077703,1.070925622538271,-1.1166084364927642
944,-0.17131500452842374,1.1669797894949738,1.1794874564260136,1.7165572196894614
945,-0.699180827610121,-0.6795684728587048,0.9750216095046744,-2.3704182740924837
946,0.473776277426623,0.963888624306378,1.0740322346742999,1.1139509053447394
947,-0.8347491677175185,-0.47343162144790085,0.959658102238437,-2.6256745771740087
948,0.2461162401692718,-0.1181460599597699,0.2730049361441588,-0.44755387141009206
949,0.6862683989933203,0.06732509416804078,0.6895628932603541,0.09779023619408955
950,-0.035745804602015596,-0.13323043408774993,0.13794241955923406,-1.8329235478909989
951,-0.21303960082877893,0.262692097668662,0.33822035671858564,2.252200214188877
952,-0.1260907396338098,-0.11215223859619528,0.16875129404996908,-2.414633275843521
953,-0.4958277602368071,-0.3384342418431743,0.6003190017594086,-2.5426647168449925
954,0.3059295765013985,-0.6330719440381927,0.7031166276704183,-1.1206414102257136
955,0.7578952032229154,-0.21459166677976782,0.7876894835654613,-0.27591953296084504
956,0.433841993432452,-0.03049281166380524,0.4349122748654124,-0.07017012732254274
957,-0.7649331250719342,0.7757600091875361,1.0894614622312078,2.3491673245225955
958,-0.13596538343824704,0.38835055621382253,0.4114641418217326,1.9075690700151628
959,-0.39413359353250144,-0.4422176892848029,0.5923662501081857,-2.2987650077111237
960,0.21173317916043288,-0.6448486882151769,0.6787199495006895,-1.2535414994819978
961,0.3976615388088476,0.7916850605846548,0.8859457853620328,1.1053122943704479
962,-0.03166747083378141,-0.21915411656942752,0.22143024978158388,-1.7143016733152305
963,-0.26633310047293435,0.8735838344924787,0.9132809186083484,1.8667187681763258
964,-0.055842979921521874,-0.48896739118026744,0.49214586053745507,-1.6845095862138029
965,-0.2967529702656293,-0.3734321980038544,0.4769842050502966,-2.2422748782637525
966,0.5283823371552216,0.3913245239785965,0.6575125681572098,0.6374634945773924
967,0.5431607462460306,-0.011709675711017553,0.5432869525101832,-0.02155505937600801
968,-0.45573969942745407,0.07891105485327898,0.46252094894424334,2.9701431604841817
969,-0.017728841604821355,0.8157695918694685,0.8159622165538843,1.5925255643293288
970,0.07829092124916315,0.11820801948289272,0.14178365286629702,0.9858126057116032
971,-0.42025015460671966,-0.8987213111740857,0.9921240787348322,-2.008197003650449
972,0.378812503897052,0.36165142620251345,0.5237276650923322,0.7622261959362404
973,-0.15412313149136025,-0.1639398593716237,0.22501159337129917,-2.3253401851386797
974,0.6235396158330104,-0.5176714396901616,0.8104229586975328,-0.6928946467071132
975,-0.44608462743428845,0.2630307243081802,0.5178577572686093,2.6088233248664183
976,0.20227990339196822,0.5003043804040885,0.5396495458793447,1.1865768033774675
977,-0.42859406055163163,-0.14900398867382592,0.4537566058812206,-2.8070061140737006
978,0.12396511343877137,-0.18711596764228489,0.22445430425054463,-0.9856809734885182
979,0.5811349603635563,-0.17600642311367665,0.6072035104757075,-0.29408470776552414
980,-0.09836412643232961,-0.6041378194149161,0.6120931352467572,-1.7321974136778873
981,-0.6312329711521443,0.8266005254010906,1.0400593696818095,2.2229759545721524
982,0.17893776748724122,0.6265318400057822,0.651583357042174,1.292601927037164
983,0.005654716390381509,-0.6230518930609037,0.6230775531699336,-1.5617207406360483
984,-0.38885515216713884,-0.5087101768756384,0.6403080301103306,-2.223446309340835
985,0.8445824775041046,0.1961307539309587,0.8670564191242099,0.22817785976509533
986,-0.8468198018325666,0.4518369119149952,0.9598230939837958,2.6514517601705303
987,0.5362038532468887,0.287448982627609,0.608392545853792,0.49209448457518656
988,0.002317324213777283,0.39317097018204095,0.3931777992020901,1.5649024598600372
989,-0.8205829097466903,-1.1073424872301985,1.3782466019524615,-2.2085370669896203
990,0.31820170365961076,0.9383188116949555,0.9908049841379039,1.243847773484209
991,0.2714679499566728,-1.0577888805081557,1.0920678383600424,-1.3195807319421557
992,0.18896008657270613,0.21732233436637216,0.28798422063025236,0.8550942855577333
993,-0.14696067348427277,0.9613139266220969,0.9724823417772404,1.722496621335644
994,-0.056521275498425894,0.1306103396828462,0.14231554875008362,1.9792106874632878
995,-0.015326956926969615,-0.7284015071407453,0.7285627434981494,-1.591835129314522
996,-0.05022862162320507,0.6038024527047696,0.6058880394284596,1.6537924087625169
997,0.6408042313731812,-0.6081467117244301,0.8834435386186322,-0.7592561599344996
998,-0.7274575345115863,0.323636573231056,0.7962004119883489,2.7229986294071216
999,0.22248273455727485,-0.2824895550119777,0.35958158443800764,-0.9036754201391618
1000,-0.8313577519296587,-0.676720086221394,1.0719635193368415,-2.4583769393622825
1001,0.8054308841467446,-0.14603015647873008,0.8185619803891512,-0.17935851010319426
1002,0.00823135998791713,0.22156534101463876,0.22171818966017165,1.5336624676340347
1003,-0.2342688399421604,-1.1696771269409396,1.1929067317509179,-1.7684659565816891
1004,0.5836206357793117,0.22448546631767385,0.6253053422891184,0.3671977023914166
1005,-0.4155571161207945,1.583586472043521,1.637203051303618,1.8274252957619108
1006,-0.02181181369371643,-0.31776464020714457,0.3185123573467526,-1.6393302382483055
1007,-0.059104890482899464,-0.5446485933101712,0.5478462177233168,-1.678892633005277
1008,0.5234438491021365,0.4820646345266937,0.7116036642852641,0.7442688442827118
1009,-0.43555327144974854,-0.315254571104731,0.537672853018456,-2.515069795614521
1010,0.1383309760578868,-0.6543783649042894,0.6688396694215579,-1.3624703870143962
1011,-0.4404468704849478,1.1008848031632965,1.185723743355034,1.9513754874577482
1012,0.16669692846994622,-0.44946668946266755,0.4793831149486227,-1.2156450930046703
1013,0.4712446694445589,0.08831839868315683,0.4794493487594582,0.18526599739310898
1014,0.043795760897864966,0.2523457286694111,0.2561180107886187,1.3989534579215113
1015,-0.27185100306462573,-0.3637021785512502,0.4540729484897428,-2.2126666293273263
1016,-0.5811376802337236,-0.3713044931060949,0.689628907448207,-2.5730411173815217
1017,0.7390490775130729,1.0211946273149692,1.2605681281985053,0.9443340064333505
1018,-0.8384224028648077,0.4655895203534328,0.9590233193663945,2.634677091976472
1019,0.7570461269639281,-0.959052969945617,1.221843458677335,-0.902571758746321
1020,-0.14237999891952313,0.4800357754258471,0.5007059114700142,1.859133601196197
1021,-0.17497005499683382,-0.4952152585695444,0.5252167861613867,-1.9104268395705137
1022,0.32743057324671554,0.7209151975995951,0.7917887991293738,1.1444656473912225
1023,-0.7404728006235928,0.1047313075014813,0.7478426406900831,3.0010862167012595
1024,0.46038481495475025,0.3167714178978258,0.5588365673771882,0.6026660998921608
1025,0.2932062546550469,0.4298766499712201,0.5203497304307163,0.9722050921175942
1026,-0.16673966073437896,0.29130723286544935,0.3356516324726292,2.0906625499303937
1027,0.1813451646262365,0.31985977539943633,0.367690555565267,1.0550313062300396
1028,-0.19014413305546896,0.07449075605399003,0.20421474989067498,2.768210344668009
1029,-0.04169131169112461,-0.2844677695813971,0.2875066562727571,-1.716319305808975
1030,-0.8221269250460637,-0.06547586057280341,0.8247301190107253,-3.0621183675030452
1031,0.2704307279124123,0.6871482275103631,0.7384480111489711,1.1958581667954928
1032,-0.17496258811979715,0.21412513007203415,0.2765166876880007,2.2558801187883626
1033,0.2535175217510641,0.27237969314165866,0.37210459694922526,0.8212494455309673
