180,1.0876918777788092,0.30267426917339435,1.1290196341098946,0.2714056752851009
181,0.5988661897442284,-0.10588185142370321,0.6081543222568441,-0.17499538295013575
182,-0.30191982035833576,0.20439919512878646,0.3646019869590749,2.5464714689992585
183,-1.0453728177838286,0.2735771841481096,1.080577995263512,2.88563010742841
184,0.38762415309821563,-0.3117900035085768,0.4974590338439812,-0.6773948323792329
185,0.2891800017369235,-0.04746039437245031,0.29304873730926667,-0.16267040177712355
186,0.459922623175828,-0.4739015859215385,0.6603874108793141,-0.8003666323820948
187,0.42153039094839073,0.8449286168444701,0.9442416205907324,1.1080333656146215
188,-0.13926967206748486,0.4042529799951353,0.427570477690792,1.9025729870395953
189,-0.9735710766376826,-0.3375723031027036,1.0304347146168553,-2.8078284346527096
190,-0.5883147821003547,0.305855723844104,0.663070137048856,2.6621642988561547
191,0.15594022594004286,0.4071781014371538,0.4360176147315573,1.2050497185002174
192,1.2957447731885452,-0.008785534407849127,1.2957745571125658,-0.006780193107908443
193,-0.2120068870583225,-0.3351019385858791,0.3965352814115972,-2.1348877621837667
194,-0.8719674527820303,0.2752241493821117,0.9143716810544217,2.8358535218322545
195,-1.7741038189705023,-0.374893334459415,1.8132813826617808,-2.933342098128469
196,-0.3945782857355482,-0.2933699040548703,0.4916888489473477,-2.502262992146206
197,0.8445321095908582,-0.2732367312111137,0.8876332550174761,-0.31290739615134916
198,0.7005483987715024,-0.009576451392092622,0.7006138504501471,-0.013669084060065307
199,-0.06433527569652142,0.16883933694012399,0.1806813476740976,1.9348555959514295
200,0.06187071146595713,-0.3180567508057095,0.32401864401665054,-1.378668502593098
201,-1.1770283304673512,0.2635584459029019,1.206175254732708,2.9213078142216475
202,0.35627170402509023,0.2844873426360408,0.45591948325231463,0.6738331578131903
203,0.4675451667080779,0.12245453448778676,0.48331521383948267,0.25615584382933904
204,-0.06104699574891015,-0.7080339795187882,0.7106608557133137,-1.6568040538035447
205,0.19054483710863224,0.14860489810595823,0.2416417817552201,0.6623607875429587
206,-1.130413727380727,0.20656734802450671,1.149132396341112,2.9608507937630906
207,-1.1550321416925442,0.3991608520594099,1.2220591778468257,2.808857140392517
208,0.049713538314364314,-0.23174609265068113,0.2370183270352566,-1.3594816175833717
209,1.2461942380226958,-0.44091503872247984,1.3218949089290772,-0.34006431462583514
210,0.3136727474567067,-0.9333756834371343,0.9846729197702029,-1.2465913616837752
211,-0.01805737020973197,0.6586242669266369,0.6588717580861553,1.5982062609490277
212,-0.727337714388625,-0.5846617739544797,0.9331931958044208,-2.464515777854505
213,-0.9771582274644288,0.151848270969964,0.9888862921984468,2.987427877654689
214,-0.20165455018357648,0.9533769683260687,0.9744702157297299,1.7792401132276423
215,0.10071604563754022,0.13175274016506933,0.16583879639537716,0.9181223719804591
216,0.5454524375484198,0.37635700988546716,0.6626937154654798,0.6039765544871739
217,0.8822917679252953,0.0014577574965102258,0.8822929722068865,0.0016522382084913777
218,-0.5722737352893148,0.6511452254590893,0.8668836904338164,2.2918154855297175
219,-1.7860578240344864,-0.22636923568802558,1.800345961658699,-3.0155224454359844
220,0.17528028410970364,0.6875942318395118,0.7095836847451799,1.321194152698056
221,0.2845306892125734,-0.33787722179590673,0.44172245823854417,-0.8708991237163138
222,1.333725441776437,-0.07509150541555698,1.335837672858243,-0.05624269348468044
223,0.5102335984756223,0.11657868809085414,0.523382188778303,0.22462523784475372
224,-0.5416622026849609,-0.4773234999122167,0.7219665264996512,-2.419250731167756
225,-1.383347699514843,0.5500605451094174,1.4886965644613672,2.7631310485551537
226,-0.3266096830300569,0.501154726871988,0.5981888876560071,2.148375708741142
227,0.5355743651766716,-0.5492735128072468,0.7671644494539664,-0.7980252052406601
228,0.6346305217516033,0.6519413195129999,0.9098260181084423,0.7988523310475373
229,0.1459620169735274,0.13133653241330023,0.19635222215531498,0.7327042510899086
230,-0.7182117453515389,0.022195359163532657,0.7185546222308377,3.1106988432746157
231,-1.4074289667484265,-0.07093221838023567,1.40921526959045,-3.0912368236229457
232,-0.6224334936291882,0.1617451650872681,0.6431057085896099,2.887356340615673
233,0.7642628121419364,0.11611072212716067,0.773032564524931,0.15077217519520492
234,0.9952997217021391,-0.4978222815444866,1.112856037420166,-0.4637861873539724
235,0.30279200707420273,0.5811969681827378,0.6553418309346889,1.090505919358618
236,-0.3612070619289227,0.003937441733654623,0.3612285219009298,3.1306922969761315
237,-0.7371541285887133,-0.33306419315827895,0.8089054123070019,-2.717222623501934
238,0.8545309803195096,0.27698631646305216,0.8983009606104138,0.313452426534855
239,0.0070720803914241515,0.09236403501108725,0.09263438500142437,1.4943779611927428
240,0.5844444816610235,0.2531191225011469,0.6369023805260685,0.4087059172088545
241,0.17063262474061958,-0.36014821496959826,0.398525067431976,-1.128340235399085
242,-0.11922597339955132,0.6120324126304837,0.6235370933981083,1.763190165295509
243,-0.9928585585746532,-0.5276079724371527,1.1243390458016573,-2.6531394210986883
244,-0.42291443687994956,-0.16699440050255987,0.45469082981812403,-2.7655202277505637
245,0.6495637279552966,0.05378525885130614,0.651786691138201,0.08261366675112593
246,0.5535048681867067,0.49891288447278725,0.7451722655865155,0.7335716932452838
247,0.8538059495997175,-0.4181621501553394,0.9507072017158658,-0.45542413142864485
248,-0.05988555904389159,-0.027823234911025452,0.06603342019699972,-2.7066583665587203
249,-0.07474195966830166,-0.18235218633142836,0.1970753165541286,-1.959788219315928
250,-0.6825398364075852,0.13360380039954123,0.6954930652166803,2.948291710959628
251,0.7020286047918489,-0.3217056777200895,0.7722296970612643,-0.4296946694890263
252,-0.2974443533411488,0.004618467252157643,0.29748020702946515,3.126066737248813
253,0.39685270928256955,0.7163312885807187,0.8189154949472067,1.06488175840803
254,-0.6865702758940984,0.20180566391594823,0.7156146097794923,2.8557111621881597
255,-1.3111606088908445,0.18458292133651355,1.3240894974117616,3.001733485330675
256,0.1620129392087506,-0.017048041110285794,0.1629074221045693,-0.1048406003957362
257,0.7090088135908275,-0.11960838876935043,0.7190268871283415,-0.16712448378055955
258,0.8959745924353228,-0.32169759446264834,0.95197679203471,-0.3447122611026039
259,0.538133231206217,0.32008526513453717,0.6261325350791882,0.5365921657227096
260,0.46275874038568077,-0.2637457103713814,0.5326419543583161,-0.5180248619759231
261,-1.105317472433569,0.0027165073452408706,1.1053208105699859,3.1391349869522527
262,-0.6599042662695638,-0.4882331241192759,0.8208807612120287,-2.504616363897837
263,0.10934672263144307,-0.05304588224218776,0.12153423950924198,-0.45166994452897746
264,-0.2270318658834185,-0.13656020762149979,0.2649380275312203,-2.6000691944515584
265,-0.2775714682469186,0.06496128509377286,0.2850717252653875,2.9116959106308533
266,-0.6603861072076143,0.43441053939314145,0.7904570369910479,2.5597446119879925
267,-0.5703220965581863,-0.5905973384277843,0.8210191897760417,-2.3387314516848794
268,-0.33560253982008703,-0.25165994685646353,0.4194780013129308,-2.4981715642654967
269,0.9505620295917367,-0.44764134413969714,1.0506906990569378,-0.4401164645698703
270,0.3458778433904399,-0.07127340245189373,0.3531449850210127,-0.20322066562857333
271,0.5861460768225584,0.2951318903735256,0.6562545665288183,0.46645367799881604
272,0.012142866611895897,-0.720712861177546,0.7208151479237093,-1.5539495096125073
273,-1.0148599412831345,-0.14259271353881786,1.0248284648542754,-3.0020016305755717
274,-0.4291526810730488,0.004143429793245446,0.4291726828243353,3.131938045249232
275,0.6922262284750786,-0.17584722061612013,0.7142124308546066,-0.24876933888265687
276,0.06601953003686845,0.20703925660987466,0.21731045102308932,1.262114711028749
277,1.003315230068523,0.41957990141092694,1.087514939922876,0.3960913792388071
278,-0.4484170593088095,-0.07062756211207954,0.45394505351314934,-2.985371854396949
279,-0.5195933531229002,-0.3107261856884804,0.6054155722163174,-2.602631769552801
280,-0.47825119714269704,0.7062407496287619,0.8529362250512159,2.166041231428136
281,0.23988507905258416,-0.20803351863384023,0.31752605566668207,-0.7144075069606923
282,0.3574727897619425,0.054299578917280655,0.36157328398373123,0.15074614774471573
283,0.57842970273731,0.2657276987088437,0.6365470374370388,0.43063926550758574
284,-0.086456624289724,0.7882555111288525,0.7929826597779948,1.6800406207710743
285,-0.9128854469255714,0.175226519145383,0.9295505216072484,2.9519512708357256
286,-0.11127214330551283,-0.4453700465355013,0.4590598743375826,-1.815626278805681
287,-0.5866819608650076,-0.6841309512650895,0.9012385265196371,-2.2796618595328737
288,1.1958150702764954,0.8022361550679307,1.439984906448174,0.5909067872520026
289,0.5084416007325387,0.13303461186575305,0.5255578648538503,0.2559145552075526
290,0.019868610163513267,0.4299923149581133,0.43045110360279826,1.5246222738627768
291,-0.6429214405019366,0.32332279864334623,0.7196426966069002,2.6756307085434154
292,-0.5851149070006443,0.6871307145224392,0.9025010101016455,2.2761800648306263
293,0.13596273858789232,-0.17090711897843391,0.2183921005939274,-0.8987833666970815
294,-0.14515134523932716,-0.07916125342147495,0.16533425860373077,-2.64231075219576
295,0.9714136533166595,-0.5099730200833079,1.0971403588706912,-0.48343154910717784
296,-0.2658013742853029,0.20726344390840268,0.33705860878002697,2.479310530075786
297,-1.0968873724033301,-0.811004417506183,1.364144447246121,-2.504930235648777
298,0.4511660000339077,0.8460675166774791,0.9588435755447248,1.0809034245262765
299,0.028901928132313515,-0.2994454690961703,0.30083701635934185,-1.4745762077570548
300,0.07861439124994263,0.011258327600216944,0.07941644950482779,0.14224234676573522
301,0.9833627967817336,0.5512396333392218,1.1273276025443326,0.5109190050141365
302,-0.2117495772117195,-0.26730193308172545,0.3410105671068995,-2.2407469195520946
303,-1.2915414493254787,0.025542192208064307,1.2917939924417328,3.1218187136504367
304,-0.5168946625688591,-0.10796396328385072,0.528049533244876,-2.9356826521745827
305,0.6454016530780962,-0.154092822555981,0.6635419291643959,-0.23436738292670858
306,1.1717692299162934,-0.11434939785560516,1.1773355141881021,-0.09727893833530318
307,0.2514545619694104,0.3086182280598564,0.39808869291407106,0.8871106611333591
308,-0.02057240501483193,0.463093523573761,0.4635502512393406,1.6151910049621705
309,-1.5178563364425486,-0.233544182358429,1.5357183150539888,-2.988925418673325
310,-0.38703293893146906,0.2915971009176559,0.4845857664867096,2.495908405528367
311,0.587494969288457,-0.04519539845627207,0.5892308231761695,-0.07677777605702982
312,0.9243651729419469,-0.29684956070495616,0.9708607699555692,-0.31073565923992735
313,-0.3628381582899465,0.647016176496578,0.7418095859177686,2.0818834443722354
314,0.19980457098685633,-0.4936174987590931,0.5325223954618482,-1.1861794064411184
315,-0.7556299418059496,0.530449863740543,0.9232300184114592,2.529527756262141
316,-0.34283972364767124,0.6137338317358427,0.7029994966768975,2.0802281805831506
317,0.16962225933841069,-0.543830819422709,0.5696697912098221,-1.2684557800303449
318,1.1550855334035077,0.044354259166581755,1.1559368018124012,0.03838025596636311
319,-0.5829714201837248,-0.19640686951940722,0.6151677292783184,-2.8166296903103354
320,0.36041479966027623,-0.21821920224573432,0.42132938188894653,-0.5444295270158367
321,-1.2401791763197991,-0.1771805560380244,1.252771862237973,-2.9996860356769437
322,0.14192416842107036,0.01941688623544735,0.14324623922844415,0.13596756797018508
323,0.9747401224448993,0.16932603068308083,0.9893379660008934,0.17199763298264364
324,0.7944502249522998,0.5025461256653188,0.9400551943093459,0.5640250714000772
325,0.439525166410192,0.20044323344750126,0.48307335027177445,0.42786952513658194
326,-0.30497547229239785,-0.2963793944648643,0.42526554546933465,-2.370488034464323
327,-1.5718980653383028,-0.7735786999997316,1.7519382217725528,-2.6842605843245484
328,-0.029211316270675525,-0.1310081030426602,0.13422527355569705,-1.7901809440847496
329,-0.21191194655369827,-0.3882196898594259,0.44229085530533674,-2.0704521981360737
330,1.4090551256969945,-0.17965813204187953,1.4204623865705668,-0.12681828736683848
331,0.6055327366603365,-0.47804183262078936,0.7714881002988959,-0.6682789116158567
332,0.10137277851976023,0.18426389298454637,0.21030839850713695,1.0678379692027529
333,-0.14407465612853798,-0.22911485220917882,0.27064944493087423,-2.132146197108689
334,-0.6620454511232481,0.3784817051817697,0.7625959483961904,2.6222529667435
335,0.7345178628929148,-0.06923136200364866,0.7377733204675099,-0.09397652228844036
336,0.7414344730596838,-0.04437585502013519,0.7427612633612896,-0.05978003819689345
337,0.9597977268821865,0.49505633699094176,1.0799502087240416,0.4762015327771756
338,-1.037712226887237,-0.5563136565813664,1.1774258152130854,-2.6494867185481277
339,-0.5044109900797196,-0.29360000708228995,0.5836363688735681,-2.6144650130523988
340,-0.15113823868338727,0.12033368296371805,0.19319151753617225,2.4691835417894055
341,0.2572231886189229,0.18839512713046247,0.31883615336060794,0.6321539354340159
342,0.8608010384252793,-0.038933793100184744,0.8616810709300786,-0.04519891889975569
343,0.0994155574132094,-0.4428002953469985,0.45382326363372805,-1.3499430267821306
344,0.22727139778302785,0.23624678098825314,0.3278182877411858,0.8047593494254222
345,-1.3782394681700794,-0.32573251189930374,1.416208212421455,-2.9095116164184542
346,-0.5422002717850205,0.2703187717793156,0.6058492990010205,2.679098587995011
347,0.5577239847412443,-0.19549061338716456,0.5909929128831762,-0.33713352845052347
348,0.8014222098873063,-0.36993774258378664,0.8826842537899051,-0.4324597923669685
349,-0.332571148309313,-0.04278839638958232,0.33531241485123553,-3.0136362188281876
350,0.6042976934852788,0.6279990124735804,0.8715265125166417,0.8046292438238355
351,-0.42366004976454974,-0.601301744229545,0.7355621152424816,-2.1845838026069226
352,-0.1981403864959077,0.37194398186198896,0.42142844992252154,2.060272647862459
353,-0.4867292810957906,-0.2198540005817904,0.5340797455884683,-2.7173286627581965
354,0.8259131783761404,-0.2219720498094233,0.8552217075776173,-0.2625553035063675
355,0.18565717746398036,0.2496650599717185,0.31112895994197276,0.9313877253863639
356,0.10859594160061192,-0.05060553761644826,0.11980817572091346,-0.43607827972809676
357,-1.004608112304311,-0.21949637278869716,1.0283074039289155,-2.9264835251150276
358,-1.0530040019411615,-0.1648443832966393,1.0658288318527283,-2.986306220063273
359,0.08696209210020811,0.2901761327052128,0.302926713008606,1.279626468201916
360,0.26145914686532024,0.08087565265978469,0.27368185302041353,0.29998904184781255
361,0.48280549934392525,0.2691445414976954,0.5527566683584574,0.5085522754947281
362,-0.25962374588687,0.2636826433579813,0.3700446268176075,2.3484383913490205
363,-0.9571637188322484,-0.8438983244696061,1.2760590764895599,-2.418999894248733
364,-0.5641214652950453,0.37962741044000836,0.6799632330972135,2.549250373689612
365,0.3209510126487203,0.03223254045153112,0.3225654804597023,0.10009261945135901
366,0.734340022461879,-0.5521268222769464,0.918748766783908,-0.6446956079263269
367,0.09047694566905307,0.3198809135775491,0.33243025820284205,1.2951507475997335
368,-0.3660682234141177,0.1830774381152196,0.4092960939715898,2.677850364189697
369,0.10450681697548703,-0.17841631525213586,0.2067705403158232,-1.0409229181916073
370,-1.4232565343390036,-0.043091532521629006,1.423908719937389,-3.1113251848107
371,-0.24700078007302295,0.6246160821033442,0.6716804563025587,1.947369093728978
372,0.30153454507697575,-0.32196953395072114,0.44112068945723154,-0.8181608628507444
373,1.6067878914667233,0.006913818208843736,1.6068027660687865,0.004302855141450662
374,-0.7316237696712733,-0.5287360999948874,0.9026822274675668,-2.515801229269436
375,-0.7809639728571653,0.28770658490249446,0.8322738767359598,2.7886214143413226
376,-0.6864184737897574,0.2815180880218833,0.7419048153525873,2.752387528600894
377,0.44583277183050996,-0.3664481802328794,0.5771058215215511,-0.6879770808604793
378,0.3468283564145054,0.5912482074001559,0.6854665211132379,1.040285322383263
379,0.7786414630642753,0.2056083404927449,0.8053305642300282,0.2581675373206105
380,0.28913435657327113,0.758673282777167,0.8119013647918832,1.2066838982506245
381,-0.9138727153610375,-0.24478527582088816,0.9460883527134578,-2.879881253053325
382,-0.6627557412703879,1.1004684284313129,1.2846306607585485,2.1128676833029796
383,-0.14941654487427058,0.18240156886730574,0.23578726896806662,2.2571130582358414
384,-0.20667402380010458,-0.01826423931858301,0.20747947983261542,-3.053449427917609
385,1.4343110689230798,0.06777977947079705,1.4359116758841324,0.047220853825082315
386,0.08706197624948686,0.2752633901259287,0.2887035186001124,1.264465953665133
387,-1.0507959758264747,0.34917412416761806,1.1072916290667676,2.820776996910681
388,-0.5301068712458346,0.18315195204291967,0.5608546446978752,2.808932306964936
389,0.2439248923323305,-0.07716500173769703,0.2558393843654995,-0.3063861096319007
390,0.645490257433778,-0.15931412347084972,0.6648598817639775,-0.24197504680624188
391,0.8868599676301301,0.05243994580503397,0.8884089993358635,0.059061136535383564
392,0.7305785740315116,-0.3447995600409399,0.8078562925659134,-0.44096023084704156
393,-0.5567354320956781,0.2471388051133232,0.6091239039338405,2.723817132818737
394,-0.5993325132895677,-0.01973145199059445,0.599657228492784,-3.1086821617946394
395,0.05354856827995036,-0.42975178169677974,0.43307510091944695,-1.4468317692694521
396,0.46431618289648213,-0.13136165991662097,0.48254057176118303,-0.2757090269917633
397,1.075408224291948,-0.2366821885995023,1.101145452369945,-0.21663223937304674
398,-0.09971218421719641,0.6170711099235859,0.6250754149570198,1.731000983953916
399,-1.138653976097828,-0.17528739261086912,1.152067075864817,-2.9888490768916296
400,-0.584730415425895,0.37482377710986725,0.6945520301684008,2.5715563259593623
401,-0.16142012900894542,-0.08447536427013347,0.18218821371822141,-2.659458786611862
402,0.4237164071182633,-0.06992471721447657,0.4294473887902154,-0.16355306324274457
403,0.6821473462156007,-0.04014764728992759,0.6833277658136708,-0.0587869878391999
404,0.12055312055719014,0.9074206901280633,0.9153935567549987,1.4387172442955114
405,-0.5029463153070992,0.16560985360189306,0.5295107361433085,2.823495078785769
406,-0.38845203858599575,0.6953369516561878,0.7964850674181755,2.080258594709376
407,0.33137897179324227,-0.05618843554385933,0.3361088562290689,-0.16796194836167605
408,-0.19309359771523305,0.04995967550364355,0.19945201592122758,2.888411784920267
409,0.6692441699653955,-0.2511628328776254,0.7148220251585601,-0.3590277587745055
410,-0.33861113075889193,-0.2825855114181053,0.44103522437243886,-2.446140965579235
411,-0.8243965649752738,-0.3062143024735917,0.8794298695077506,-2.7859462547340743
412,-0.40027675935212415,0.6269390820896348,0.7438239689125594,2.139017642564505
413,-0.45460734001633796,0.09479709181341889,0.4643859625494854,2.936013374717951
414,-0.02104016508334894,0.197986450625379,0.19910128874010388,1.6766696931154879
415,1.797993674344724,0.19952761410405628,1.8090308238871162,0.11052016709385742
416,-0.01853529071269122,-0.43502885234325106,0.4354235402144561,-1.6133776101759691
417,-1.327140997666504,-0.375891065360932,1.3793467006903741,-2.8655878588750308
418,0.3818183377515538,0.42023750603853216,0.5677894015608648,0.833262442178667
419,0.10809766963254219,0.03250210869204295,0.11287822309646627,0.2920746039128187
420,0.5758584039541859,-0.17288026974256354,0.601249107334825,-0.29165234037227183
421,0.9136841951701342,0.33515719898987584,0.9732158838297057,0.3515795268857151
422,-0.4051176836013326,-0.417916115261292,0.5820431401207293,-2.340645432277893
423,-0.6076425454148193,-0.12798558072414323,0.6209748560702735,-2.934000562706511
424,-0.4661018325491284,0.36549728457188735,0.5923167930551007,2.4765866507332395
425,-0.1585135057440823,-0.1618278935780637,0.22652769950536364,-2.3458484356959213
426,0.1578333511520782,-0.12187129682877185,0.1994090763396236,-0.6575281458169292
427,0.48629706165505127,0.2939956559756638,0.5682589884083644,0.543765553175709
428,-0.005354083561314837,0.09761161881915825,0.09775834664763,1.6255923012024014
429,-0.9676225744891838,-0.4314650255021917,1.0594600109927146,-2.722151689769982
430,-0.340907753661412,0.12116817388860568,0.3618008055131572,2.800090373919899
431,-0.3535392439455336,-0.0046970920789704,0.3535704451500123,-3.1283075209806372
432,0.6193928280858643,-0.1493961417368581,0.6371551480213155,-0.23667716699247957
433,0.6869418895477395,0.20032235542163335,0.7155544743044305,0.2837462192574678
434,-0.46242111451402934,-0.014122868398359856,0.46263672850325493,-3.1110610032762698
435,-0.11804476240877193,0.06717810583222672,0.1358214410001207,2.624211161577817
436,-0.6952937942106701,-0.22297189773225057,0.7301711631160127,-2.8312663649354155
437,0.36793838689618497,-0.06742649874502149,0.37406548796270833,-0.18124385488375017
438,0.36955678174197715,-0.06782423722860642,0.3757290807046077,-0.1815086807697139
439,0.8878710833250807,-0.3453037737223923,0.9526540593267723,-0.3709114174954225
440,0.030257565294050437,0.1229521006471117,0.1266204537626572,1.329498866634747
441,-0.9887859019335679,-0.28046792693817224,1.027793665043512,-2.865203641822137
442,-0.5648102196549871,-0.007798873583709565,0.5648640603330056,-3.1277855769370335
443,0.10164141406212934,0.33026132102150996,0.34554814022856795,1.2722350332854655
444,0.2238991953873608,-0.003550151160126802,0.2239273392606792,-0.015854696039410567
445,1.2015280080796629,0.694571326144171,1.387839645384709,0.5241409197722512
446,0.19014300973142895,-0.26487684446655635,0.32605844090329356,-0.9481877747194541
447,-0.8018385686634133,-0.36453334526844117,0.8808119265818282,-2.7149018360676895
448,-1.1008449248002705,0.1541430902196197,1.1115842931244428,3.0024746164233616
449,0.6308125144314829,-0.41598100158110185,0.7556220100286826,-0.5829806128798384
450,0.42159186766420476,-0.12761884409749769,0.44048413393602925,-0.2939385018964232
451,-0.18455479136798658,-0.007102981345042281,0.18469142741575492,-3.103124525560211
452,-0.5011492380983782,0.7454561926274721,0.8982513534491511,2.162669432074956
453,-0.8497857965615765,-0.29398232008422553,0.8992004807382484,-2.80853152940069
454,0.47645615572986344,0.039185227922089894,0.47806479730281964,0.0820584131694801
455,0.06842471442462283,0.147498557896796,0.16259694377732217,1.1364427277947582
456,0.15420001712476505,0.056424257019585866,0.16419909275477168,0.35078294962651146
457,0.1933909664176383,-0.4987192203637534,0.5349027263458078,-1.2008727517498494
458,-0.4507438220350082,0.031251918856000316,0.4518259349958888,3.0723693320103838
459,-1.5672223273692794,-0.1259196033435046,1.5722727403065175,-3.061419157738368
460,-0.8285694211990631,-0.24114214208191243,0.8629465907192656,-2.8583814096143674
461,0.4130657569750156,0.34485746501782444,0.5380984954112608,0.6956462688318786
462,-0.13716750745905415,0.32568671977996644,0.35339321519175215,1.9694133293339577
463,0.5304190977175551,0.36955414614187987,0.6464632133030921,0.608521929392531
464,0.5094027268056891,0.8010548231292063,0.9493049919470747,1.004386543064793
465,-1.297362318202488,0.06818865443779032,1.299153061531154,3.0890815184556026
466,-0.07739768149363613,-0.14353842540073458,0.16307568999428637,-2.06531950947391
467,-0.2530099384801332,0.05107093981170863,0.2581129013880785,2.9424155259715206
468,1.0074577575889094,0.1368824587229085,1.0167142867256773,0.1350422514436929
469,-0.3173092588124291,0.2628270961062924,0.41202335877442603,2.449832536434195
470,-0.16298211296864906,-0.5903627596496932,0.612447023936705,-1.8401580838892981
471,-1.661734229239073,-0.770838329615188,1.831816688161976,-2.707259696325439
472,-0.050938542525386765,0.451925842349965,0.4547875351175932,1.6830369878960467
473,0.05449457695425508,0.8204436360489638,0.8222514328662904,1.5044728798852762
474,0.05254008482617678,-0.5172243332110043,0.5198860176799428,-1.4695627274488399
475,0.6670206589571706,0.02911469177404058,0.6676557681565819,0.04362117199421075
476,-0.0691415474536683,0.5898825688338576,0.5939208689702009,1.6874763178956251
477,-0.4976327360922994,-0.12832818120880063,0.51391289351705,-2.8892139220321287
478,-0.4763183472931303,0.31462738880516383,0.5708498592050407,2.5578434916946993
479,0.8500837920630175,-0.0700239066920858,0.8529629540822166,-0.08218739285299245
480,0.056493678657403734,-0.13983691497962525,0.15081743440088394,-1.1868491113719493
481,0.805170554985736,0.8540665876449367,1.173767165475123,0.8148586212546658
482,-0.34914778049009954,-0.7469934716411046,0.8245625623902607,-2.0080288381558993
483,-0.4816819969010595,0.14317606346895673,0.5025106280359243,2.852668159144685
484,-0.5249133907537242,-0.2528849394950896,0.5826532934910839,-2.6926391120796676
485,0.15538501930134885,0.5145295924441768,0.537480423572851,1.2775108779680455
486,1.013174834817292,-0.011409449071308586,1.0132390741750723,-0.011260610144160601
487,1.1755577180239385,-0.6264822741847098,1.332072065720656,-0.4896381582390078
488,-0.39806119417065133,0.3320177281252086,0.5183517011585762,2.44640966517052
489,-1.2850083943779111,-0.1508362524089648,1.29383080372299,-3.0247458201652755
490,0.01600980300509036,0.04943612823346655,0.05196387752061569,1.2576065097900795
491,0.2919741832527194,0.10176403940930356,0.3092003289179862,0.3353715976578932
492,0.35367654019651695,0.32425344112039056,0.4798201633568488,0.742024000622613
493,0.8074172860587083,-0.09452071676595608,0.8129310178141562,-0.11653509680487945
494,-0.12442223613251713,-0.8903621098545074,0.899013670368135,-1.709640600544122
495,-0.39748187057841733,-0.6680937434527436,0.777393778904371,-2.1074937625549888
496,-1.0700155832540474,0.3914914759285182,1.1393853273283754,2.7908462753302365
497,-0.6894833266359797,-0.14781271826925035,0.7051495283917886,-2.9304073971261873
498,0.2719731038355633,-0.28149324776131834,0.3914177023911477,-0.802597411642104
499,0.5270534014318429,0.19629208642241736,0.5624196575093559,0.35651826421997257
500,-0.07753585138216579,-0.7050642483444136,0.7093147415238388,-1.6803261224335788
501,-0.5985468640997453,-0.11007168290340985,0.608583703282324,-2.959726448699535
502,-1.3994199164496024,0.4374098993595368,1.4661867284263392,2.838648430455945
503,0.409115004997588,0.409009117175529,0.5785011194862825,0.7852687358220989
504,0.6907258205647935,-0.39236068659953105,0.7943859688991005,-0.5165887904452198
505,0.3271792708392951,0.03169452405758477,0.32871084272072565,0.09657071482593028
506,0.4948756202340121,-0.48738153539861173,0.6945809100094145,-0.7777688583922441
507,-1.4492570887389178,0.2733732876634605,1.474814925225512,2.9551533560681187
508,-0.12859034616246845,-0.06768280239364799,0.14531496435687918,-2.6570923582524317
509,0.8588135718024574,0.31529327960338094,0.9148609748345103,0.35185013202193527
510,0.06285257168609348,0.1306934727681579,0.14502147975991952,1.1225322093975354
511,0.5733807553160659,0.4073318399140504,0.7033382673895882,0.617674274889049
512,-0.11037431462692382,-0.2675623411514749,0.2894340956622447,-1.9620473930819944
513,-1.246350283094202,-0.39759058366557554,1.308230599087382,-2.832793556836631
514,-0.8393645006361226,0.42164669457817183,0.9393182101805678,2.676074482124575
515,-0.20362827312685283,-0.14744641671822478,0.25140588580951834,-2.514877264263513
516,0.47888899050252576,0.3643357705610555,0.6017268640627957,0.6503734207086307
517,0.13340887852089622,0.38813670593671645,0.41042420903695287,1.2397304672923206
518,-0.28498897747910235,-0.07361216126038528,0.29434243249998676,-2.8888192270691166
519,-0.5310225805170887,-0.44583128851036236,0.6933617517817362,-2.443184263295223
520,-1.0711570184367076,-0.13565768894635255,1.079713094630459,-3.0156173695081665
521,0.003906665386750774,-0.004421221688772903,0.00589993522551837,-0.8471068530662468
522,0.8529846437084245,-0.050389176377350964,0.8544716914552382,-0.059005381004355255
523,0.2754319606395228,0.1588340019004022,0.3179481169961989,0.5230902030117855
524,-0.40360108175964626,0.17550761793474123,0.4401099375731975,2.7314051209068633
525,-0.8025529235136872,-0.2998338285394624,0.8567330504754663,-2.7840498835863894
526,-0.43753327208759174,0.16675880604159943,0.4682348380632248,2.7774551048475096
527,0.5430944689177721,-0.03727014534686646,0.5443718085125767,-0.06851810280829475
528,1.0571089739268302,0.5838238163774321,1.2076131960715506,0.5045946672507347
529,0.01800603510496046,0.2070719767745004,0.20785336385418518,1.4840590605280484
530,-0.5130105344405678,0.48150596766838305,0.7035821240958747,2.3878621745708397
531,-1.2461462583480625,0.3271216895465159,1.2883668332298233,2.8848780944534442
532,-0.472690467134143,0.5093927923601456,0.6949225098008847,2.3188399662332153
533,0.811539226766584,0.34257095489248,0.880880681884244,0.399432935455226
534,0.8344109435072085,-0.2656250416651176,0.8756701921409596,-0.3081949581562523
535,0.6248860970231078,0.31458536962043127,0.6996045947762181,0.4663865170377842
536,0.16785370085001716,-0.4957823074460066,0.5234261755639793,-1.244346198384381
537,-0.7740814563993297,-0.8532511252887218,1.1520588456965979,-2.3075828552745974
538,-0.6561470756584811,0.7466191031748224,0.993966332488557,2.2917882500964994
539,0.10405874083551225,0.3331333431097647,0.34900722891619385,1.2680356992920518
540,0.10798666317597849,-0.2971770017161788,0.3161886933033817,-1.2222562706495284
541,0.7152117944017959,0.45526216660574903,0.8478157530937943,0.5668559816757737
542,-0.5869406609435828,-0.20154585191302488,0.6205804298334235,-2.810824210313165
543,-1.9440528267939357,-0.1820545444050765,1.9525586420141219,-3.048218063047362
544,-0.19820099425349724,1.4613385470617288,1.4747182725020938,1.7056034896331997
545,0.9697844616224387,0.24119284627224147,0.9993277195681246,0.2437619952344807
546,-0.28825447118872205,3.097699136872322,3.1110818990730245,1.6635835036090594
547,0.16965787534590504,4.705309219835314,4.708366877053455,1.5347552503197257
548,0,0,0,0
