180,0.9742347709449177,1.131221666085878,1.4929152175325315,0.859822377105224
181,-4.133253492831955,-2.3766158490611815,4.767817879283599,-2.6197592664097336
182,0.2296133501999975,0.6217717438966588,0.6628139950984431,1.2170421003798537
183,-0.07424830803313398,-0.16285908840330876,0.17898573664216902,-1.9985501688733476
184,-0.30962959461623996,0.18931217635383746,0.36291815327707644,2.59282202789125
185,1.7923315099159254,0.9080092767457586,2.0092120565270997,0.46891993302804835
186,-2.4597857845928957,-0.6094780469148873,2.5341684229262413,-2.898707430792694
187,3.0244749881071584,0.667133135560448,3.0971786474545686,0.21710170936074036
188,-2.256998139435268,0.11495177359813624,2.2599235632356285,3.0907053571983143
189,0.06065791304092727,-0.08886940542350885,0.10759718228099042,-0.9718772561360534
190,0.11223201365555724,-0.07210692773912797,0.13339952742478892,-0.5710712282654156
191,0.1214066317867264,-0.28401839564872944,0.3088786481916094,-1.1668435015673053
192,-1.1117184470374468,-0.14960759960484893,1.1217398715133904,-3.0078230300040447
193,0.9841782431790307,0.3751321549183899,1.0532478093975217,0.36416271351217017
194,0,0,0,0
198,-0.819205574215971,-0.5440039543901207,0.9833809410490969,-2.555394888111215
199,0,0,0,0
201,0.09039313933010362,-0.05236722728034238,0.10446648329001298,-0.5250803947476391
202,0.5795100823042958,-0.03720024278322853,0.5807028444527053,-0.0641046170472594
203,-0.7042353265871952,-0.3239099731194983,0.7751548657524171,-2.710498774086614
204,0.19905564462669645,-0.12506307444181175,0.2350827987041753,-0.5609559100512366
205,-0.18054551073498715,0.32516668805800464,0.37192748818710486,2.0776535700979366
206,0.7248201424354193,0.5513134390990899,0.9106650026279518,0.6502639828978491
207,0.5759274146716962,-0.607187393651941,0.8368804681555551,-0.8118137804695382
208,0.2097121364550958,0.41262381104809265,0.4628580663879725,1.1005780623275183
209,0.1567456474796245,-0.032216706592862465,0.16002223029159823,-0.20271190459664787
210,-0.13709310854278556,0.993972449259843,1.0033821556603122,1.7078560446452045
211,-0.4890216656805251,-0.006375499498460613,0.4890632234167788,-3.1285561385063394
212,-0.8772389100880673,-0.47917155224536145,0.9995766513148101,-2.6416508167621933
213,0.7283718896055689,0.40728224603651597,0.8345085005583442,0.5098547162971999
214,2.119148387668247,0.4235623002740567,2.16106337509347,0.1972742376445532
215,-2.893778692710157,-0.579257451857984,2.951185239512476,-2.9440303910951404
216,-0.15627607623912354,-0.2824964021407368,0.3228411826690598,-2.0760905013735873
217,0,0,0,0
220,-4.015770482034895,-1.82043234479778,4.4091253652361395,-2.7159805701666038
221,2.2415871565577845,1.0512638178428233,2.475857143526315,0.4385266726652614
222,0,0,0,0
225,-0.6160053693895406,-0.653164603880839,0.8978232648353225,-2.3269244768674016
226,0.19886295924743536,0.4930852131151937,0.5316761269358472,1.187445410487397
227,-0.8958915594306518,-0.6046576800995354,1.0808480912516971,-2.547895993500724
228,0.6189906530199778,0.4642525189158846,0.7737440338030674,0.643510961303143
229,1.0750390847681501,0.21353627223504645,1.0960414104125729,0.19607903228296042
230,-0.10798743926011412,0.05629286804543199,0.1217792019629676,2.6610577717982644
231,-1.41781700858769,-0.5669064777377457,1.5269538383139036,-2.7612202473086698
232,1.2536251396639955,0.7695720142741607,1.4709918680779854,0.5505609571010205
233,0.2995360629121251,0.5577807722161197,0.6331202435864038,1.0779778389993955
234,-0.3748212876582784,-0.31831478364409804,0.4917471903002587,-2.4375375663233814
235,0.10229880245003642,0.10371989643476809,0.14568068471540968,0.7922959423568714
236,-1.2928088735897063,-0.3612519936049239,1.342332964102356,-2.8691108603366584
237,1.1499213878164483,0.1623229467376177,1.1613216338272916,0.14023349807202093
238,-0.8029112871098505,-0.22186803935665012,0.8330017778230493,-2.8719908784152217
239,0.9965308437151634,0.15539605756606534,1.0085740712425297,0.15469121366379246
240,-0.603489130336925,-0.5731127352086105,0.8322603785433456,-2.3820058116656235
241,-0.10596854570769665,0.17769198353414595,0.2068907288684135,2.1085356988824455
242,0.24209194740831208,-0.7846161541365291,0.8211157167731881,-1.2715156614471117
243,0.44751252650814877,0.6440770799621305,0.7842848629893676,0.9635606901748209
244,0.7315958718522779,-0.26929874955186506,0.7795860030949073,-0.35270564004029614
245,-1.3515639260549506,-0.2701638114206162,1.378300958141721,-2.9443030798958647
246,1.547857354499456,0.32925147168481317,1.5824882057963876,0.20959047335419212
247,0,0,0,0
249,1.0367633088070534,0.33414910804629017,1.0892813157750758,0.311788163122235
250,-1.1139280066032597,0.34562540161039124,1.1663157900557877,2.8407349758141685
251,-0.23584933732570335,-0.10717409434158753,0.25905828767849315,-2.715071111352042
252,-0.005668639382065521,0.8392513869208074,0.8392705308307582,1.5775506238601567
253,0.08444183784524739,0.4720007027656834,0.4794946166433801,1.3937671985156261
254,0,0,0,0
257,-1.0376047563943303,-0.4008967533629857,1.1123586819677904,-2.772893391111694
258,-0.17874497553327728,-0.023479105462172356,0.18028043341332334,-3.01098507444972
259,0.9055861830187268,0.24585027631917455,0.9383649040968239,0.26509254776497615
260,-1.091561750267374,-0.5867669629256511,1.2392749991135,-2.648359666153307
261,-0.47344968599986714,-0.0777263227684557,0.4797874387939715,-2.978873963854948
262,1.5132999090076282,0.3876343175990655,1.5621577957373542,0.25076004901209137
263,0.7014689133883394,0.7588572844256873,1.0334036068139816,0.824676275187625
264,-2.0932596422956067,-1.5385951635527135,2.5978858726609473,-2.5077455655425633
265,0,0,0,0
268,0,0,0,0
271,0.17511100709486982,0.6969231048336724,0.7185858882950495,1.3246292885443436
272,0,0,0,0
274,0.5113874152339122,0.3275247194536064,0.6072804379467408,0.5696415858757095
275,0.35455861346520123,0.567182339503006,0.6688853538734939,1.0121087090785823
276,-1.5157752866620058,-0.011985223715385018,1.5158226694580055,-3.1336858259379383
277,0.22346701882122488,-0.6064003699719365,0.6462653612897314,-1.2177241127467888
278,-0.4019183219907063,0.28721801801600577,0.4939964852353382,2.5211232565328707
279,1.4855142539796589,0.028905614446898653,1.485795454739075,0.0194558665836939
280,-1.3821099246487165,-0.6463876694725741,1.5257931914445897,-2.704132216037627
281,2.042205000502463,0.6462703747957335,2.1420239637818907,0.3064858865865229
282,-3.042800754176028,-0.534325536812446,3.089359190658172,-2.9677617752308967
283,0,0,0,0
285,0.5411306628310513,-0.0037791652268310827,0.5411438591962258,-0.006983717698267331
286,-0.3904399514065062,0.09886241651742012,0.4027618813318594,2.893597229998797
287,0,0,0,0
289,0.015583815164404768,-0.0507036237123657,0.053044441298250145,-1.2726091113567555
290,0,0,0,0
292,-0.10523234585900809,0.3171902658615977,0.3341908307723911,1.8911339148315252
293,-0.8639095308190008,-0.5717230435463989,1.0359570048809283,-2.5569767410862854
294,0.7358256811793353,1.5533482290958887,1.7188164980353098,1.1284067761721333
295,0.6786840930481048,-0.33412312224953666,0.7564723121029001,-0.45747689088130333
296,0.31692398143695755,0.34162517278713267,0.4659920264250143,0.8228890887550351
297,-0.8651418106340998,-0.10730307363547809,0.8717707853093435,-3.018193379208288
298,3.170910114657886,0.49472694118617255,3.209271833543415,0.1547726911549763
299,-2.2106350625912228,-0.42439426399010927,2.251003747501413,-2.9519218980585036
300,-0.09529371307769452,0.009259468934999404,0.0957425167681119,3.0447290584533895
301,-0.7711626828775024,0.035854092245187985,0.7719957249839884,3.095132559207945
302,-0.8406154713250089,-0.8474315223018607,1.193639206637339,-2.3521566796575817
303,2.9840869842220172,1.6198279658057118,3.39538182951631,0.49731554652646276
304,-3.468774935638976,-1.4654088165893313,3.7656105154217587,-2.741877782404926
305,3.3282047480533947,1.57869691447587,3.6836436842806597,0.4429087841019684
306,0,0,0,0
308,0.04169590121307465,-0.40087937814189445,0.4030419630725844,-1.4671578951457707
309,0.06409346189775533,0.5355431078014021,0.5393648043501015,1.4516834909522922
310,0.1953335475101312,-0.4934349370165023,0.5306912773462291,-1.1938598090131012
311,3.8515404887157274,1.5209452548151035,4.14097073213047,0.3760958003905981
312,0,0,0,0
314,4.376621532929448,1.7087157947859737,4.698353510523956,0.37221962517513013
315,-4.178337097988674,-1.7310100032268565,4.5227089819819115,-2.748835126760485
316,-0.7186342898702378,0.6532206059814598,0.9711500412686428,2.403841056881084
317,0.6463238662837512,0.7975444072715732,1.026553272703439,0.8897506465689136
318,0.8588054929846294,-1.0491535006134995,1.35582813904644,-0.8848343856004652
319,0.7176930185291894,0.05643472924583648,0.719908429948275,0.07847205017354196
320,-1.01510445779968,0.31311758570342363,1.0622992434909868,2.842393957213723
321,1.1862310776979257,-0.33093140355106243,1.231527410800368,-0.2720599928257799
322,0.6064657633663728,0.8745649209897692,1.0642671296067536,0.9644808651118797
323,-2.409241907308342,0.1343583859664932,2.4129854421049166,3.0858824497447737
324,0.07325407583243759,-0.10172767495163271,0.12535820466618672,-0.946707566385011
325,0,0,0,0
327,0,0,0,0
329,0.7521450772741218,-0.47883598760358836,0.8916311570890726,-0.5669167649401271
330,0.015851693272338707,-0.4413791320351379,0.4416636892203071,-1.5348977485967936
331,1.6084040423113493,1.5609786469202618,2.2413428786030263,0.770435673584576
332,-2.2136182398246547,-1.404568760268603,2.621625281005446,-2.576182012428098
333,0.009687683892707355,-0.352651972892545,0.3527850127261776,-1.5433322863426606
334,1.640448873780315,0.17412516373093467,1.6496642325429223,0.10574886655079982
335,0.7341257599166511,0.5854687534825871,0.9389964284690622,0.6732175726835763
336,0.7841790464370888,0.04557937436948123,0.7855025501160994,0.05805836114198712
337,-2.143091218402219,-0.6611480620740622,2.2427565026941725,-2.8423541680499276
338,0.8729619678412064,0.6951911988519441,1.115954031427099,0.6725169292202502
339,-0.014346394201652402,-0.508176219033146,0.5083786862343987,-1.599019970759813
340,-0.6292141842276351,0.9413052735154679,1.1322394214923264,2.1600315562237014
341,-0.9792999039709684,0.008069602998205028,0.9793331508787481,3.133352664665471
342,2.7569886117926217,1.1369229456109338,2.9822105877705636,0.39113177877497235
343,-2.4435644847123967,-0.4931089496762979,2.492822462029461,-2.9424678544643075
344,0,0,0,0
346,-1.145799818045134,0.14751653061512116,1.1552568328458328,3.013551532306671
347,1.0457960744104184,-0.10483506588042246,1.0510374970905625,-0.09991049985713926
348,-0.06125988250823866,-0.23539284015726025,0.2432335552554883,-1.8253941480897744
349,0,0,0,0
351,-4.086576605824007,-1.7262796595625218,4.436231488356684,-2.7419035094185538
352,0,0,0,0
354,0.026801668468806383,-0.09617358905103401,0.09983831260427523,-1.2990119560952196
355,-1.2617617478794045,-0.21389132499905372,1.2797625589622244,-2.973670997476439
356,0.08473795166878517,-0.260410161384641,0.2738502740648549,-1.2562009992829126
357,1.9499723960643678,0.36553302745369365,1.9839371813574325,0.1853049495571251
358,-2.0475237181325383,0.0480528195412262,2.0480875102839615,3.1181282122169787
359,1.4734748494789756,-0.10355867962636012,1.4771095193563153,-0.0701665671985022
360,-0.5245780750296944,0.05258916328131136,0.5272075273518847,3.04167608376218
361,0.1824141274116755,-0.10000055169035704,0.20802649883545787,-0.5014649536007435
362,3.0066766636019793,1.8714648213202736,3.5415371149951334,0.5567536608564472
363,-3.0526014944948656,-1.8541976073018418,3.5716137320707237,-2.595738378951912
364,3.008972211266723,1.6420574505613672,3.4278661641201,0.49955157559404884
365,0,0,0,0
367,1.5118310084643554,0.7748370022284803,1.6988247049583332,0.4736098977512777
368,-1.0789540531742432,-0.6721890941620927,1.2712120307688968,-2.5844323533447153
369,-0.4168588018852688,-0.26928520389412824,0.49627188288832563,-2.568043973484919
370,-0.2564280288690952,-0.17186944075376687,0.3086979731950019,-2.551117271858614
371,0,0,0,0
373,0,0,0,0
375,0,0,0,0
377,-0.328389477388896,-0.35366796026232805,0.4826185605381002,-2.319149342909911
378,-0.011767078096227124,0.609645318443711,0.6097588690845394,1.5900954451475595
379,0.012102952326586092,0.09727444718515699,0.09802448434038055,1.4470117856990299
380,1.5142988329153013,0.5286071244507298,1.603909737918164,0.33585244697454997
381,0.19481359490998784,-0.134062435611213,0.23648482700537782,-0.6027336783669552
382,-1.642445989556677,0.06630124449310415,1.643783648669175,3.1012471768470706
383,0.5260084330537893,-0.22302171257297232,0.5713348894673633,-0.40101388578998703
384,0.37670941891724397,0.022477956725538206,0.37737944411364377,0.059598553913888824
385,-0.03332050843266643,-0.17098945717714287,0.17420577128196807,-1.7632531965614167
386,-0.822679489610664,0.17715991950774423,0.8415385788578281,2.929486754379286
387,0.4389426752654799,0.31489398339334684,0.5402118963393401,0.6223033600993273
388,0,0,0,0
390,-1.6046947616406442,-1.6116006709555109,2.2742695532106953,-2.3540473308760337
391,3.6561972199046977,0.7697760301528547,3.736352934003522,0.20750939989853406
392,-4.463910388115437,-1.1966168384196294,4.621513584434681,-2.8796854906389546
393,0.10635254003796035,0.44512073230447413,0.4576497887028872,1.3362636487783004
394,0.2723473577633513,0.10830452647616085,0.29309205676016586,0.3784966281770083
395,-0.01930797519855787,-0.8657031996731348,0.8659184879828884,-1.5930958570268032
396,0.7601912252786178,1.0893584108700338,1.3283796318537453,0.9615256025634406
397,-0.9265542944401659,0.6021015696728114,1.1050018826897885,2.5653378664654554
398,-1.7124344354485856,-0.24876621509378083,1.7304092942082234,-2.9973313073878454
399,0,0,0,0
401,-0.47931223602927275,0.8075792348076334,0.9391083218137639,2.106435490366439
402,-0.9849595573227816,-0.7887286427334175,1.2618392137786767,-2.4663807807283296
403,0,0,0,0
405,0.6720920623747588,0.057189457147046596,0.6745208479475862,0.08488721752011345
406,3.6923385995529543,1.5423341596545583,4.001519585580708,0.39568149153166693
407,-3.7777697663051413,-1.6954824556667631,4.14079764836233,-2.7197328255099875
408,0.9611448813667494,0.23403724704769502,0.9892284447907705,0.2388502177154158
409,-1.3573729441037585,-1.1740398991252619,1.7946673770152954,-2.4284914747625357
410,1.551322735504641,1.0104620735781964,1.851387542313481,0.5773272938161077
411,0.813273019247049,0.11177491194081313,0.8209181656989857,0.13658266809014893
412,-0.48089784254364076,0.10149893338780203,0.4914923889970116,2.9335841840732777
413,-1.7079814546476655,-0.8835370648870366,1.922976441470242,-2.664201829089769
414,0.674158795279368,0.6144744980666133,0.9121781569555067,0.7391152722629221
415,-0.7281482417503184,0.08784052232397244,0.7334274465318491,3.0215373026646395
416,0.6844700995072799,0.042337308874778046,0.6857782184075724,0.06177543658189032
417,-0.06261801703874426,0.04877284115963221,0.07937131782103142,2.4798539372137336
418,-0.7162821589529358,-0.2419898107406766,0.7560550242783837,-2.8157902867345994
419,0.03114749699489039,-0.39863929903577855,0.3998542950935798,-1.4928202139892275
420,0.5421233245899657,0.4962221905187221,0.7349382024549249,0.7412208940550913
421,-0.6414406438888136,-0.1823830596993048,0.666865563736632,-2.8645700403661016
422,-0.0706568710376132,0.1801140711510243,0.19347731663278292,1.9446381580881447
423,-0.08379025745739455,-0.5710645085246142,0.577178897865502,-1.7164832131019547
424,0.5198556008235755,0.7547898279206606,0.9164919694357071,0.967665965132536
425,0.03789512354853741,-0.4663979267494369,0.4679348955409631,-1.489723792280596
426,1.6406137339903353,0.9772175588262257,1.9095988011715965,0.5372085276875479
427,-2.9145941946787843,-1.0318575505791046,3.0918585550348805,-2.801331006037033
428,0.11335149089427432,-0.11366676062414172,0.160526299897371,-0.7867869042809771
429,1.0319731445209754,0.23923829799201712,1.059341084938476,0.22780203694780787
430,-1.0038026408944916,-0.45615505790590305,1.1025865855885846,-2.7150633070016883
431,0,0,0,0
434,3.900705713305001,2.01753169662328,4.391575936801035,0.477330272557067
435,-3.9859486586858566,-1.7908793346192056,4.369786665370028,-2.7193225447225737
436,1.7190685618429598,1.2122762941567657,2.1035233618125764,0.614203160762828
437,-0.786444357582468,0.02839359412007525,0.7869567483415822,3.10550457355182
438,-0.05750248434333116,0.0011469740873621959,0.05751392227289081,3.1216487846638685
439,0.6067499251946629,-0.29154936695272227,0.673161574285299,-0.44793433900431817
440,-1.5269006259594562,-0.10932611543501025,1.5308094986220488,-3.0701146125593546
441,0.6933353141047292,0.039204287089035006,0.6944428226361498,0.05648433581992882
442,0.10530788853543527,-0.42110707948393156,0.43407479053646725,-1.3257481145036591
443,-0.16394224175337513,0.1887038615915344,0.24997241049899702,2.286092921289331
444,-0.6179780639007504,-0.04653571976120929,0.6197277310853644,-3.0664313182887564
445,-0.12415615737461394,-0.13460712104671302,0.18312244114393614,-2.3158283039568737
446,0.1110587416811768,-0.2283625673280767,0.25393602788985403,-1.118147325543716
447,0.352650135466547,0.3176156020158487,0.4745964482467857,0.7331760705853758
448,-0.7017425795357894,-0.5914221563732553,0.9177269828128272,-2.4412988471820047
449,-0.31580346457212727,1.3186772435824992,1.3559651547802019,1.805854331247048
450,-0.31518178073872605,-1.201691223776379,1.2423370525790518,-1.8273005462799872
451,0.8998163617147839,-0.22767558607819183,0.9281732905582226,-0.2478232204751333
452,-0.10941027171315909,0.06282421792047899,0.12616453508679504,2.620354029683833
453,4.292110768400789,1.9858378005164354,4.729245882609823,0.4333415294408129
454,-3.582798555901377,-1.0482398449584025,3.7329950796548617,-2.856960971385376
455,0,0,0,0
457,-0.03139473294254458,-0.35944589295962714,0.3608143279057491,-1.65791726503694
458,0.8529207036748403,0.91909519838714,1.2538778690348917,0.8227250058314348
459,0,0,0,0
461,-2.233705036036554,-0.9582069380876419,2.4305552296161377,-2.736358713442129
462,-1.694272881129109,-0.262899678639144,1.7145485810434469,-2.9876507175264035
463,1.012423322785935,0.5001983020169405,1.129247238589293,0.4588846728720393
464,2.0166644718837006,0.6643940702367672,2.123288739838212,0.3182532636184199
465,0.915959416945384,-0.10104657052801258,0.9215161761501534,-0.10987345477217507
466,0,0,0,0
468,-3.3975237702927643,-1.262925302070414,3.62465834090801,-2.7857012737580678
469,0.39316766773993095,0.49805138410005156,0.6345360479594787,0.9025449975299289
470,2.952140094069705,1.082744167599344,3.1444341410632664,0.3515322192002396
471,0,0,0,0
473,0,0,0,0
475,0,0,0,0
477,0.5252006927355524,-0.1966598888726594,0.560812695595696,-0.35828586890686714
478,0.5011425350303398,0.5418092452135852,0.7380386836850426,0.8243703577361612
479,1.209665415413042,0.25645289078215683,1.23655105128617,0.20890997120217372
480,0.3541468909991181,0.9413285891847636,1.0057432740122694,1.2109562648410526
481,-0.8660588469377899,-0.8229750063792949,1.19471577686252,-2.3816969393306864
482,0.8008011827854489,0.6831773863735293,1.052622380344794,0.7063010673148824
483,-1.6125898421798865,-0.6257691432504657,1.7297494095232908,-2.7714282876264957
484,0,0,0,0
487,-0.09908215227665096,-0.23772482307578002,0.2575468198331798,-1.9656954812027818
488,0.7418167836211751,0.1393344207506857,0.754788858733351,0.18566538779372047
489,-1.009030627043785,-0.318376821898255,1.0580673924823536,-2.835952098452529
490,0.11528377094555253,-0.4909086385860064,0.5042634621720999,-1.340138341433781
491,0.7062169914786409,0.7704242933247087,1.0451296717623224,0.8288527810629621
492,0,0,0,0
494,0,0,0,0
498,-0.8081715925197841,0.1484467283247568,0.821692006840938,2.9599353872105727
499,0.6923637401872611,0.273031875289405,0.7442539577658572,0.3756240112548073
500,0,0,0,0
502,0.5941334328756511,0.881301337848015,1.0628671526363522,0.9776276052871916
503,0.22590122392080048,-0.3044380017631738,0.37909610903631,-0.9324174821622252
504,0.7935991425799784,0.052606615663876255,0.7953408421018524,0.06619181015021587
505,-0.684069332927379,0.27386615993134455,0.7368538021936578,2.7607858455205965
506,0,0,0,0
508,-0.003083554256363641,0.045452813319627694,0.04555728861028566,1.6385333159475233
509,-0.8934932795034456,0.14087653513968235,0.904531060091794,2.9852106553579034
510,-3.1660458555395508,-0.8722088753754633,3.283990664064515,-2.872772447117557
511,3.259284971750276,0.9228417877908441,3.3874142782320265,0.2759202711662302
512,-3.218336096615417,-1.7567383397595222,3.6665810812197783,-2.6419389117930727
513,-0.23079855683306505,0.7665631797262336,0.8005542344827234,1.8632457031300838
514,0.40866167118952035,-0.559792482619855,0.693088728156152,-0.9402032349577747
515,0.7328245409431702,-0.46252766541795154,0.8665815882451857,-0.5630148930662321
516,0.3581023426380625,-0.0901581038679069,0.3692773639094666,-0.24664037634963779
517,0,0,0,0
519,0,0,0,0
521,0.2010049620303107,-0.2677184841641065,0.33477780918683003,-0.9267788183815533
522,-0.5786673210016033,-0.030163293527152746,0.579452925328346,-3.0895143378350722
523,-0.9553921989596574,-0.4029441613377571,1.0368887360701524,-2.7424713367981446
524,1.3077743411710117,0.8702393182835522,1.5708565174807962,0.5871496912088413
525,0,0,0,0
527,0,0,0,0
529,-0.4946452703002251,0.05964651945237165,0.49822851254536293,3.0215876308377565
530,1.6388543762194558,0.20083597449769286,1.6511143979464595,0.12193857983305587
531,-0.04411358930440201,-0.3942324544150324,0.3966928747474777,-1.6822301874524241
532,-0.19112366195804498,-0.14243049158130816,0.2383583417721019,-2.5011533426116244
533,-1.5697132464738388,-0.09204364420878619,1.5724095231823905,-3.083022485111758
534,0,0,0,0
536,0.05578666724522918,-1.398437059284845,1.3995493421182317,-1.530925313345131
537,1.5368282000997624,0.7583724501716915,1.7137589357320038,0.4584067518290537
538,-1.5843057608416302,-1.0017555647162908,1.8744436388635513,-2.5777615507685168
539,1.4518336568497716,0.7107603459576808,1.6164780346629095,0.4552611486477567
540,-1.4652316104510419,-1.1180808443799606,1.8430975141956976,-2.4897762572275015
541,-0.7371398185717908,0.08255617701797746,0.7417483633199848,3.03006213554872
542,1.4945740850237144,0.8870300254703807,1.7379798507780397,0.5356265315423685
543,-0.6725784451584786,-1.1618053998000164,1.3424431279932394,-2.095562615540275
544,4.25946295503968,2.498317533517877,4.938078083995657,0.5304587803091972
545,0,0,0,0
547,1.6933800729118502,1.1409059765829284,2.0418625122024228,0.5928868376680572
548,-2.4566265219282286,-1.1145333242577635,2.697628291503899,-2.715678939886353
549,-0.19639737751708708,-0.014763955904925297,0.1969515277664832,-3.0665598854611176
550,-1.3893498389861634,0.20062371161219517,1.4037602533025115,2.998182802185459
551,1.233031923471458,-0.3406085211606751,1.2792114324797856,-0.2695154853291929
552,-1.2255184732326825,-0.0009665596210766125,1.2255188543927287,-3.140803959300988
553,0.022610509566106884,0.13394161031607155,0.13583663024715156,1.4035642322565784
554,-0.017106283986322524,-0.4820541481439591,0.4823575714079948,-1.6062676716257895
555,1.3187901754448603,0.28761667087161413,1.3497891969537894,0.21472899888155136
556,-0.036034079710020706,0.24590034228072,0.2485265242068206,1.7163000829579282
557,-1.3757523219813947,-0.09938869395716665,1.3793377265643503,-3.0694747831308034
558,1.4735132053961024,0.1339533148957912,1.4795893541953684,0.09065825089166749
559,-1.5043910982666375,-1.270276854981205,1.9689580657913568,-2.440370700296354
560,0.6713406141949463,0.035658358670389134,0.6722869467799548,0.05306528640661224
561,0.1633025329326756,0.34315952735261135,0.3800344438009471,1.1266307639886928
562,0,0,0,0
564,0.1810125751317173,0.3058747325205218,0.3554221494931293,1.03643796291452
565,0,0,0,0
567,1.0951488252899253,0.36373520985381447,1.1539732459729306,0.32066998496125976
568,-1.0841352622786644,-0.24775625707678728,1.1120847224185428,-2.916921886639274
569,0.10207717835578478,-0.07815703379901606,0.1285623283599797,-0.6534522442187035
570,2.188162418360889,0.8145290987631029,2.3348474086883724,0.3563517698212709
571,-0.6239597858409525,-0.3269086578030169,0.7044111618176258,-2.6589880862845208
572,-0.017437631291613798,0.4780426174745571,0.4783605492795032,1.6072573090485962
573,-0.7077707254283041,-0.28503463553909114,0.7630099234152924,-2.758742180607051
574,0.8620921254839686,0.48973612819122536,0.9914859091672453,0.5166171425280082
575,0.635615025643915,-0.20920569152065127,0.6691587869773128,-0.317970913040324
576,-1.0510230898404416,-0.6098356003358845,1.2151333238845758,-2.615836436429344
577,0.28861223087494636,0.32525176362804586,0.4348398895613966,0.8450141635789926
578,-1.6966930067869725,-0.9921206692447413,1.9654695575415182,-2.6124708949784696
579,1.6592499632384943,0.6925395670506305,1.797977055592651,0.39539970919328565
580,-0.10883966080950813,-0.46177729803815737,0.4744305478661234,-1.8022689882796477
581,0.9780429014665515,0.5857039845694771,1.1400074888568377,0.5395757354496289
582,-1.7037865714925147,-0.5159274184754281,1.7801881311628098,-2.84755782878429
583,0.48259054199343154,-0.3888672996703235,0.6197672207969724,-0.6782623098953424
584,-0.5485195673546741,-0.31953458725257633,0.6348039604646722,-2.6141103287044594
585,0.19191354817303363,-0.16926975271820766,0.2558965790268531,-0.7227867460384708
586,-0.0246263118896195,0.303276023011847,0.30427422068122556,1.6518195459094314
587,-0.8780515463329266,-0.24951938190611145,0.9128167614392558,-2.864717651265191
588,0.7693897918449011,0.21397341371675793,0.798589552631853,0.2712533402703637
589,0.1696741438636309,-0.19733248321273322,0.2602487733434295,-0.8606179383646408
590,-0.09870453569692472,0.7279828287582859,0.7346438486328333,1.705560866422503
591,-0.0300407290254725,0.44235561457986705,0.4433744863551733,1.638603028034226
592,4.176975068863385,1.8048539732745326,4.5502328062145505,0.40786558799036926
593,0,0,0,0
595,-3.2494016012949487,-0.5433749181161716,3.2945207645628725,-2.9759026576630587
596,0.23901410351584218,0.3221335487430679,0.401120636349321,0.9324529072806201
597,0,0,0,0
600,-1.5534555520301865,-0.5501051740060916,1.6479805382957906,-2.8012547585075205
601,2.32788626659044,1.3263473548399247,2.6792259658101334,0.5178908909346442
602,0,0,0,0
608,0,0,0,0
610,1.3001050031122077,0.03013307484093275,1.3004541596368413,0.023173267353094527
611,0,0,0,0
613,-1.4569390873760995,-0.49332234520005613,1.5381932390301243,-2.8151079060892963
614,0.05183207951768054,0.8103566492313234,0.8120126005306477,1.506921280683383
615,-0.351257691125511,-0.6917097786758859,0.775786300143711,-2.040673027591355
616,1.3785561291690556,1.3948739467524547,1.961145157452232,0.7912817187239588
617,-0.4007322359884711,-0.3176716416228942,0.5113722683639622,-2.471301647900593
618,-0.35911809804645145,0.4605070401768785,0.5839799160904166,2.233118122532722
619,0,0,0,0
621,0.11219945909545004,-0.0011626514700537882,0.1122054828417595,-0.01036199164858035
622,0.5881194750674013,-0.4217137048290738,0.723689827062823,-0.6220804585868712
623,-0.5912313855729963,0.20585678244373184,0.6260443803474726,2.806537360689582
624,-0.29126347712838196,-0.258500872859031,0.3894317839850728,-2.4157179968900175
625,3.371892843059072,1.2775679640618023,3.605806601562265,0.36217450370175747
626,0,0,0,0
629,-0.01673113984872998,-0.35709921879254125,0.3574909552742293,-1.6176150045168212
630,1.6865891159928879,0.402846539914151,1.7340323471338344,0.23445998255174008
631,-0.37970146155339535,-0.18052461001775555,0.42043112958943385,-2.6977867802919078
632,0.9333858531447277,-0.223391363918779,0.9597462437145579,-0.2349155573246287
633,0.25261677275545935,0.7312827653091176,0.7736857997375507,1.238186631591846
634,-2.306636144115487,-0.6153655440284638,2.3873091660104286,-2.8808839888468722
635,-0.17358060418871446,0.5412910221994025,0.5684419028046693,1.8811149790633197
636,4.231309427157839,1.5433301325103912,4.5039812795203025,0.3497458888516843
637,0,0,0,0
640,-2.8539970070443132,-0.2659100480272514,2.866357805623672,-3.0486897569837352
641,-0.2253065460589596,-0.35729769828708413,0.42240346222334196,-2.1334016985725963
642,-0.21544390638644018,-0.0005535812499033455,0.21544461759637776,-3.1390231679130216
643,-0.7313284906932722,0.0790882268534574,0.7355924883565108,3.0338680644665583
644,-0.16584301204102303,-0.07108136117625463,0.18043410029567047,-2.7366714001773276
645,3.3215564172836594,0.9121627228217903,3.4445286856265143,0.2680120256340152
646,-2.2611351396878945,-0.8072902574799059,2.4009268376511113,-2.798669913969605
647,1.1886561986134438,0.6833328280197293,1.3710752394932977,0.5217429237900914
648,-1.6894755736332172,-0.44978213391470945,1.748322533714005,-2.8814018228495955
649,-1.4937505809109553,0.16705250850043285,1.503062652908422,3.030221147552896
650,1.2935313432963085,0.2794556352901054,1.323374016741053,0.2127708274319214
651,0,0,0,0
653,0,0,0,0
656,-0.02576338595360994,-0.5101217108734204,0.5107718785918232,-1.6212578422221973
657,2.24197098205525,0.8151207213949192,2.385551440406422,0.3487152774986131
658,-0.629145014516098,-0.10121029601918963,0.6372338450763213,-2.982089629448521
659,3.6207409357657525,1.5098395920048802,3.9229300933760367,0.39507290329357686
660,-2.526703029331543,-0.13607741252536698,2.5303646497358425,-3.08778891091407
661,-2.4622281874052305,-1.4918851620176952,2.8789388641479365,-2.5968399386451564
662,2.999151775887981,1.6941731350532905,3.444580378848536,0.5141986780927124
663,-2.994352217472624,-1.682613664896735,3.4347247266091707,-2.629636975152268
664,0,0,0,0
666,0,0,0,0
669,0.7962030368029218,-0.025534957383229084,0.796612396252254,-0.03205992315806993
670,-1.3747107268679883,-0.79759754725427,1.5893367893407426,-2.61586445075821
671,0.36074258408598325,0.4513551210391711,0.5778033032627259,0.8965169199395838
672,0.24936620049402336,-0.8222061285970881,0.8591893969617158,-1.2763246989636563
673,-0.013502089662324579,0.04409457092958746,0.04611548124777483,1.8679383286617623
674,1.7575842543973295,-0.19061206789729113,1.7678900903997108,-0.10802895662436085
675,-1.8729889865766154,-0.5253957347281357,1.945283635336455,-2.8681093113697407
676,-0.46660520564159924,-0.04170365786887942,0.4684651673406291,-3.0524527537166932
677,0,0,0,0
679,0.2521211375674284,-0.28174274919939535,0.37807941590984234,-0.8408266545983716
680,0.35969768248730816,0.4281583370606086,0.5591976255146709,0.8720753229857385
681,-1.353517363378387,-0.7884279647869903,1.5664060484513382,-2.614137930267232
682,0.7288978871548579,0.7504395819105412,1.0461604542310343,0.79995885208869
683,1.5568463278443687,0.08363135324873383,1.5590909825179255,0.05366685624010384
684,-1.2632745236079472,-0.35668074675191974,1.3126628192724867,-2.866409658566024
685,0.5590294619465794,0.3386116755352191,0.653583817220906,0.5446099942030832
686,-0.5324832242179127,-0.5904218720546055,0.795070041615183,-2.3046431043527593
687,-0.008908959368568503,-0.18056851111941796,0.18078815438217785,-1.6200947393273728
688,0.04229532978422412,-0.2911816561662022,0.29423740722288977,-1.4265510452294312
689,1.424171346241792,0.476303046406656,1.5017085654255353,0.322748232622883
690,-1.3897726181087364,0.2118220194831224,1.4058223564813301,2.9903418110688693
691,0.6403256550851211,0.19313495546822423,0.6688184025457901,0.2929422713150679
692,0.7508008565009732,0.13901352580762705,0.7635618419486812,0.18308033626258677
693,-1.6543473973611071,-0.30037310032577125,1.6813950489265705,-2.9619833580979877
694,0.7803395099761019,-0.09368068933616769,0.7859426330109867,-0.11947939227419462
695,-1.504768547980916,-0.010197667707927849,1.504803101877211,-3.1348158561800563
696,0.6689774988229829,0.23381565142420868,0.7086611692356094,0.3362399932005289
697,-0.7651959408912035,-0.4750961011552022,0.9006892545652181,-2.585960347628588
698,2.2147298721467905,0.42511650164198045,2.2551612905838145,0.18964293848298175
699,-2.193131942902369,-0.6934320611109683,2.3001468958210745,-2.83535555684288
700,0,0,0,0
702,-0.1019360757427421,-0.20385372977466432,0.22791951799017107,-2.034480082061742
703,0.2525112020683764,0.13315554527969198,0.28546857341702,0.4852681275389466
704,-0.029372826631856697,-0.19974094370667217,0.20188909712309155,-1.7168044604331854
705,-0.24078461041540322,0.17427444424259875,0.2972352780693506,2.5150863444963587
706,0.1420958265665604,1.1215500075120417,1.130515653707588,1.4447718388310147
707,0.6616657558026873,-0.5667172999849868,0.8711888833681333,-0.708256071918622
708,-0.5518358425362067,0.10566406793981287,0.5618609190549156,2.952405212797873
709,1.4153215642962778,0.5377435733784637,1.5140354292657427,0.3630984683671023
710,-0.0979159586751166,0.0958628212472945,0.13702998015309598,2.3667893582458506
711,-0.6820911832111278,-0.1173930786890196,0.6921195829756898,-2.971154808078549
712,-0.6092164395899999,-0.03911800443324864,0.610471038246333,-3.077470325771771
713,1.0854195523627368,0.45072227377681884,1.1752813164216769,0.39358483037572156
714,-0.40746848365313326,0.021790021111314672,0.40805069561344365,3.0881669623924672
715,-1.1462985289820153,-0.2571327623202819,1.1747840546265473,-2.9209296287353133
716,0.8048253607672677,0.6683814723306227,1.0461728604246114,0.6930447020288766
717,-0.646662945468961,-0.7624199588341298,0.9997285424910247,-2.274227944130809
718,-0.0888389964087537,-0.1790779378243883,0.19990316430299457,-2.0313120420824857
719,0.5424609094169455,0.01394884944511432,0.5426402202622858,0.02570835252075241
720,-0.6643284683010506,-0.19286687942786784,0.6917585900987886,-2.859041415965857
721,0,0,0,0
723,-0.7207535659989617,0.2953578705352129,0.7789235999681324,2.752674898058857
724,0.6648068946248031,-0.4200183775219557,0.7863737308664692,-0.5634671501898303
725,-0.3955894295269218,-0.402238687049703,0.5641692637080686,-2.347860485108913
726,-0.03057886584554126,-0.15129622432129963,0.15435548105033597,-1.7702223579375056
727,2.003588659342654,0.5949061035194063,2.090043250234582,0.2886289728556318
728,-0.5753866092918543,0.05098339674600538,0.577640941153012,3.053216258651221
729,-1.0060805988546235,0.17630099422859757,1.0214108928133034,2.9681185351905954
730,0.8908757070854563,0.46723467766537397,1.0059660876431558,0.4830288714539939
731,-1.4640306473881992,-0.22540554559196835,1.4812809984859465,-2.9888298532376165
732,0.02369139636653017,0.5125533770458333,0.513100620329857,1.524606901866781
733,1.7308716358785432,-0.21034650915572684,1.7436061119997441,-0.12093333406655724
734,-1.0170383205103235,0.02461269950208589,1.017336095085218,3.1173970103961057
735,0.7771180787447065,0.09979818772336557,0.7834999595307788,0.1277218155963353
736,-1.9006639873437052,-0.7851999154891018,2.056468453458347,-2.749828421086652
737,0,0,0,0
739,0.017301121163086464,0.084803771292286,0.08655061189208399,1.3695445488407851
740,0.03467862039394731,-0.2871037956533655,0.2891905880055521,-1.4505909096381864
741,-0.7871960522447807,-0.015667067244578448,0.7873519426951416,-3.1216929105796187
742,0,0,0,0
744,0.6571210005989769,-0.5196610851858168,0.8377682572673074,-0.6691151302691156
745,-0.6574392786222916,-0.06402841047054153,0.6605498031358297,-3.044508220330895
746,2.278016574445701,0.22290926495963959,2.2888966892051226,0.09754181288119687
747,0,0,0,0
749,0.1078243332516422,-0.24618237239081964,0.26875983203807335,-1.1579783751401582
750,1.630988448166704,0.9817339333646942,1.903660903095125,0.5418342847803572
751,-1.653982440339746,-0.8478518313676204,1.858631389196268,-2.667906146406234
752,0.7343418051057142,0.20846506338023119,0.7633580872539719,0.2766031303154311
753,-0.36377963510699374,-0.005938527340958899,0.3638281036774878,-3.125269585080593
754,0.062206279593738145,0.3687885477445434,0.37399814727939984,1.4036919367436254
755,0.7921049824042257,0.20652987954218816,0.8185871329878753,0.2550568527481403
756,-0.12756833135460965,0.26171760360841745,0.29115250849534546,2.0243353628712866
757,-0.44301743537755556,0.05886311640807662,0.4469108574668749,3.0094977426160217
758,0.042147378703816685,0.1677918050105518,0.17300431023619606,1.3246993499904884
759,0.12159588917700148,-0.3683281324869654,0.3878803597065481,-1.2519322162470548
760,1.0551970548815461,0.3302140375594149,1.10565914061793,0.3032862515954573
761,-1.5304669156980708,-0.42567159982615976,1.5885607608602599,-2.8703171212384584
762,-0.890748182478319,0.1401883192225455,0.9017123096835659,2.985490435944658
763,0.7592481791690489,0.2751524172261952,0.8075683564113532,0.3476796205522663
764,0.05099164565422143,-0.15810318775544374,0.1661227434909464,-1.2588079579724927
765,1.6073043163328293,-0.26741074311735247,1.6293973336288232,-0.16486214833114016
766,0,0,0,0
768,-2.0742789391515544,-1.5197118647993193,2.5714115324894076,-2.5092910254350955
769,-2.1355486269158064,-0.5770547153946382,2.212139254767017,-2.8776815543081793
770,0,0,0,0
772,0,0,0,0
774,1.1458552883693756,0.9026117794339257,1.4586611553945428,0.6672074296152607
775,-1.6848720331249751,-0.8613085886208864,1.8922595627552767,-2.6690242993415825
776,0.2201515835298551,0.0845421157504802,0.2358263960337569,0.36665310968923814
777,-0.001376294755118579,0.4576523551478999,0.4576544246040592,1.5738036107969922
778,0.7169527968961802,0.18202640156840744,0.7396992117375809,0.24863550036422286
779,0.8638737068437194,0.27984321769224607,0.9080693849394209,0.3132728344320678
780,-1.424893616604777,0.3086782652761144,1.4579451601809008,2.9282566470726445
781,-0.0028692755744259557,-0.055989242434634434,0.056062714978194435,-1.6219984433599446
782,0.6124697353138799,-0.3150837319624884,0.688764789186311,-0.4751389615807329
783,-0.13805096042676723,0.07483332434816248,0.1570289594557327,2.6448578887036582
784,-0.6483140566552947,-0.11332997760843,0.6581449687428842,-2.968534045287339
785,0.7822289861418312,-0.29290114884952345,0.8352683818736634,-0.35828335153810303
786,-1.5365323321913138,-0.7425643500226897,1.7065560119122658,-2.69141609288096
787,1.311192935870963,0.8892408557029512,1.5842904451296904,0.5959394493213986
788,-1.416068326145819,-0.9508446937852,1.7056831874685556,-2.5502733501030064
789,-0.24536527179714085,0.9100502350128181,0.9425473711442679,1.8341514143056032
790,0,0,0,0
792,0.8051580218275376,-0.19650553710590657,0.8287906045718147,-0.23937875013555882
793,0,0,0,0
795,1.0099225450692302,0.8809904280194019,1.3401819582806358,0.7173184243537493
796,0.4006808868132339,0.18832923595141438,0.4427336379489174,0.43937973281114795
797,0,0,0,0
800,0,0,0,0
802,-0.8374977754535848,0.18334074088267016,0.8573309461095578,2.9260775906964662
803,0.7534289769503175,-0.16443173089021457,0.7711634181105546,-0.21487523383589693
804,0,0,0,0
807,-0.3538827727354601,-0.489464994461116,0.60399420331801,-2.196791773363227
808,-0.5291707589826729,0.3807490057093901,0.6519137193762585,2.5178857185949526
809,0.8962210793373515,-0.01755590550959596,0.8963930125044869,-0.019586306219393095
810,-0.892851938712397,-0.7981667507403927,1.1976037518519898,-2.4121290706282132
811,0.14742314515592625,0.2792483592083954,0.315774017056892,1.08505641780411
812,0,0,0,0
814,-0.11788663440756864,-0.2523943971058884,0.27856810704455853,-2.0077571876431466
815,-0.014530895134612365,0.19775166831726665,0.1982848184699861,1.6441450222439735
816,0.8803066002092237,-0.2941686356350601,0.928156719828777,-0.3224998695645149
817,0.721578291711694,0.29047141966816525,0.7778488778121402,0.3827028116017011
818,0,0,0,0
820,0.7073320206619655,-0.13463630043719377,0.7200316110068734,-0.18809379562772915
821,0.891118953592013,0.47350720319445827,1.0091095386170732,0.48842169216161474
822,1.1165443314703225,0.29441849165760914,1.1547092674645212,0.25781871047595584
823,-1.8451594673235832,-1.589481315024102,2.4353776525755912,-2.4304984583134104
824,0.28477818990006654,1.3585235276736967,1.38805071689969,1.3641649456373144
825,1.3828994611575354,0.36583467823425053,1.4304705279971899,0.258617524389818
826,-0.9851433798436346,0.9229176243786696,1.3499201532825957,2.3887949727929025
827,-0.11467397775891186,0.09041853997075577,0.14603298786744923,2.473913519230133
828,-0.20390921720002098,0.09215456830219182,0.22376647049566803,2.717127258725589
829,-0.14686848182475387,-0.22019636112418084,0.26468242934852837,-2.1590218344778385
830,0.5080554944196365,-0.05312701834634481,0.510825670349831,-0.10419065657665587
831,0.6667890395472114,0.21450035081585384,0.7004413064350339,0.31123654879754165
832,-1.2729028047043585,-0.9574217219974344,1.5927767903811114,-2.496713011731471
833,-0.8428340418895459,0.3324068882787401,0.9060152104369019,2.765930206608985
834,3.9096283539997785,1.1508295433710032,4.0754880081156575,0.28627244624081205
835,-3.1642818564766912,-1.5134064071812077,3.507574464002825,-2.695473160775737
836,0,0,0,0
838,0,0,0,0
840,0,0,0,0
843,-0.2413346336967379,-0.34415173405449195,0.42033655738497505,-2.18235727747821
844,0,0,0,0
846,0.7443905153041896,0.1353598034087895,0.7565973272842716,0.17987440138474736
847,0.5718291152433039,0.0710278892309475,0.5762234792930113,0.12357878620566959
848,-0.662256733211052,0.4765881794927509,0.8159168300234952,2.517804997830534
849,-0.8618756515005543,0.08146317508226275,0.8657169788932111,3.047354144015501
850,-0.30036310976731784,-0.32291309808556434,0.44101118650699905,-2.3200304964018987
851,-0.5535858587321627,0.06259392034775146,0.5571133653510089,3.0290009090870877
852,0.8425883591700085,0.27391913238488996,0.8859948273524503,0.31431553438315296
853,0.041763048102779976,0.0917039371734063,0.10076588847392338,1.1434511325653294
854,-0.40841508517462444,-0.06662223501973585,0.4138132477304474,-2.979893023359971
855,2.677807353036428,0.6874844048417117,2.764649530569205,0.25130650894772133
856,-2.861467104067515,-1.1694499936832017,3.0912145307930623,-2.7536183147772504
857,0,0,0,0
861,4.186302427713258,2.173565677419276,4.716939237506991,0.4788964105253292
862,0,0,0,0
865,3.67938218220786,1.776127093173045,4.085643241137435,0.44973175787162667
866,0,0,0,0
